{"jigsaw": {"precision": 0.9153, "recall": 0.6243, "f_beta": 0.6667, "fpr": 0.0064, "tpr": 0.6243, "confusion_matrix": {"tp": 1394, "fp": 129, "tn": 19993, "fn": 839}, "specificity": 1.0, "auc": 0.982791083650405, "class_auc": {"toxicity": 0.9835358531480488, "severe_toxicity": 0.989064308760868, "obscene": 0.9895593210969994, "threat": 0.9659940562175953, "insult": 0.9852546608423471, "identity_attack": 0.9833383018365718}}, "secondary_neutral": {"precision": 0.8139, "recall": 0.5642, "f_beta": 0.6011, "fpr": 0.0115, "tpr": 0.5642, "confusion_matrix": {"tp": 3184, "fp": 728, "tn": 62819, "fn": 2459}, "specificity": 0.9902, "auc": 0.9813301353820139, "class_auc": {"toxicity": 0.9791312516249361, "severe_toxicity": 0.9794790087371371, "obscene": 0.996170107571698, "threat": 0.9620322350687252, "insult": 0.9842414754138078, "identity_attack": 0.9869267338757797}}, "secondary_positive": {"precision": 1.0, "recall": 0.8849, "f_beta": 0.9058, "fpr": 0, "tpr": 0.8849, "confusion_matrix": {"tp": 223, "fp": 0, "tn": 0, "fn": 29}, "specificity": 0}}