{"jigsaw": {"precision": 0.9304, "recall": 0.5746, "f1": 0.7104, "auc": 0.9815491983634517, "class_auc": {"toxicity": 0.9805275101606611, "severe_toxicity": 0.988034820678948, "obscene": 0.9891731283499737, "threat": 0.968338107713276, "insult": 0.9839885472420071, "identity_attack": 0.9792330760358442}}, "secondary_neutral": {"precision": 0.8073, "recall": 0.524, "f1": 0.6355, "auc": 0.9820468940687102, "class_auc": {"toxicity": 0.9790594977835516, "severe_toxicity": 0.979908282300156, "obscene": 0.9965011740898935, "threat": 0.9651446902359152, "insult": 0.9834701119454798, "identity_attack": 0.9881976080572649}}, "secondary_positive": {"precision": 1.0, "recall": 0.7937, "f1": 0.885}}