{"jigsaw": {"precision": 0.9591, "recall": 0.515, "f1": 0.6702, "auc": 0.982791083650405, "class_auc": {"toxicity": 0.9835358531480488, "severe_toxicity": 0.989064308760868, "obscene": 0.9895593210969994, "threat": 0.9659940562175953, "insult": 0.9852546608423471, "identity_attack": 0.9833383018365718}}, "secondary_neutral": {"precision": 0.8188, "recall": 0.418, "f1": 0.5535, "auc": 0.9813301353820139, "class_auc": {"toxicity": 0.9791312516249361, "severe_toxicity": 0.9794790087371371, "obscene": 0.996170107571698, "threat": 0.9620322350687252, "insult": 0.9842414754138078, "identity_attack": 0.9869267338757797}}, "secondary_positive": {"precision": 1.0, "recall": 0.8571, "f1": 0.9231, "fpr": 0, "tpr": 0.8571, "confusion_matrix": {"tp": 216, "fp": 0, "tn": 0, "fn": 36}}}