{"jigsaw": {"precision": 0.9042, "recall": 0.6722, "f_beta": 0.7086, "specificity": 1.0, "fpr": 0.0079, "tpr": 0.6722, "confusion_matrix": {"tp": 1501, "fp": 159, "tn": 19963, "fn": 732}, "auc": 0.9827096941441574, "class_auc": {"toxicity": 0.9826742177090885, "severe_toxicity": 0.9900253083387022, "obscene": 0.9899740519510687, "threat": 0.9716603532924567, "insult": 0.9848914946862186, "identity_attack": 0.9770327388874102}}, "secondary_neutral": {"precision": 0.8123, "recall": 0.5329, "f_beta": 0.5722, "specificity": 0.991, "fpr": 0.0109, "tpr": 0.5329, "confusion_matrix": {"tp": 3007, "fp": 695, "tn": 62852, "fn": 2636}, "auc": 0.9781199957375443, "class_auc": {"toxicity": 0.9855716988428492, "severe_toxicity": 0.9775975650560244, "obscene": 0.9979097713693847, "threat": 0.9377570228786563, "insult": 0.9845590098626964, "identity_attack": 0.985324906415655}}, "secondary_positive": {"topic_4": {"precision": 1.0, "recall": 0.7238, "f_beta": 0.7661, "specificity": 0, "fpr": 0, "tpr": 0.7238, "confusion_matrix": {"tp": 76, "fp": 0, "tn": 0, "fn": 29}}, "topic_6": {"precision": 1.0, "recall": 0.6349, "f_beta": 0.6849, "specificity": 0, "fpr": 0, "tpr": 0.6349, "confusion_matrix": {"tp": 160, "fp": 0, "tn": 0, "fn": 92}}, "topic_7": {"precision": 1.0, "recall": 0.5122, "f_beta": 0.5676, "specificity": 0, "fpr": 0, "tpr": 0.5122, "confusion_matrix": {"tp": 21, "fp": 0, "tn": 0, "fn": 20}}, "topic_10": {"precision": 1.0, "recall": 0.92, "f_beta": 0.935, "specificity": 0, "fpr": 0, "tpr": 0.92, "confusion_matrix": {"tp": 23, "fp": 0, "tn": 0, "fn": 2}}, "mean": {"precision": 1.0, "recall": 0.697725, "f_beta": 0.7384000000000001, "specificity": 0.0}}}