{"jigsaw": {"precision": 0.9042, "recall": 0.6722, "f1": 0.7711, "auc": 0.9827096941441574, "class_auc": {"toxicity": 0.9826742177090885, "severe_toxicity": 0.9900253083387022, "obscene": 0.9899740519510687, "threat": 0.9716603532924567, "insult": 0.9848914946862186, "identity_attack": 0.9770327388874102}}, "secondary_neutral": {"precision": 0.8123, "recall": 0.5329, "f1": 0.6436, "auc": 0.9781199957375443, "class_auc": {"toxicity": 0.9855716988428492, "severe_toxicity": 0.9775975650560244, "obscene": 0.9979097713693847, "threat": 0.9377570228786563, "insult": 0.9845590098626964, "identity_attack": 0.985324906415655}}, "secondary_positive": {"topic_4": {"precision": 0, "recall": 0, "f1": 0, "fpr": 0, "tpr": 0, "confusion_matrix": {"tp": 0, "fp": 0, "tn": 0, "fn": 0}}, "topic_6": {"precision": 1.0, "recall": 0.6619, "f1": 0.7966, "fpr": 0, "tpr": 0.6619, "confusion_matrix": {"tp": 280, "fp": 0, "tn": 0, "fn": 143}}, "topic_7": {"precision": 0, "recall": 0, "f1": 0, "fpr": 0, "tpr": 0, "confusion_matrix": {"tp": 0, "fp": 0, "tn": 0, "fn": 0}}, "topic_10": {"precision": 0, "recall": 0, "f1": 0, "fpr": 0, "tpr": 0, "confusion_matrix": {"tp": 0, "fp": 0, "tn": 0, "fn": 0}}, "mean": {"precision": 0.25, "recall": 0.165475, "f1": 0.19915}}}