{"jigsaw": {"precision": 0.9042, "recall": 0.6722, "f1": 0.7711, "fpr": 0.0079, "tpr": 0.6722, "confusion_matrix": {"tp": 1501, "fp": 159, "tn": 19963, "fn": 732}, "auc": 0.9827096941441574, "class_auc": {"toxicity": 0.9826742177090885, "severe_toxicity": 0.9900253083387022, "obscene": 0.9899740519510687, "threat": 0.9716603532924567, "insult": 0.9848914946862186, "identity_attack": 0.9770327388874102}}, "secondary_neutral": {"precision": 0.8123, "recall": 0.5329, "f1": 0.6436, "fpr": 0.0109, "tpr": 0.5329, "confusion_matrix": {"tp": 3007, "fp": 695, "tn": 62852, "fn": 2636}, "auc": 0.9781199957375443, "class_auc": {"toxicity": 0.9855716988428492, "severe_toxicity": 0.9775975650560244, "obscene": 0.9979097713693847, "threat": 0.9377570228786563, "insult": 0.9845590098626964, "identity_attack": 0.985324906415655}}, "secondary_positive": {"precision": 1.0, "recall": 0.6619, "f1": 0.7966, "fpr": 0, "tpr": 0.6619, "confusion_matrix": {"tp": 280, "fp": 0, "tn": 0, "fn": 143}}, "secondary": {"precision": 0.3104, "recall": 0.6619, "f1": 0.4226, "fpr": 0.009, "tpr": 0.6619, "confusion_matrix": {"tp": 280, "fp": 622, "tn": 68568, "fn": 143}, "auc": 0.982444936832508, "class_auc": {"toxicity": 0.9851915867155487, "severe_toxicity": 0.9765020957231813, "obscene": 0.9978124518447185, "threat": 0.9679345973231863, "insult": 0.9821314701028601, "identity_attack": 0.9850974192855537}}}