{"num_epochs": 1, "loss": [[0, 0.8280160427093506], [10, 0.15986821055412292], [20, 0.2811543047428131], [30, 0.4705270528793335], [40, 0.19008640944957733], [50, 0.041003789752721786], [60, 0.08728915452957153], [70, 0.03625231608748436], [80, 0.04408832639455795], [90, 0.03144632279872894], [100, 0.09569766372442245], [110, 0.06339216232299805], [120, 0.08802421391010284], [130, 0.12514829635620117], [140, 0.11292325705289841], [150, 0.02178071066737175], [160, 0.01732518896460533], [170, 0.027208907529711723], [180, 0.014425601810216904], [190, 0.16054151952266693], [200, 0.22690360248088837], [210, 0.07129059731960297], [220, 0.08751806616783142], [230, 0.011821194551885128], [240, 0.030057940632104874], [250, 0.013478981330990791], [260, 0.014169402420520782], [270, 0.028627555817365646], [280, 0.008569388650357723], [290, 0.10613034665584564], [300, 0.058257848024368286], [310, 0.016151655465364456], [320, 0.013068608939647675], [330, 0.13247831165790558], [340, 0.12429632991552353], [350, 0.027942007407546043], [360, 0.03937963768839836], [370, 0.008765310049057007], [380, 0.02481149137020111], [390, 0.061280157417058945], [400, 0.027530048042535782], [410, 0.030809812247753143], [420, 0.009962613694369793], [430, 0.1248069629073143], [440, 0.06334105134010315], [450, 0.14113375544548035], [460, 0.029141394421458244], [470, 0.04423908889293671], [480, 0.08124823868274689], [490, 0.05086637660861015], [500, 0.0661611407995224], [510, 0.07772141695022583], [520, 0.14058959484100342], [530, 0.004816296510398388], [540, 0.05786031484603882], [550, 0.006859919987618923], [560, 0.09656049311161041], [570, 0.07967478036880493], [580, 0.13225030899047852], [590, 0.07597821205854416], [600, 0.0043306173756718636], [610, 0.020899716764688492], [620, 0.06696302443742752], [630, 0.013058374635875225], [640, 0.07115449756383896], [650, 0.06235673651099205], [660, 0.18523959815502167], [670, 0.06662600487470627], [680, 0.042741402983665466], [690, 0.009304480627179146], [700, 0.0407487228512764], [710, 0.003158017760142684], [720, 0.03686906769871712], [730, 0.008639859966933727], [740, 0.017697742208838463], [750, 0.008407309651374817], [760, 0.048865906894207], [770, 0.06691405177116394], [780, 0.09103012084960938], [790, 0.011526990681886673], [800, 0.003795246360823512], [810, 0.08397096395492554], [820, 0.04587941616773605], [830, 0.11332421749830246], [840, 0.003363638883456588], [850, 0.0037608593702316284], [860, 0.024114318192005157], [870, 0.02058454230427742], [880, 0.023250967264175415], [890, 0.024683697149157524], [900, 0.14034421741962433], [910, 0.208200141787529], [920, 0.03614033758640289], [930, 0.012333112768828869], [940, 0.07135297358036041], [950, 0.003929383121430874], [960, 0.06552333384752274], [970, 0.0025394305121153593], [980, 0.1326751559972763], [990, 0.16961035132408142], [1000, 0.003789869137108326], [1010, 0.06527181714773178], [1020, 0.09832792729139328], [1030, 0.006478096358478069], [1040, 0.00250899326056242], [1050, 0.032394833862781525], [1060, 0.08474904298782349], [1070, 0.1020374447107315], [1080, 0.006101121660321951], [1090, 0.41692715883255005], [1100, 0.08548392355442047], [1110, 0.1504916548728943], [1120, 0.10490362346172333], [1130, 0.005809326656162739], [1140, 0.013875499367713928], [1150, 0.015723593533039093], [1160, 0.061386674642562866], [1170, 0.18350762128829956], [1180, 0.14044559001922607], [1190, 0.15679314732551575], [1200, 0.20381465554237366], [1210, 0.016230029985308647], [1220, 0.050504423677921295], [1230, 0.0019167882855981588], [1240, 0.03232476860284805], [1250, 0.15068498253822327], [1260, 0.05170246958732605], [1270, 0.0034180376678705215], [1280, 0.0049663120880723], [1290, 0.08257847279310226], [1300, 0.1345231980085373], [1310, 0.010640351101756096], [1320, 0.06648357212543488], [1330, 0.016005247831344604], [1340, 0.007021417375653982], [1350, 0.12812364101409912], [1360, 0.04514060541987419], [1370, 0.004913288168609142], [1380, 0.07983908802270889], [1390, 0.02413836680352688], [1400, 0.049286529421806335], [1410, 0.03945249691605568], [1420, 0.05243416875600815], [1430, 0.0019094618037343025], [1440, 0.006198480725288391], [1450, 0.04464971646666527], [1460, 0.016762977465987206], [1470, 0.23435555398464203], [1480, 0.01808866299688816], [1490, 0.010630590841174126], [1500, 0.04531973600387573], [1510, 0.17905455827713013], [1520, 0.044193487614393234], [1530, 0.005761856213212013], [1540, 0.13665618002414703], [1550, 0.028071580454707146], [1560, 0.04589785262942314], [1570, 0.01681515760719776], [1580, 0.08711101114749908], [1590, 0.0637599527835846], [1600, 0.06604482233524323], [1610, 0.024790704250335693], [1620, 0.1919293999671936], [1630, 0.1824091672897339], [1640, 0.08751405775547028], [1650, 0.0016574457986280322], [1660, 0.1355023831129074], [1670, 0.06215249001979828], [1680, 0.1071886420249939], [1690, 0.08435522764921188], [1700, 0.032882094383239746], [1710, 0.0013404239434748888], [1720, 0.024226954206824303], [1730, 0.0020183799788355827], [1740, 0.0014883587136864662], [1750, 0.04490730166435242], [1760, 0.12341083586215973], [1770, 0.014443418011069298], [1780, 0.0750272125005722], [1790, 0.13766756653785706], [1800, 0.14800122380256653], [1810, 0.07557976245880127], [1820, 0.0397028848528862], [1830, 0.026225319132208824], [1840, 0.0021464796736836433], [1850, 0.02338363789021969], [1860, 0.05077909678220749], [1870, 0.14088404178619385], [1880, 0.04404118284583092], [1890, 0.10465572774410248], [1900, 0.02912890538573265], [1910, 0.02957197092473507], [1920, 0.053882256150245667], [1930, 0.022872474044561386], [1940, 0.05839022248983383], [1950, 0.01795537956058979], [1960, 0.045587293803691864], [1970, 0.00827015470713377], [1980, 0.0726289376616478], [1990, 0.0025856492575258017], [2000, 0.08191391825675964], [2010, 0.015357638709247112], [2020, 0.0011253522243350744], [2030, 0.019293084740638733], [2040, 0.0462736040353775], [2050, 0.03556224703788757], [2060, 0.002863639034330845], [2070, 0.033434078097343445], [2080, 0.0033609666861593723], [2090, 0.061808958649635315], [2100, 0.12685716152191162], [2110, 0.0015149813843891025], [2120, 0.001863278215751052], [2130, 0.09553749859333038], [2140, 0.06157439574599266], [2150, 0.09147437661886215], [2160, 0.006353640928864479], [2170, 0.009329390712082386], [2180, 0.0013483474031090736], [2190, 0.0017623098101466894], [2200, 0.08431820571422577], [2210, 0.015653563663363457], [2220, 0.06605109572410583], [2230, 0.020708590745925903], [2240, 0.07956769317388535], [2250, 0.04408739134669304], [2260, 0.0011542727006599307], [2270, 0.06761664152145386], [2280, 0.0009327612351626158], [2290, 0.02604254148900509]],