{"jigsaw": {"precision": 0.9001, "recall": 0.6296, "f1": 0.741, "fpr": 0.0078, "tpr": 0.6296, "confusion_matrix": {"tp": 1406, "fp": 156, "tn": 19966, "fn": 827}, "auc": 0.9826968536797468, "class_auc": {"toxicity": 0.9814549103961643, "severe_toxicity": 0.9886516493198465, "obscene": 0.9887267203884887, "threat": 0.9787490541597732, "insult": 0.9831458555100656, "identity_attack": 0.9754529323041433}}, "secondary_neutral": {"precision": 0.6414, "recall": 0.5403, "f1": 0.5865, "fpr": 0.0268, "tpr": 0.5403, "confusion_matrix": {"tp": 3049, "fp": 1705, "tn": 61842, "fn": 2594}, "auc": 0.9618562697099456, "class_auc": {"toxicity": 0.9764598539336345, "severe_toxicity": 0.9543249713415682, "obscene": 0.9947225667554969, "threat": 0.8908167925326917, "insult": 0.9689577108413147, "identity_attack": 0.9858557228549674}}, "secondary_positive": {"precision": 1.0, "recall": 0.8818, "f1": 0.9372, "fpr": 0, "tpr": 0.8818, "confusion_matrix": {"tp": 373, "fp": 0, "tn": 0, "fn": 50}}, "secondary": {"precision": 0.1891, "recall": 0.8818, "f1": 0.3115, "fpr": 0.0231, "tpr": 0.8818, "confusion_matrix": {"tp": 373, "fp": 1599, "tn": 67591, "fn": 50}, "auc": 0.976447099966038, "class_auc": {"toxicity": 0.9765578284310648, "severe_toxicity": 0.9734363584142557, "obscene": 0.9947339959460499, "threat": 0.9573964432741611, "insult": 0.9706350216565139, "identity_attack": 0.9859229520741828}}}