{"jigsaw": {"precision": 0.9001, "recall": 0.6296, "f_beta": 0.6699, "specificity": 1.0, "fpr": 0.0078, "tpr": 0.6296, "confusion_matrix": {"tp": 1406, "fp": 156, "tn": 19966, "fn": 827}, "auc": 0.9826968536797468, "class_auc": {"toxicity": 0.9814549103961643, "severe_toxicity": 0.9886516493198465, "obscene": 0.9887267203884887, "threat": 0.9787490541597732, "insult": 0.9831458555100656, "identity_attack": 0.9754529323041433}}, "secondary_neutral": {"precision": 0.6414, "recall": 0.5403, "f_beta": 0.5579, "specificity": 0.9769, "fpr": 0.0268, "tpr": 0.5403, "confusion_matrix": {"tp": 3049, "fp": 1705, "tn": 61842, "fn": 2594}, "auc": 0.9618562697099456, "class_auc": {"toxicity": 0.9764598539336345, "severe_toxicity": 0.9543249713415682, "obscene": 0.9947225667554969, "threat": 0.8908167925326917, "insult": 0.9689577108413147, "identity_attack": 0.9858557228549674}}, "secondary_positive": {"topic_4": {"precision": 1.0, "recall": 0.9048, "f_beta": 0.9223, "specificity": 0, "fpr": 0, "tpr": 0.9048, "confusion_matrix": {"tp": 95, "fp": 0, "tn": 0, "fn": 10}}, "topic_6": {"precision": 1.0, "recall": 0.8849, "f_beta": 0.9058, "specificity": 0, "fpr": 0, "tpr": 0.8849, "confusion_matrix": {"tp": 223, "fp": 0, "tn": 0, "fn": 29}}, "topic_7": {"precision": 1.0, "recall": 0.8049, "f_beta": 0.8376, "specificity": 0, "fpr": 0, "tpr": 0.8049, "confusion_matrix": {"tp": 33, "fp": 0, "tn": 0, "fn": 8}}, "topic_10": {"precision": 1.0, "recall": 0.88, "f_beta": 0.9016, "specificity": 0, "fpr": 0, "tpr": 0.88, "confusion_matrix": {"tp": 22, "fp": 0, "tn": 0, "fn": 3}}, "mean": {"precision": 1.0, "recall": 0.8686499999999999, "f_beta": 0.8918250000000001, "specificity": 0.0}}}