{"num_epochs": 3, "loss": [0.8132282495498657, 0.094998300075531, 0.13135692477226257, 0.1691744327545166, 0.06887047737836838, 0.10246609151363373, 0.03779233619570732, 0.057495903223752975, 0.03378593921661377, 0.01094607263803482, 0.042942386120557785, 0.13159361481666565, 0.08597934246063232, 0.024964984506368637, 0.06046038120985031, 0.03724654018878937, 0.0662800744175911, 0.07637864351272583, 0.189753457903862, 0.1822795867919922, 0.021404724568128586, 0.2602333724498749, 0.022781534120440483, 0.04871051013469696, 0.013716481626033783, 0.13970443606376648, 0.0869407206773758, 0.06577953696250916, 0.04941360279917717, 0.05261771008372307, 0.025916922837495804, 0.07018107920885086, 0.05623307451605797, 0.06067411229014397, 0.06407248973846436, 0.09491342306137085, 0.09278325736522675, 0.09330694377422333, 0.04596486687660217, 0.013139183633029461, 0.019828004762530327, 0.004531731829047203, 0.040607474744319916, 0.012381973676383495, 0.09712787717580795, 0.1436329334974289, 0.002661969279870391, 0.0270623117685318, 0.07682321220636368, 0.0724901407957077, 0.03928883373737335, 0.014188311994075775, 0.0030798264779150486, 0.05414567515254021, 0.029034890234470367, 0.034795839339494705, 0.08157570660114288, 0.06131613999605179, 0.030485201627016068, 0.03457222506403923, 0.003019232302904129, 0.07178513705730438, 0.02196645364165306, 0.06670644134283066, 0.05907423049211502, 0.035734035074710846, 0.04063526540994644, 0.02436029724776745, 0.002180075738579035, 0.04096141457557678, 0.07855896651744843, 0.06451401859521866, 0.011126602999866009, 0.035560593008995056, 0.0186879001557827, 0.0817238837480545, 0.12636727094650269, 0.03072846680879593, 0.029935985803604126, 0.038947150111198425, 0.06595051288604736, 0.005490401294082403, 0.06170378252863884, 0.05746179819107056, 0.048907406628131866, 0.0061114574782550335, 0.03535974770784378, 0.018882833421230316, 0.05011508986353874, 0.09461884200572968, 0.027016527950763702, 0.010956174694001675, 0.015189732424914837, 0.024586355313658714, 0.1150081604719162, 0.004070851486176252, 0.0706779956817627, 0.021959424018859863, 0.02388077601790428, 0.0699545294046402, 0.018850084394216537, 0.09052214026451111, 0.0050666965544223785, 0.00285940058529377, 0.027080658823251724, 0.13443702459335327, 0.07963065057992935, 0.007074782624840736, 0.16828255355358124, 0.031384214758872986, 0.05004040524363518, 0.06432556360960007, 0.03113538771867752, 0.03180275484919548, 0.08187820762395859, 0.025095444172620773, 0.11062499135732651, 0.05662783607840538, 0.02691122516989708, 0.038386162370443344, 0.1407681703567505, 0.08679436147212982, 0.0901668593287468, 0.033886317163705826, 0.021223820745944977, 0.005256773438304663, 0.042016759514808655, 0.08962308615446091, 0.16129814088344574, 0.055130910128355026, 0.0010249994229525328, 0.03728321194648743, 0.02226395532488823, 0.027970973402261734, 0.04175163805484772, 0.07399190962314606, 0.03256555274128914, 0.002197875874117017, 0.10331403464078903, 0.06237326189875603, 0.059134434908628464, 0.049636032432317734, 0.12817086279392242, 0.08487753570079803, 0.13051250576972961, 0.0566399060189724, 0.026940111070871353, 0.13540548086166382, 0.0396089144051075, 0.07334529608488083, 0.03457101061940193, 0.055899202823638916, 0.06755883991718292, 0.09180058538913727, 0.0061704195104539394, 0.0295967236161232, 0.05641200393438339, 0.0028878594748675823, 0.04808836802840233, 0.03437930345535278, 0.10028789937496185, 0.04812787473201752, 0.03800990805029869, 0.06774928420782089, 0.0039301468059420586, 0.004274462815374136, 0.08048197627067566, 0.05991926044225693, 0.0772421732544899, 0.05632108449935913, 0.04963802546262741, 0.022261669859290123, 0.012373465113341808, 0.07173774391412735, 0.014225206337869167, 0.04432288557291031, 0.06407356262207031, 0.03935070335865021, 0.14969247579574585, 0.036113202571868896, 0.03587900847196579, 0.015780009329319, 0.10244554281234741, 0.08050891757011414, 0.00196152925491333, 0.01929911971092224, 0.028841083869338036, 0.00977582298219204, 0.14004522562026978, 0.07637518644332886, 0.07710959762334824, 0.07266122102737427, 0.03858832269906998, 0.011461528949439526, 0.05092991515994072, 0.048574190586805344, 0.007219458930194378, 0.11961685121059418, 0.03163802623748779, 0.01734764501452446, 0.129306823015213, 0.1243973970413208, 0.04494693502783775, 0.015436007641255856, 0.0032911270391196012, 0.08489628881216049, 0.00735572911798954, 0.06587527692317963, 0.00689777871593833, 0.035083211958408356, 0.07104960083961487, 0.07715350389480591, 0.023488402366638184, 0.03057973086833954, 0.028334733098745346, 0.07276693731546402, 0.0280925240367651, 0.05661259591579437, 0.0627678856253624, 0.11119014024734497, 0.03242648020386696, 0.08210944384336472, 0.040475886315107346, 0.06614235043525696, 0.014837121590971947, 0.005991601385176182, 0.0029443984385579824, 0.014740179292857647, 0.0247801523655653, 0.03954451158642769, 0.08245609700679779, 0.025440631434321404, 0.009024910628795624, 0.07681459188461304, 0.019088169559836388, 0.04536852240562439, 0.07592202723026276, 0.0387776643037796, 0.0010230893967673182, 0.010469558648765087, 0.017530187964439392, 0.023075861856341362, 0.2079721987247467, 0.06631675362586975, 0.04838442802429199, 0.03452540934085846, 0.004711366258561611, 0.050445057451725006, 0.08440133184194565, 0.012155145406723022, 0.046895142644643784, 0.025168687105178833, 0.00791586097329855, 0.05880796164274216, 0.11498014628887177, 0.049543317407369614, 0.0475870780646801, 0.03162217512726784, 0.0015714424662292004, 0.02927527204155922, 0.06635792553424835, 0.048914115875959396, 0.07950533181428909, 0.06021754443645477, 0.03584572300314903, 0.027642851695418358, 0.016041377559304237, 0.1446780115365982, 0.06530390679836273, 0.06301581859588623, 0.08282406628131866, 0.08363710343837738, 0.054885100573301315, 0.05050433427095413, 0.0713413879275322, 0.0326608270406723, 0.003163587301969528, 0.13278329372406006, 0.01593601331114769, 0.16390925645828247, 0.004242495633661747, 0.0201561339199543, 0.10593285411596298, 0.05668044090270996, 0.003835623152554035, 0.019599217921495438, 0.08786337077617645, 0.09776639938354492, 0.030361954122781754, 0.075191430747509, 0.045209407806396484, 0.06259270012378693, 0.12233026325702667, 0.012779186479747295, 0.027935419231653214, 0.06604205816984177, 0.0021828385069966316, 0.03279171139001846, 0.19928783178329468, 0.024994364008307457, 0.11218491196632385, 0.05114467442035675, 0.0020743543282151222, 0.02992844209074974, 0.049307823181152344, 0.050244253128767014, 0.010349899530410767, 0.03187926858663559, 0.04897179454565048, 0.05608972907066345, 0.015125371515750885, 0.05292433500289917, 0.049363039433956146, 0.07877196371555328, 0.04311196133494377, 0.032540660351514816, 0.13323640823364258, 0.0020233620889484882, 0.007116363849490881, 0.11514924466609955, 0.09894689917564392, 0.018427401781082153, 0.1171310767531395, 0.0426379069685936, 0.18761424720287323, 0.03554390370845795, 0.1263594627380371, 0.0030175307765603065, 0.013831141404807568, 0.02080908976495266, 0.16360831260681152, 0.02552460879087448, 0.053810328245162964, 0.015077207237482071, 0.04234597086906433, 0.00992184691131115],