{"jigsaw": {"precision": 0.8991, "recall": 0.6305, "f_beta": 0.6706, "fpr": 0.0079, "tpr": 0.6305, "confusion_matrix": {"tp": 1408, "fp": 158, "tn": 19964, "fn": 825}, "specificity": 1.0, "auc": 0.9830276120614445, "class_auc": {"toxicity": 0.9828932704516157, "severe_toxicity": 0.989040543033898, "obscene": 0.9896841537825374, "threat": 0.9717961811955886, "insult": 0.9849255989649155, "identity_attack": 0.9798259249401118}}, "secondary_neutral": {"precision": 0.8525, "recall": 0.6348, "f_beta": 0.6689, "fpr": 0.0098, "tpr": 0.6348, "confusion_matrix": {"tp": 3582, "fp": 620, "tn": 62927, "fn": 2061}, "specificity": 0.9963, "auc": 0.9828669846044287, "class_auc": {"toxicity": 0.9837492366597034, "severe_toxicity": 0.9849841786878448, "obscene": 0.9977326937540997, "threat": 0.951510615072735, "insult": 0.9888372695125458, "identity_attack": 0.9903879139396434}}, "secondary_positive": {"precision": 1.0, "recall": 0.6865, "f_beta": 0.7324, "fpr": 0, "tpr": 0.6865, "confusion_matrix": {"tp": 173, "fp": 0, "tn": 0, "fn": 79}, "specificity": 0}}