{"jigsaw": {"precision": 1.0, "recall": 0.0022, "f1": 0.0045, "auc": 0.9830276120614445, "class_auc": {"toxicity": 0.9828932704516157, "severe_toxicity": 0.989040543033898, "obscene": 0.9896841537825374, "threat": 0.9717961811955886, "insult": 0.9849255989649155, "identity_attack": 0.9798259249401118}}, "secondary_neutral": {"precision": 1.0, "recall": 0.0069, "f1": 0.0137, "auc": 0.9828669846044287, "class_auc": {"toxicity": 0.9837492366597034, "severe_toxicity": 0.9849841786878448, "obscene": 0.9977326937540997, "threat": 0.951510615072735, "insult": 0.9888372695125458, "identity_attack": 0.9903879139396434}}, "secondary_positive": {"precision": 0, "recall": 0.0, "f1": 0, "fpr": 0, "tpr": 0.0, "confusion_matrix": {"tp": 0, "fp": 0, "tn": 0, "fn": 252}}}