{"num_epochs": 1, "loss": [[0, 0.7807576060295105], [10, 0.5384735465049744], [20, 0.5112393498420715], [30, 0.2844896912574768], [40, 0.3932994306087494], [50, 0.36205753684043884], [60, 0.21117554605007172], [70, 0.2886045277118683], [80, 0.14441460371017456], [90, 0.21534010767936707], [100, 0.35308536887168884], [110, 0.32451027631759644], [120, 0.2761894762516022], [130, 0.17422465980052948], [140, 0.05815518647432327], [150, 0.1415197253227234], [160, 0.22383341193199158], [170, 0.11731650680303574], [180, 0.17968051135540009], [190, 0.19922661781311035], [200, 0.4164888262748718], [210, 0.1196979433298111], [220, 0.1259155124425888], [230, 0.11246854066848755], [240, 0.3184555768966675], [250, 0.2336663007736206], [260, 0.05374007672071457], [270, 0.2627694010734558], [280, 0.1090109795331955], [290, 0.046197813004255295], [300, 0.08366440236568451], [310, 0.09573954343795776], [320, 0.04724208638072014], [330, 0.1023385226726532], [340, 0.294310986995697], [350, 0.11238029599189758], [360, 0.07611291855573654], [370, 0.2208489179611206], [380, 0.21498213708400726], [390, 0.2636716365814209], [400, 0.2368505597114563], [410, 0.02424158900976181], [420, 0.09757791459560394], [430, 0.1481054127216339], [440, 0.02372743748128414], [450, 0.03758789971470833], [460, 0.15992014110088348], [470, 0.1625736951828003], [480, 0.016401275992393494], [490, 0.018380463123321533], [500, 0.0386006161570549], [510, 0.04447529837489128], [520, 0.08629271388053894], [530, 0.05257708951830864], [540, 0.07374879717826843], [550, 0.03247283026576042], [560, 0.15185782313346863], [570, 0.08005177974700928], [580, 0.04396454617381096], [590, 0.058767691254615784], [600, 0.06271545588970184], [610, 0.15364325046539307], [620, 0.08009570837020874], [630, 0.10912589728832245], [640, 0.11518155038356781], [650, 0.11730506271123886], [660, 0.1476956009864807], [670, 0.033035777509212494], [680, 0.09900091588497162], [690, 0.03260621428489685], [700, 0.023725120350718498], [710, 0.04675450176000595], [720, 0.06784496456384659], [730, 0.011059880256652832], [740, 0.042045094072818756], [750, 0.09408128261566162], [760, 0.05647120624780655], [770, 0.1027766689658165], [780, 0.14548534154891968], [790, 0.06566569209098816], [800, 0.21969664096832275], [810, 0.01689314842224121], [820, 0.09642776101827621], [830, 0.022038942202925682], [840, 0.013509998098015785], [850, 0.20951008796691895], [860, 0.10117977112531662], [870, 0.010114578530192375], [880, 0.08111317455768585], [890, 0.05651138350367546], [900, 0.2978833317756653], [910, 0.27421462535858154], [920, 0.07142100483179092], [930, 0.080267533659935], [940, 0.14405329525470734], [950, 0.07615186274051666], [960, 0.021328579634428024], [970, 0.018038911744952202], [980, 0.2059222161769867], [990, 0.053881388157606125], [1000, 0.19753411412239075], [1010, 0.05925048515200615], [1020, 0.0100630521774292], [1030, 0.10180577635765076], [1040, 0.13428008556365967], [1050, 0.07671428471803665], [1060, 0.04892098158597946], [1070, 0.015851346775889397], [1080, 0.09399434179067612], [1090, 0.11128012835979462], [1100, 0.016649380326271057], [1110, 0.22194445133209229], [1120, 0.046551357954740524], [1130, 0.050289809703826904], [1140, 0.17335233092308044], [1150, 0.0662359818816185], [1160, 0.006390927359461784], [1170, 0.07809604704380035], [1180, 0.13885092735290527], [1190, 0.05137151479721069], [1200, 0.02541854791343212], [1210, 0.11730285733938217], [1220, 0.017994431778788567], [1230, 0.17938727140426636], [1240, 0.029342394322156906], [1250, 0.0879983901977539], [1260, 0.21077583730220795], [1270, 0.13684827089309692], [1280, 0.0225451048463583], [1290, 0.1114698052406311], [1300, 0.10120972245931625], [1310, 0.006376573815941811], [1320, 0.0584183931350708], [1330, 0.04259669780731201], [1340, 0.05887369439005852], [1350, 0.04218607395887375], [1360, 0.019792985171079636], [1370, 0.3519485890865326], [1380, 0.012387368828058243], [1390, 0.1231689304113388], [1400, 0.08763538300991058], [1410, 0.04431043565273285], [1420, 0.03468284010887146], [1430, 0.29661983251571655], [1440, 0.008721210062503815], [1450, 0.176141619682312], [1460, 0.08247360587120056], [1470, 0.26495739817619324], [1480, 0.26353442668914795], [1490, 0.028490696102380753], [1500, 0.010822775773704052], [1510, 0.13255895674228668], [1520, 0.08731331676244736], [1530, 0.02384061925113201], [1540, 0.06735057383775711], [1550, 0.0024990702513605356], [1560, 0.462592214345932], [1570, 0.11027169227600098], [1580, 0.1890479028224945], [1590, 0.11469801515340805], [1600, 0.023730967193841934], [1610, 0.0016118010971695185], [1620, 0.11461953818798065], [1630, 0.045975469052791595], [1640, 0.01835705153644085], [1650, 0.017211221158504486], [1660, 0.058529507368803024], [1670, 0.016695652157068253], [1680, 0.14515970647335052], [1690, 0.12826088070869446], [1700, 0.018888380378484726], [1710, 0.04341597482562065], [1720, 0.0031758497934788465], [1730, 0.005784779787063599], [1740, 0.019152795895934105], [1750, 0.15496645867824554], [1760, 0.13486140966415405], [1770, 0.07241689413785934], [1780, 0.10025905817747116], [1790, 0.06097358092665672], [1800, 0.08738373219966888], [1810, 0.005625393241643906], [1820, 0.15303076803684235], [1830, 0.0457686185836792], [1840, 0.1409265398979187], [1850, 0.011463873088359833], [1860, 0.06159615516662598], [1870, 0.0034766008611768484], [1880, 0.048041488975286484], [1890, 0.013880121521651745], [1900, 0.05426051467657089], [1910, 0.038167499005794525], [1920, 0.0685415267944336], [1930, 0.044024087488651276], [1940, 0.08342085778713226], [1950, 0.15061354637145996], [1960, 0.023070335388183594], [1970, 0.005525664892047644], [1980, 0.09147297590970993], [1990, 0.010364613495767117], [2000, 0.030128737911581993], [2010, 0.13096635043621063], [2020, 0.04184381291270256], [2030, 0.025919726118445396], [2040, 0.027669137343764305], [2050, 0.02256227284669876], [2060, 0.05544695258140564], [2070, 0.018221387639641762], [2080, 0.10158248245716095], [2090, 0.00251826923340559], [2100, 0.020971760153770447], [2110, 0.005063191056251526], [2120, 0.02344096451997757], [2130, 0.004565970040857792], [2140, 0.00636728759855032], [2150, 0.028296183794736862], [2160, 0.015111371874809265], [2170, 0.19307208061218262], [2180, 0.027998577803373337], [2190, 0.004469487816095352], [2200, 0.00607162294909358], [2210, 0.04605858772993088], [2220, 0.07099145650863647], [2230, 0.0061326827853918076], [2240, 0.05939534306526184], [2250, 0.020918261259794235], [2260, 0.005628147628158331], [2270, 0.15179185569286346], [2280, 0.059565238654613495], [2290, 0.06601948291063309], [2300, 0.0467793345451355], [2310, 0.0182123314589262], [2320, 0.03938600420951843], [2330, 0.10367773473262787], [2340, 0.023571502417325974], [2350, 0.10894209146499634], [2360, 0.023751717060804367], [2370, 0.08118057250976562], [2380, 0.007474897429347038], [2390, 0.11522582173347473], [2400, 0.2504369616508484], [2410, 0.03565160930156708], [2420, 0.07341611385345459], [2430, 0.004907902795821428], [2440, 0.006110047921538353], [2450, 0.014289113692939281], [2460, 0.47326016426086426], [2470, 0.03455618768930435], [2480, 0.01589030586183071], [2490, 0.10223826766014099], [2500, 0.11285736411809921], [2510, 0.06695001572370529], [2520, 0.16488106548786163], [2530, 0.019325055181980133], [2540, 0.04786032438278198], [2550, 0.09131281077861786], [2560, 0.04585174471139908], [2570, 0.002659169025719166], [2580, 0.07083481550216675], [2590, 0.11865656822919846], [2600, 0.009327837266027927], [2610, 0.0020111429039388895], [2620, 0.06637837737798691], [2630, 0.20619067549705505], [2640, 0.06587433069944382], [2650, 0.028262710198760033], [2660, 0.00693214638158679], [2670, 0.023628612980246544], [2680, 0.11469733715057373]],