{"num_epochs": 5, "loss": [[8988, 0.03116219863295555], [8998, 0.023443959653377533], [9008, 0.00019846271607093513], [9018, 0.048546161502599716], [9028, 0.0003236601478420198], [9038, 0.08588171005249023], [9048, 0.0297467689961195], [9058, 0.04165119677782059], [9068, 0.043695077300071716], [9078, 0.004073633812367916], [9088, 0.07388947159051895], [9098, 0.005649079568684101], [9108, 0.06721181422472], [9118, 0.0008427348802797496], [9128, 0.1746671497821808], [9138, 0.05710810050368309], [9148, 0.001288853120058775], [9158, 0.06510065495967865], [9168, 0.007225171662867069], [9178, 0.01145341619849205], [9188, 0.05223426967859268], [9198, 0.00018853385699912906], [9208, 0.004039702471345663], [9218, 0.02484608069062233], [9228, 0.07893051952123642], [9238, 0.00043281889520585537], [9248, 0.013178950175642967], [9258, 0.10467555373907089], [9268, 0.01205980684608221], [9278, 0.005404702387750149], [9288, 0.0020031763706356287], [9298, 0.0034044794738292694], [9308, 0.05181616544723511], [9318, 0.14942865073680878], [9328, 0.14149920642375946], [9338, 0.008078235201537609], [9348, 0.03362468257546425], [9358, 0.035495512187480927], [9368, 0.0055934349074959755], [9378, 0.031002603471279144], [9388, 0.02160107158124447], [9398, 0.008982496336102486], [9408, 0.0036960940342396498], [9418, 0.1127910241484642], [9428, 0.0031938578467816114], [9438, 0.006285111885517836], [9448, 0.003567524952813983], [9458, 0.02106284163892269], [9468, 0.00036746051046065986], [9478, 0.000679237418808043], [9488, 0.06830282509326935], [9498, 0.10675877332687378], [9508, 0.0005826223641633987], [9518, 0.013121649622917175], [9528, 0.000496186432428658], [9538, 0.0007771839736960828], [9548, 0.011591016314923763], [9558, 0.011352142319083214], [9568, 0.00022495095618069172], [9578, 0.02658674493432045], [9588, 0.014330561272799969], [9598, 0.006017108913511038], [9608, 0.03177282214164734], [9618, 0.1534969061613083], [9628, 0.015547017566859722], [9638, 0.0751148983836174], [9648, 0.02195141278207302], [9658, 0.01555979810655117], [9668, 0.17058086395263672], [9678, 0.0014272344997152686], [9688, 0.00021807634038850665], [9698, 0.0021896897815167904], [9708, 0.029354915022850037], [9718, 0.021767526865005493], [9728, 0.005341952666640282], [9738, 0.038457319140434265], [9748, 0.08494071662425995], [9758, 0.00676475465297699], [9768, 0.03249151259660721], [9778, 0.0001729537470964715], [9788, 0.0002461810363456607], [9798, 0.00019254958897363394], [9808, 0.007885390892624855], [9818, 0.11928140372037888], [9828, 0.0025206517893821], [9838, 0.005872144363820553], [9848, 0.00019346806220710278], [9858, 0.03532376512885094], [9868, 0.1302836835384369], [9878, 0.00026650854852050543], [9888, 0.0005642165779136121], [9898, 0.012214338406920433], [9908, 0.02730097435414791], [9918, 0.054224468767642975], [9928, 0.047827452421188354], [9938, 0.000416936440160498], [9948, 0.0036696228198707104], [9958, 0.006796553265303373], [9968, 0.002649931004270911], [9978, 0.003215532749891281], [9988, 0.0006509220693260431], [9998, 0.008259212598204613], [10008, 0.006916475482285023], [10018, 0.11577209830284119], [10028, 0.037736229598522186], [10038, 0.000654085073620081], [10048, 0.01580689288675785], [10058, 0.018142828717827797], [10068, 0.030020833015441895], [10078, 0.0028062262572348118], [10088, 0.028684046119451523], [10098, 0.005354856140911579], [10108, 0.039730750024318695], [10118, 0.0009861296275630593], [10128, 0.010147055611014366], [10138, 0.07267488539218903], [10148, 0.04462766274809837], [10158, 0.001228424021974206], [10168, 0.02899637632071972], [10178, 0.0517648421227932], [10188, 0.029092345386743546], [10198, 0.0670911893248558], [10208, 0.00017857117927633226], [10218, 0.05190609022974968], [10228, 0.00022423153859563172], [10238, 0.0006846616743132472], [10248, 0.0005944304866716266], [10258, 0.0004137975047342479], [10268, 0.0001881141506601125], [10278, 0.001004484947770834], [10288, 0.00022673321655020118], [10298, 0.0004030975396744907], [10308, 0.0002562311419751495], [10318, 0.06567080318927765], [10328, 0.00042774397297762334], [10338, 0.029640838503837585], [10348, 0.0005912540946155787], [10358, 0.01859314739704132], [10368, 0.0017773781437426805], [10378, 0.011109485290944576], [10388, 0.03452169895172119], [10398, 0.00909702479839325], [10408, 0.02658388391137123], [10418, 0.008717193268239498], [10428, 0.0202946774661541], [10438, 0.0024357198271900415], [10448, 0.0008510623592883348], [10458, 0.006618424318730831], [10468, 0.04421990364789963], [10478, 0.022165939211845398], [10488, 0.03129388019442558], [10498, 0.0012529517989605665], [10508, 0.0189453586935997], [10518, 0.008923884481191635], [10528, 0.00027693045558407903], [10538, 0.03062962368130684], [10548, 0.038906604051589966], [10558, 0.0013329231878742576], [10568, 0.05554145574569702], [10578, 0.01985136792063713], [10588, 0.03541947528719902], [10598, 0.05050619691610336], [10608, 0.0011109714396297932], [10618, 0.010672912001609802], [10628, 0.04270390793681145], [10638, 0.12305736541748047], [10648, 0.055406101047992706], [10658, 0.0030797922518104315], [10668, 0.02298596128821373], [10678, 0.09161540865898132], [10688, 0.012832685373723507], [10698, 0.020703718066215515], [10708, 0.0003160385531373322], [10718, 0.00019445817451924086], [10728, 0.0006388739566318691], [10738, 0.006810422521084547], [10748, 0.043636977672576904], [10758, 0.007479398977011442], [10768, 0.0008921280386857688], [10778, 0.022511376067996025], [10788, 0.002243682276457548], [10798, 0.028442507609725], [10808, 0.027905819937586784], [10818, 0.018045831471681595], [10828, 0.046473197638988495], [10838, 0.014779172837734222], [10848, 0.04825706407427788], [10858, 0.000328676775097847], [10868, 0.0025902935303747654], [10878, 0.0012512614484876394], [10888, 0.12341701984405518], [10898, 0.001451066113077104], [10908, 0.00040747050661593676], [10918, 0.02370952069759369], [10928, 0.034031301736831665], [10938, 0.0003613957669585943], [10948, 0.0008296032901853323], [10958, 0.00340768089517951], [10968, 0.00047820486361160874], [10978, 0.0022136124316602945], [10988, 0.0015184602234512568], [10998, 0.02030857466161251], [11008, 0.03176207095384598], [11018, 0.020190751180052757], [11028, 0.01788538694381714], [11038, 0.03439781814813614], [11048, 0.00015974720008671284], [11058, 0.008931048214435577], [11068, 0.0033141111489385366], [11078, 0.0532110296189785], [11088, 0.09857204556465149], [11098, 0.0051278178580105305], [11108, 0.0020472684409469366], [11118, 0.017597263678908348], [11128, 0.028661683201789856], [11138, 0.00026069037267006934], [11148, 0.0031277905218303204], [11158, 0.0001840954937506467], [11168, 0.09358461946249008], [11178, 0.03978900611400604], [11188, 0.15309113264083862], [11198, 0.02573389932513237], [11208, 0.07007336616516113], [11218, 0.00018026672478299588], [11228, 0.005535590462386608]],