{"jigsaw": {"precision": 0.9097, "recall": 0.6543, "f1": 0.7611, "auc": 0.9828120620524045, "class_auc": {"toxicity": 0.9828411716730778, "severe_toxicity": 0.9883757508349332, "obscene": 0.9888551323000612, "threat": 0.9758756819085395, "insult": 0.9846801142598687, "identity_attack": 0.9762445213379469}}, "secondary_neutral": {"precision": 0.6602, "recall": 0.6009, "f1": 0.6292, "auc": 0.9650717745682375, "class_auc": {"toxicity": 0.9818375942239012, "severe_toxicity": 0.9499866823370274, "obscene": 0.9966003049024079, "threat": 0.9114408318296243, "insult": 0.963131808732361, "identity_attack": 0.9874334253841028}}, "secondary_positive": {"topic_4": {"precision": 0, "recall": 0, "f1": 0, "fpr": 0, "tpr": 0, "confusion_matrix": {"tp": 0, "fp": 0, "tn": 0, "fn": 0}}, "topic_6": {"precision": 1.0, "recall": 0.8723, "f1": 0.9318, "fpr": 0, "tpr": 0.8723, "confusion_matrix": {"tp": 369, "fp": 0, "tn": 0, "fn": 54}}, "topic_7": {"precision": 0, "recall": 0, "f1": 0, "fpr": 0, "tpr": 0, "confusion_matrix": {"tp": 0, "fp": 0, "tn": 0, "fn": 0}}, "topic_10": {"precision": 0, "recall": 0, "f1": 0, "fpr": 0, "tpr": 0, "confusion_matrix": {"tp": 0, "fp": 0, "tn": 0, "fn": 0}}, "mean": {"precision": 0.25, "recall": 0.218075, "f1": 0.23295}}}