{"jigsaw": {"precision": 0.9097, "recall": 0.6543, "f1": 0.7611, "fpr": 0.0072, "tpr": 0.6543, "confusion_matrix": {"tp": 1461, "fp": 145, "tn": 19977, "fn": 772}, "auc": 0.9828120620524045, "class_auc": {"toxicity": 0.9828411716730778, "severe_toxicity": 0.9883757508349332, "obscene": 0.9888551323000612, "threat": 0.9758756819085395, "insult": 0.9846801142598687, "identity_attack": 0.9762445213379469}}, "secondary_neutral": {"precision": 0.6602, "recall": 0.6009, "f1": 0.6292, "fpr": 0.0275, "tpr": 0.6009, "confusion_matrix": {"tp": 3391, "fp": 1745, "tn": 61802, "fn": 2252}, "auc": 0.9650717745682375, "class_auc": {"toxicity": 0.9818375942239012, "severe_toxicity": 0.9499866823370274, "obscene": 0.9966003049024079, "threat": 0.9114408318296243, "insult": 0.963131808732361, "identity_attack": 0.9874334253841028}}, "secondary_positive": {"precision": 1.0, "recall": 0.8723, "f1": 0.9318, "fpr": 0, "tpr": 0.8723, "confusion_matrix": {"tp": 369, "fp": 0, "tn": 0, "fn": 54}}, "secondary": {"precision": 0.1857, "recall": 0.8723, "f1": 0.3062, "fpr": 0.0234, "tpr": 0.8723, "confusion_matrix": {"tp": 369, "fp": 1618, "tn": 67572, "fn": 54}, "auc": 0.9797248462726474, "class_auc": {"toxicity": 0.9818831791442051, "severe_toxicity": 0.9783275849951318, "obscene": 0.9965898460047928, "threat": 0.9661148886965183, "insult": 0.9680203450098886, "identity_attack": 0.9874132337853473}}}