{"jigsaw": {"precision": 0.9097, "recall": 0.6543, "f_beta": 0.6932, "specificity": 1.0, "fpr": 0.0072, "tpr": 0.6543, "confusion_matrix": {"tp": 1461, "fp": 145, "tn": 19977, "fn": 772}, "auc": 0.9828120620524045, "class_auc": {"toxicity": 0.9828411716730778, "severe_toxicity": 0.9883757508349332, "obscene": 0.9888551323000612, "threat": 0.9758756819085395, "insult": 0.9846801142598687, "identity_attack": 0.9762445213379469}}, "secondary_neutral": {"precision": 0.6602, "recall": 0.6009, "f_beta": 0.6119, "specificity": 0.9766, "fpr": 0.0275, "tpr": 0.6009, "confusion_matrix": {"tp": 3391, "fp": 1745, "tn": 61802, "fn": 2252}, "auc": 0.9650717745682375, "class_auc": {"toxicity": 0.9818375942239012, "severe_toxicity": 0.9499866823370274, "obscene": 0.9966003049024079, "threat": 0.9114408318296243, "insult": 0.963131808732361, "identity_attack": 0.9874334253841028}}, "secondary_positive": {"topic_4": {"precision": 1.0, "recall": 0.8762, "f_beta": 0.8984, "specificity": 0, "fpr": 0, "tpr": 0.8762, "confusion_matrix": {"tp": 92, "fp": 0, "tn": 0, "fn": 13}}, "topic_6": {"precision": 1.0, "recall": 0.8651, "f_beta": 0.8891, "specificity": 0, "fpr": 0, "tpr": 0.8651, "confusion_matrix": {"tp": 218, "fp": 0, "tn": 0, "fn": 34}}, "topic_7": {"precision": 1.0, "recall": 0.8537, "f_beta": 0.8794, "specificity": 0, "fpr": 0, "tpr": 0.8537, "confusion_matrix": {"tp": 35, "fp": 0, "tn": 0, "fn": 6}}, "topic_10": {"precision": 1.0, "recall": 0.96, "f_beta": 0.9677, "specificity": 0, "fpr": 0, "tpr": 0.96, "confusion_matrix": {"tp": 24, "fp": 0, "tn": 0, "fn": 1}}, "mean": {"precision": 1.0, "recall": 0.8887499999999999, "f_beta": 0.90865, "specificity": 0.0}}}