{"jigsaw": {"precision": 0.909, "recall": 0.6355, "f1": 0.748, "auc": 0.9808269604510859, "class_auc": {"toxicity": 0.9808097157645493, "severe_toxicity": 0.9851680258501972, "obscene": 0.9892301471433219, "threat": 0.9656967505068771, "insult": 0.9829397425525632, "identity_attack": 0.9811173808890072}}, "secondary_neutral": {"precision": 0.7541, "recall": 0.5979, "f1": 0.667, "auc": 0.9750876389543484, "class_auc": {"toxicity": 0.9828608217493578, "severe_toxicity": 0.9741523008294823, "obscene": 0.997210931328641, "threat": 0.9277618124707612, "insult": 0.9777800537681072, "identity_attack": 0.9907599135797401}}, "secondary_positive": {"topic_4": {"precision": 0, "recall": 0, "f1": 0, "fpr": 0, "tpr": 0, "confusion_matrix": {"tp": 0, "fp": 0, "tn": 0, "fn": 0}}, "topic_6": {"precision": 1.0, "recall": 0.7825, "f1": 0.878, "fpr": 0, "tpr": 0.7825, "confusion_matrix": {"tp": 331, "fp": 0, "tn": 0, "fn": 92}}, "topic_7": {"precision": 0, "recall": 0, "f1": 0, "fpr": 0, "tpr": 0, "confusion_matrix": {"tp": 0, "fp": 0, "tn": 0, "fn": 0}}, "topic_10": {"precision": 0, "recall": 0, "f1": 0, "fpr": 0, "tpr": 0, "confusion_matrix": {"tp": 0, "fp": 0, "tn": 0, "fn": 0}}, "mean": {"precision": 0.25, "recall": 0.195625, "f1": 0.2195}}}