{"jigsaw": {"precision": 0.909, "recall": 0.6355, "f_beta": 0.6762, "specificity": 1.0, "fpr": 0.0071, "tpr": 0.6355, "confusion_matrix": {"tp": 1419, "fp": 142, "tn": 19980, "fn": 814}, "auc": 0.9808269604510859, "class_auc": {"toxicity": 0.9808097157645493, "severe_toxicity": 0.9851680258501972, "obscene": 0.9892301471433219, "threat": 0.9656967505068771, "insult": 0.9829397425525632, "identity_attack": 0.9811173808890072}}, "secondary_neutral": {"precision": 0.7541, "recall": 0.5979, "f_beta": 0.6238, "specificity": 0.9863, "fpr": 0.0173, "tpr": 0.5979, "confusion_matrix": {"tp": 3374, "fp": 1100, "tn": 62447, "fn": 2269}, "auc": 0.9750876389543484, "class_auc": {"toxicity": 0.9828608217493578, "severe_toxicity": 0.9741523008294823, "obscene": 0.997210931328641, "threat": 0.9277618124707612, "insult": 0.9777800537681072, "identity_attack": 0.9907599135797401}}, "secondary_positive": {"topic_4": {"precision": 1.0, "recall": 0.8571, "f_beta": 0.8824, "specificity": 0, "fpr": 0, "tpr": 0.8571, "confusion_matrix": {"tp": 90, "fp": 0, "tn": 0, "fn": 15}}, "topic_6": {"precision": 1.0, "recall": 0.754, "f_beta": 0.793, "specificity": 0, "fpr": 0, "tpr": 0.754, "confusion_matrix": {"tp": 190, "fp": 0, "tn": 0, "fn": 62}}, "topic_7": {"precision": 1.0, "recall": 0.6829, "f_beta": 0.7292, "specificity": 0, "fpr": 0, "tpr": 0.6829, "confusion_matrix": {"tp": 28, "fp": 0, "tn": 0, "fn": 13}}, "topic_10": {"precision": 1.0, "recall": 0.92, "f_beta": 0.935, "specificity": 0, "fpr": 0, "tpr": 0.92, "confusion_matrix": {"tp": 23, "fp": 0, "tn": 0, "fn": 2}}, "mean": {"precision": 1.0, "recall": 0.8035, "f_beta": 0.8349, "specificity": 0.0}}}