{"jigsaw": {"precision": 0.9827, "recall": 0.4326, "f1": 0.6007, "auc": 0.9809866794588812, "class_auc": {"toxicity": 0.9828498703500673, "severe_toxicity": 0.990224508341122, "obscene": 0.9898883802091999, "threat": 0.9569285638501905, "insult": 0.9854376795638816, "identity_attack": 0.9805910744388253}}, "secondary_neutral": {"precision": 0.8416, "recall": 0.289, "f1": 0.4303, "auc": 0.9822712121169128, "class_auc": {"toxicity": 0.9829325323386406, "severe_toxicity": 0.9843548275590411, "obscene": 0.9968286369372582, "threat": 0.9546498028470225, "insult": 0.9860079386695542, "identity_attack": 0.9888535343499603}}, "secondary_positive": {"precision": 1.0, "recall": 0.7976, "f1": 0.8874, "fpr": 0, "tpr": 0.7976, "confusion_matrix": {"tp": 201, "fp": 0, "tn": 0, "fn": 51}}}