{"jigsaw": {"precision": 0.9127, "recall": 0.6225, "f_beta": 0.6648, "fpr": 0.0066, "tpr": 0.6225, "confusion_matrix": {"tp": 1390, "fp": 133, "tn": 19989, "fn": 843}, "specificity": 1.0, "auc": 0.979689184772217, "class_auc": {"toxicity": 0.9798218678862661, "severe_toxicity": 0.989829997273423, "obscene": 0.9898671728164405, "threat": 0.9569451779928484, "insult": 0.984453964264004, "identity_attack": 0.9772169284003194}}, "secondary_neutral": {"precision": 0.8282, "recall": 0.4827, "f_beta": 0.5267, "fpr": 0.0089, "tpr": 0.4827, "confusion_matrix": {"tp": 2724, "fp": 565, "tn": 62982, "fn": 2919}, "specificity": 0.9926, "auc": 0.9742900096909803, "class_auc": {"toxicity": 0.9790242933632785, "severe_toxicity": 0.9750881993715778, "obscene": 0.9975094055310934, "threat": 0.9236854240459802, "insult": 0.9821212309193975, "identity_attack": 0.9883115049145543}}, "secondary_positive": {"precision": 1.0, "recall": 0.7857, "f_beta": 0.8209, "fpr": 0, "tpr": 0.7857, "confusion_matrix": {"tp": 198, "fp": 0, "tn": 0, "fn": 54}, "specificity": 0}}