{"jigsaw": {"precision": 1.0, "recall": 0.0828, "f1": 0.153, "auc": 0.979689184772217, "class_auc": {"toxicity": 0.9798218678862661, "severe_toxicity": 0.989829997273423, "obscene": 0.9898671728164405, "threat": 0.9569451779928484, "insult": 0.984453964264004, "identity_attack": 0.9772169284003194}}, "secondary_neutral": {"precision": 0.992, "recall": 0.022, "f1": 0.043, "auc": 0.9742900096909803, "class_auc": {"toxicity": 0.9790242933632785, "severe_toxicity": 0.9750881993715778, "obscene": 0.9975094055310934, "threat": 0.9236854240459802, "insult": 0.9821212309193975, "identity_attack": 0.9883115049145543}}, "secondary_positive": {"precision": 1.0, "recall": 0.004, "f1": 0.0079, "fpr": 0, "tpr": 0.004, "confusion_matrix": {"tp": 1, "fp": 0, "tn": 0, "fn": 251}}}