{"jigsaw": {"precision": 0.9099, "recall": 0.6561, "f1": 0.7624, "auc": 0.9827244436981285, "class_auc": {"toxicity": 0.9830230043392639, "severe_toxicity": 0.9894936042107683, "obscene": 0.9870452306219745, "threat": 0.9718579741472282, "insult": 0.9855766581145007, "identity_attack": 0.979350190755035}}, "secondary_neutral": {"precision": 0.4915, "recall": 0.5403, "f1": 0.5147, "auc": 0.9477350407476512, "class_auc": {"toxicity": 0.9717643443899872, "severe_toxicity": 0.9247111692765176, "obscene": 0.9930857900828293, "threat": 0.86620764552563, "insult": 0.9509528221437444, "identity_attack": 0.9796884730671989}}, "secondary_positive": {"precision": 1.0, "recall": 0.9563, "f1": 0.9777, "fpr": 0, "tpr": 0.9563, "confusion_matrix": {"tp": 241, "fp": 0, "tn": 0, "fn": 11}}}