{"jigsaw": {"precision": 0.9071, "recall": 0.6605, "f_beta": 0.6985, "specificity": 1.0, "fpr": 0.0075, "tpr": 0.6605, "confusion_matrix": {"tp": 1475, "fp": 151, "tn": 19971, "fn": 758}, "auc": 0.9837888258639739, "class_auc": {"toxicity": 0.9832632324134439, "severe_toxicity": 0.9894726471606221, "obscene": 0.9878095197918949, "threat": 0.9750787860133403, "insult": 0.9844857549877559, "identity_attack": 0.9826230148167864}}, "secondary_neutral": {"precision": 0.8975, "recall": 0.5899, "f_beta": 0.6333, "specificity": 0.9972, "fpr": 0.006, "tpr": 0.5899, "confusion_matrix": {"tp": 3329, "fp": 380, "tn": 63167, "fn": 2314}, "auc": 0.9873538076721154, "class_auc": {"toxicity": 0.9853127540912726, "severe_toxicity": 0.9915678024462699, "obscene": 0.9971447877092446, "threat": 0.9688633072690414, "insult": 0.9906745008749451, "identity_attack": 0.9905596936419185}}, "secondary_positive": {"topic_4": {"precision": 1.0, "recall": 0.619, "f_beta": 0.6701, "specificity": 0, "fpr": 0, "tpr": 0.619, "confusion_matrix": {"tp": 65, "fp": 0, "tn": 0, "fn": 40}}, "topic_6": {"precision": 1.0, "recall": 0.4087, "f_beta": 0.4635, "specificity": 0, "fpr": 0, "tpr": 0.4087, "confusion_matrix": {"tp": 103, "fp": 0, "tn": 0, "fn": 149}}, "topic_7": {"precision": 1.0, "recall": 0.3902, "f_beta": 0.4444, "specificity": 0, "fpr": 0, "tpr": 0.3902, "confusion_matrix": {"tp": 16, "fp": 0, "tn": 0, "fn": 25}}, "topic_10": {"precision": 1.0, "recall": 0.6, "f_beta": 0.6522, "specificity": 0, "fpr": 0, "tpr": 0.6, "confusion_matrix": {"tp": 15, "fp": 0, "tn": 0, "fn": 10}}, "mean": {"precision": 1.0, "recall": 0.504475, "f_beta": 0.55755, "specificity": 0.0}}}