{"jigsaw": {"precision": 0.9033, "recall": 0.6691, "f1": 0.7687, "fpr": 0.008, "tpr": 0.6691, "confusion_matrix": {"tp": 1494, "fp": 160, "tn": 19962, "fn": 739}, "auc": 0.9837888258639739, "class_auc": {"toxicity": 0.9832632324134439, "severe_toxicity": 0.9894726471606221, "obscene": 0.9878095197918949, "threat": 0.9750787860133403, "insult": 0.9844857549877559, "identity_attack": 0.9826230148167864}}, "secondary_neutral": {"precision": 0.8936, "recall": 0.5984, "f1": 0.7168, "fpr": 0.0063, "tpr": 0.5984, "confusion_matrix": {"tp": 3377, "fp": 402, "tn": 63145, "fn": 2266}, "auc": 0.9873538076721154, "class_auc": {"toxicity": 0.9853127540912726, "severe_toxicity": 0.9915678024462699, "obscene": 0.9971447877092446, "threat": 0.9688633072690414, "insult": 0.9906745008749451, "identity_attack": 0.9905596936419185}}, "secondary_positive": {"precision": 1.0, "recall": 0.4752, "f1": 0.6442, "fpr": 0, "tpr": 0.4752, "confusion_matrix": {"tp": 201, "fp": 0, "tn": 0, "fn": 222}}, "secondary": {"precision": 0.5089, "recall": 0.4752, "f1": 0.4914, "fpr": 0.0028, "tpr": 0.4752, "confusion_matrix": {"tp": 201, "fp": 194, "tn": 68996, "fn": 222}, "auc": 0.984987988094378, "class_auc": {"toxicity": 0.9851151804870985, "severe_toxicity": 0.9787804008482575, "obscene": 0.99705604419736, "threat": 0.9731889716152162, "insult": 0.9852454651367485, "identity_attack": 0.9905418662815869}}}