{"jigsaw": {"precision": 0.9896, "recall": 0.3399, "f1": 0.506, "auc": 0.9837888258639739, "class_auc": {"toxicity": 0.9832632324134439, "severe_toxicity": 0.9894726471606221, "obscene": 0.9878095197918949, "threat": 0.9750787860133403, "insult": 0.9844857549877559, "identity_attack": 0.9826230148167864}}, "secondary_neutral": {"precision": 0.9656, "recall": 0.1843, "f1": 0.3095, "auc": 0.9873538076721154, "class_auc": {"toxicity": 0.9853127540912726, "severe_toxicity": 0.9915678024462699, "obscene": 0.9971447877092446, "threat": 0.9688633072690414, "insult": 0.9906745008749451, "identity_attack": 0.9905596936419185}}, "secondary_positive": {"topic_4": {"precision": 0, "recall": 0, "f1": 0, "fpr": 0, "tpr": 0, "confusion_matrix": {"tp": 0, "fp": 0, "tn": 0, "fn": 0}}, "topic_6": {"precision": 1.0, "recall": 0.1891, "f1": 0.3181, "fpr": 0, "tpr": 0.1891, "confusion_matrix": {"tp": 80, "fp": 0, "tn": 0, "fn": 343}}, "topic_7": {"precision": 0, "recall": 0, "f1": 0, "fpr": 0, "tpr": 0, "confusion_matrix": {"tp": 0, "fp": 0, "tn": 0, "fn": 0}}, "topic_10": {"precision": 0, "recall": 0, "f1": 0, "fpr": 0, "tpr": 0, "confusion_matrix": {"tp": 0, "fp": 0, "tn": 0, "fn": 0}}, "mean": {"precision": 0.25, "recall": 0.047275, "f1": 0.079525}}}