{"num_epochs": 1, "loss": [[0, 0.7798075675964355], [100, 0.06681974232196808], [200, 0.10332613438367844], [300, 0.2072198987007141], [400, 0.10521196573972702], [500, 0.04095970094203949], [600, 0.05065888166427612], [700, 0.056758567690849304], [800, 0.04181499779224396], [900, 0.03488397225737572], [1000, 0.21906721591949463], [1100, 0.0820000171661377], [1200, 0.03769458830356598], [1300, 0.015842728316783905], [1400, 0.023509632796049118], [1500, 0.10774202644824982], [1600, 0.053048275411129], [1700, 0.029521498829126358], [1800, 0.05954617261886597], [1900, 0.049990057945251465], [2000, 0.03391550853848457], [2100, 0.07535210996866226], [2200, 0.025624152272939682], [2300, 0.0192240159958601], [2400, 0.018657084554433823], [2500, 0.008147005923092365], [2600, 0.02510625682771206], [2700, 0.10564947128295898], [2800, 0.030772235244512558], [2900, 0.02799360826611519], [3000, 0.10024785250425339], [3100, 0.04171367734670639], [3200, 0.04668193683028221], [3300, 0.11567606776952744], [3400, 0.061547763645648956], [3500, 0.09215950965881348], [3600, 0.01874634437263012], [3700, 0.047939710319042206], [3800, 0.11316819489002228], [3900, 0.06670999526977539], [4000, 0.006742409896105528], [4100, 0.12337327003479004], [4200, 0.08152222633361816], [4300, 0.003578390460461378], [4400, 0.002787837292999029], [4500, 0.02320263907313347], [4600, 0.02068980410695076], [4700, 0.04263690859079361], [4800, 0.0968739315867424], [4900, 0.11301173269748688], [5000, 0.035454168915748596], [5100, 0.04996845871210098], [5200, 0.0011798987397924066], [5300, 0.050352808088064194], [5400, 0.10086876153945923], [5500, 0.021053314208984375], [5600, 0.02849111519753933], [5700, 0.02803635410964489], [5800, 0.019782882183790207], [5900, 0.012162091210484505], [6000, 0.07082556188106537], [6100, 0.08706623315811157], [6200, 0.010731307789683342], [6300, 0.011032406240701675], [6400, 0.036338187754154205], [6500, 0.003083867020905018], [6600, 0.06302770227193832], [6700, 0.02857659012079239], [6800, 0.1874077320098877], [6900, 0.009329195134341717], [7000, 0.03818928077816963], [7100, 0.03067820332944393], [7200, 0.09674051403999329], [7300, 0.06970023363828659], [7400, 0.041237734258174896], [7500, 0.014437569305300713], [7600, 0.00734026450663805], [7700, 0.12692391872406006], [7800, 0.039060328155756], [7900, 0.01704920455813408], [8000, 0.03336041793227196], [8100, 0.002295544371008873], [8200, 0.04147022217512131], [8300, 0.06000515818595886], [8400, 0.07494689524173737], [8500, 0.008092150092124939], [8600, 0.010112879797816277], [8700, 0.0068023609928786755], [8800, 0.048549678176641464], [8900, 0.00985192134976387], [9000, 0.014934232458472252], [9100, 0.029746368527412415], [9200, 0.04080057516694069], [9300, 0.025500014424324036], [9400, 0.01192258857190609], [9500, 0.004332586657255888], [9600, 0.0017346162348985672], [9700, 0.021126164123415947], [9800, 0.009721372276544571], [9900, 0.01414099708199501], [10000, 0.0018585054203867912], [10100, 0.0021809577010571957], [10200, 0.006561453454196453], [10300, 0.035180993378162384], [10400, 0.010689901188015938], [10500, 0.0087307533249259], [10600, 0.08837729692459106], [10700, 0.006720931734889746], [10800, 0.03551502898335457], [10900, 0.04924202710390091], [11000, 0.0011797149199992418], [11100, 0.03422102332115173], [11200, 0.026275847107172012], [11300, 0.0014494962524622679], [11400, 0.04614650458097458], [11500, 0.020273908972740173], [11600, 0.01598307676613331], [11700, 0.0028360369615256786], [11800, 0.018548835068941116], [11900, 0.0033331415615975857], [12000, 0.021203309297561646], [12100, 0.026564180850982666], [12200, 0.03199336305260658], [12300, 0.07013201713562012], [12400, 0.003954928368330002], [12500, 0.07689599692821503], [12600, 0.0019216598011553288], [12700, 0.03633242845535278], [12800, 0.005794364493340254], [12900, 0.027989713475108147], [13000, 0.004165316000580788], [13100, 0.03042125701904297], [13200, 0.032194629311561584], [13300, 0.006359321530908346], [13400, 0.021686976775527], [13500, 0.020727675408124924], [13600, 0.039511650800704956], [13700, 0.008625548332929611], [13800, 0.060077376663684845], [13900, 0.07614156603813171], [14000, 0.11575844883918762], [14100, 0.02351241558790207], [14200, 0.016922220587730408], [14300, 0.006875382736325264], [14400, 0.01162478607147932], [14500, 0.019258229061961174], [14600, 0.031652431935071945], [14700, 0.04525025188922882], [14800, 0.007567942142486572], [14900, 0.026006869971752167], [15000, 0.01416296698153019], [15100, 0.003604242345318198], [15200, 0.05234072729945183], [15300, 0.0038199478294700384], [15400, 0.05754958838224411], [15500, 0.004205405246466398], [15600, 0.01922912523150444], [15700, 0.030365947633981705], [15800, 0.028806714341044426], [15900, 0.04233826324343681], [16000, 0.03146013617515564], [16100, 0.09309320151805878], [16200, 0.027413729578256607], [16300, 0.06822822988033295], [16400, 0.16229194402694702], [16500, 0.11676046252250671], [16600, 0.003112410893663764], [16700, 0.11166895925998688], [16800, 0.021794289350509644], [16900, 0.03318212181329727], [17000, 0.02322329953312874], [17100, 0.009811896830797195], [17200, 0.09476472437381744], [17300, 0.01904403790831566], [17400, 0.014122663997113705], [17500, 0.013376298360526562], [17600, 0.0773797333240509], [17700, 0.02523796819150448], [17800, 0.021145988255739212], [17900, 0.023801222443580627], [18000, 0.04038185998797417], [18100, 0.0012796532828360796], [18200, 0.021193016320466995], [18300, 0.0053979139775037766], [18400, 0.03890688717365265], [18500, 0.1939237117767334], [18600, 0.0024507585912942886], [18700, 0.029940471053123474], [18800, 0.039104852825403214], [18900, 0.17662107944488525], [19000, 0.017111310735344887], [19100, 0.04096343368291855], [19200, 0.04628348350524902], [19300, 0.030557630583643913], [19400, 0.0020404504612088203], [19500, 0.0212688185274601]],