{"num_epochs": 1, "loss": [[0, 0.8280160427093506], [10, 0.16046127676963806], [20, 0.28162384033203125], [30, 0.46529194712638855], [40, 0.1878732293844223], [50, 0.04464703053236008], [60, 0.08905155956745148], [70, 0.037039730697870255], [80, 0.032637935131788254], [90, 0.056102752685546875], [100, 0.10130929201841354], [110, 0.07005277276039124], [120, 0.09669362008571625], [130, 0.14115239679813385], [140, 0.16214735805988312], [150, 0.01612481288611889], [160, 0.017173685133457184], [170, 0.03199544548988342], [180, 0.016838369891047478], [190, 0.19092220067977905], [200, 0.3585590720176697], [210, 0.047716617584228516], [220, 0.04154226928949356], [230, 0.01207807194441557], [240, 0.02999672293663025], [250, 0.014978401362895966], [260, 0.0197790265083313], [270, 0.03683074563741684], [280, 0.012379436753690243], [290, 0.027495473623275757], [300, 0.06923173367977142], [310, 0.012575632892549038], [320, 0.008196106180548668], [330, 0.06488113850355148], [340, 0.14336800575256348], [350, 0.025834521278738976], [360, 0.02411673218011856], [370, 0.013135215267539024], [380, 0.029987961053848267], [390, 0.03807670623064041], [400, 0.018620319664478302], [410, 0.023491963744163513], [420, 0.007502719294279814], [430, 0.15663917362689972], [440, 0.07254040241241455], [450, 0.27011212706565857], [460, 0.025109659880399704], [470, 0.01719437912106514], [480, 0.017041949555277824], [490, 0.07464523613452911], [500, 0.05739571899175644], [510, 0.052727244794368744], [520, 0.12311681360006332], [530, 0.00406736321747303], [540, 0.07461214065551758], [550, 0.004003755748271942], [560, 0.08797900378704071], [570, 0.11596149206161499], [580, 0.04390263184905052], [590, 0.06004845350980759], [600, 0.00468957144767046], [610, 0.009239009581506252], [620, 0.1550561785697937], [630, 0.020282763987779617], [640, 0.0641239732503891], [650, 0.020715869963169098], [660, 0.21438729763031006], [670, 0.07776959240436554], [680, 0.02124340645968914], [690, 0.0029035822954028845], [700, 0.03854826092720032], [710, 0.008291568607091904], [720, 0.018032856285572052], [730, 0.005495214834809303], [740, 0.00804054643958807], [750, 0.013788968324661255], [760, 0.03685765340924263], [770, 0.06735879927873611], [780, 0.038594525307416916], [790, 0.023531218990683556], [800, 0.004602317698299885], [810, 0.04708271473646164], [820, 0.018910396844148636], [830, 0.10192595422267914], [840, 0.0029787737876176834], [850, 0.0023559362161904573], [860, 0.012539304792881012], [870, 0.008895392529666424], [880, 0.03254033252596855], [890, 0.019459854811429977], [900, 0.12099498510360718], [910, 0.008765378966927528], [920, 0.03709641098976135], [930, 0.007736735045909882], [940, 0.07551678270101547], [950, 0.003872449044138193], [960, 0.0596991591155529], [970, 0.0021012977231293917], [980, 0.10712411999702454], [990, 0.07307583093643188], [1000, 0.002282543806359172], [1010, 0.04730521887540817], [1020, 0.009796863421797752], [1030, 0.0036380772944539785], [1040, 0.0027964410837739706], [1050, 0.03004707768559456], [1060, 0.024475648999214172], [1070, 0.060221053659915924], [1080, 0.0026555813383311033], [1090, 0.03221908211708069], [1100, 0.09625926613807678], [1110, 0.13759881258010864], [1120, 0.04906565696001053], [1130, 0.0019181582611054182], [1140, 0.030389606952667236], [1150, 0.0036675273440778255], [1160, 0.06482543051242828], [1170, 0.1814291775226593], [1180, 0.05481089651584625], [1190, 0.2034803330898285], [1200, 0.2646758556365967], [1210, 0.01960187964141369], [1220, 0.03919491171836853], [1230, 0.001640350790694356], [1240, 0.04546750336885452], [1250, 0.07065987586975098], [1260, 0.04026855528354645], [1270, 0.005454649683088064], [1280, 0.002203199779614806], [1290, 0.39261171221733093], [1300, 0.06198573112487793], [1310, 0.020832855254411697], [1320, 0.003325676079839468], [1330, 0.011486027389764786], [1340, 0.01506752148270607], [1350, 0.10906083881855011], [1360, 0.0511527955532074], [1370, 0.0018757553771138191], [1380, 0.07422582805156708], [1390, 0.0403994657099247], [1400, 0.07784958183765411], [1410, 0.04404835030436516], [1420, 0.050120532512664795], [1430, 0.0013377917930483818], [1440, 0.0070485398173332214], [1450, 0.020076893270015717], [1460, 0.032347165048122406], [1470, 0.03435584530234337], [1480, 0.01688307709991932], [1490, 0.011868687346577644], [1500, 0.058203116059303284], [1510, 0.18341609835624695], [1520, 0.060663238167762756], [1530, 0.0022538984194397926], [1540, 0.13022801280021667], [1550, 0.02886316552758217], [1560, 0.011795016005635262], [1570, 0.014885567128658295], [1580, 0.014820153824985027], [1590, 0.046800579875707626], [1600, 0.027737807482481003], [1610, 0.024636749178171158], [1620, 0.1996033787727356], [1630, 0.007005106192082167], [1640, 0.11696114391088486], [1650, 0.0016517245676368475], [1660, 0.10191673040390015], [1670, 0.06477382034063339], [1680, 0.04956633597612381], [1690, 0.10112588107585907], [1700, 0.024023767560720444], [1710, 0.001174536650069058], [1720, 0.016708213835954666], [1730, 0.001570885768160224], [1740, 0.001899179071187973], [1750, 0.055313676595687866], [1760, 0.06374093890190125], [1770, 0.011962322518229485], [1780, 0.0900353342294693], [1790, 0.05609691143035889], [1800, 0.1884332150220871], [1810, 0.09408149123191833], [1820, 0.032881710678339005], [1830, 0.03808336704969406], [1840, 0.008466268889605999], [1850, 0.01198570430278778], [1860, 0.015583181753754616], [1870, 0.055327028036117554], [1880, 0.04108191654086113], [1890, 0.05900340527296066], [1900, 0.013593554496765137], [1910, 0.031139183789491653], [1920, 0.027355540543794632], [1930, 0.03987404704093933], [1940, 0.07907156646251678], [1950, 0.0221625417470932], [1960, 0.04569984972476959], [1970, 0.0025298800319433212], [1980, 0.15008915960788727], [1990, 0.001503117149695754], [2000, 0.11676627397537231], [2010, 0.008251894265413284], [2020, 0.0012219969648867846], [2030, 0.17682252824306488], [2040, 0.042450979351997375], [2050, 0.03825119137763977], [2060, 0.012686356902122498], [2070, 0.022943120449781418], [2080, 0.0029732442926615477], [2090, 0.00525713711977005], [2100, 0.1354348063468933], [2110, 0.001043622731231153], [2120, 0.002449106890708208], [2130, 0.07190588116645813], [2140, 0.061277836561203], [2150, 0.07928392291069031], [2160, 0.0013794893166050315], [2170, 0.0036241053603589535], [2180, 0.001048980513587594], [2190, 0.0014056547079235315], [2200, 0.07632356137037277], [2210, 0.01300792396068573], [2220, 0.07029924541711807], [2230, 0.016120441257953644], [2240, 0.08991190791130066], [2250, 0.03113093599677086], [2260, 0.0013258893741294742], [2270, 0.09466564655303955], [2280, 0.0009403766016475856], [2290, 0.036623891443014145]],