{"num_epochs": 3, "loss": [[0, 0.7875843048095703], [10, 0.16632381081581116], [20, 0.08754152059555054], [30, 0.08059144020080566], [31, 0.16262991726398468], [41, 0.1494002491235733], [51, 0.2881438434123993], [61, 0.08703555166721344], [62, 0.12791556119918823], [72, 0.18756501376628876], [82, 0.06855406612157822], [92, 0.07310383766889572]], "acc": [[0, 0.1875], [10, 1.0], [20, 1.0], [30, 1.0], [31, 0.875], [41, 0.875], [51, 0.75], [61, 0.9375], [62, 0.8125], [72, 0.75], [82, 0.9375], [92, 0.9375]], "acc_flag": [[0, 0.1875], [10, 1.0], [20, 1.0], [30, 1.0], [31, 0.875], [41, 0.875], [51, 0.75], [61, 0.9375], [62, 0.8125], [72, 0.75], [82, 0.9375], [92, 0.9375]], "epoch_batch_count": [31, 62, 93]}