{"jigsaw": {"precision": 0.9121, "recall": 0.6458, "f_beta": 0.6858, "specificity": 1.0, "fpr": 0.0069, "tpr": 0.6458, "confusion_matrix": {"tp": 1442, "fp": 139, "tn": 19983, "fn": 791}, "auc": 0.9835677866573801, "class_auc": {"toxicity": 0.9831014556781185, "severe_toxicity": 0.9895720311097687, "obscene": 0.9908917119135705, "threat": 0.9719419192890779, "insult": 0.9855833922119296, "identity_attack": 0.9803162097418152}}, "secondary_neutral": {"precision": 0.8263, "recall": 0.5582, "f_beta": 0.597, "specificity": 0.9923, "fpr": 0.0104, "tpr": 0.5582, "confusion_matrix": {"tp": 3150, "fp": 662, "tn": 62885, "fn": 2493}, "auc": 0.9829633423899061, "class_auc": {"toxicity": 0.9825647611136618, "severe_toxicity": 0.9862519916203228, "obscene": 0.9961636070273545, "threat": 0.9582251776604513, "insult": 0.9895503226699544, "identity_attack": 0.9850241942476922}}, "secondary_positive": {"topic_4": {"precision": 1.0, "recall": 0.619, "f_beta": 0.6701, "specificity": 0, "fpr": 0, "tpr": 0.619, "confusion_matrix": {"tp": 65, "fp": 0, "tn": 0, "fn": 40}}, "topic_6": {"precision": 1.0, "recall": 0.746, "f_beta": 0.786, "specificity": 0, "fpr": 0, "tpr": 0.746, "confusion_matrix": {"tp": 188, "fp": 0, "tn": 0, "fn": 64}}, "topic_7": {"precision": 1.0, "recall": 0.439, "f_beta": 0.4945, "specificity": 0, "fpr": 0, "tpr": 0.439, "confusion_matrix": {"tp": 18, "fp": 0, "tn": 0, "fn": 23}}, "topic_10": {"precision": 1.0, "recall": 0.44, "f_beta": 0.4955, "specificity": 0, "fpr": 0, "tpr": 0.44, "confusion_matrix": {"tp": 11, "fp": 0, "tn": 0, "fn": 14}}, "mean": {"precision": 1.0, "recall": 0.561, "f_beta": 0.611525, "specificity": 0.0}}}