{"jigsaw": {"precision": 0.909, "recall": 0.6619, "specificity": 0.9926, "f_beta": 0.6999, "fpr": 0.0074, "tpr": 0.6619, "confusion_matrix": {"tp": 1478, "fp": 148, "tn": 19974, "fn": 755}, "auc": 0.9806267559795602, "class_auc": {"toxicity": 0.9828885596399485, "severe_toxicity": 0.9892248354439459, "obscene": 0.9889935737006279, "threat": 0.9598240882916347, "insult": 0.9850294610565493, "identity_attack": 0.9778000177446544}}, "secondary_neutral": {"precision": 0.9091, "recall": 0.6007, "specificity": 0.9947, "f_beta": 0.6445, "fpr": 0.0053, "tpr": 0.6007, "confusion_matrix": {"tp": 3390, "fp": 339, "tn": 63208, "fn": 2253}, "auc": 0.9837490423052225, "class_auc": {"toxicity": 0.9821006325776129, "severe_toxicity": 0.9882868876487653, "obscene": 0.996765018542081, "threat": 0.9592100514602686, "insult": 0.9902551457367023, "identity_attack": 0.9858765178659046}}, "secondary_positive": {"precision": 1.0, "recall": 0.6151, "specificity": 0, "f_beta": 0.6664, "fpr": 0, "tpr": 0.6151, "confusion_matrix": {"tp": 155, "fp": 0, "tn": 0, "fn": 97}}}