{"jigsaw": {"precision": 0.9113, "recall": 0.635, "f1": 0.7485, "auc": 0.9801315588763281, "class_auc": {"toxicity": 0.9797479641131299, "severe_toxicity": 0.9860914323690064, "obscene": 0.9881935879715956, "threat": 0.9613741586539863, "insult": 0.9837026786091271, "identity_attack": 0.9816795315411232}}, "secondary_neutral": {"precision": 0.8877, "recall": 0.5127, "f1": 0.65, "auc": 0.9790226350901623, "class_auc": {"toxicity": 0.9802538920131587, "severe_toxicity": 0.9821171743545578, "obscene": 0.9955108050428747, "threat": 0.9388741116977434, "insult": 0.9875922844868639, "identity_attack": 0.989787542945775}}, "secondary_positive": {"precision": 1.0, "recall": 0.6956, "f1": 0.8204, "fpr": 0, "tpr": 0.6956, "confusion_matrix": {"tp": 955, "fp": 0, "tn": 0, "fn": 418}}}