{"jigsaw": {"precision": 0.9627, "recall": 0.4975, "f1": 0.656, "auc": 0.9806267559795602, "class_auc": {"toxicity": 0.9828885596399485, "severe_toxicity": 0.9892248354439459, "obscene": 0.9889935737006279, "threat": 0.9598240882916347, "insult": 0.9850294610565493, "identity_attack": 0.9778000177446544}}, "secondary_neutral": {"precision": 0.9723, "recall": 0.3734, "f1": 0.5396, "auc": 0.9837490423052225, "class_auc": {"toxicity": 0.9821006325776129, "severe_toxicity": 0.9882868876487653, "obscene": 0.996765018542081, "threat": 0.9592100514602686, "insult": 0.9902551457367023, "identity_attack": 0.9858765178659046}}, "secondary_positive": {"precision": 1.0, "recall": 0.4206, "f1": 0.5922, "fpr": 0, "tpr": 0.4206, "confusion_matrix": {"tp": 106, "fp": 0, "tn": 0, "fn": 146}}}