{"jigsaw": {"precision": 0.9035, "recall": 0.6789, "f1": 0.7752, "auc": 0.9824911645843487, "class_auc": {"toxicity": 0.9826619276212238, "severe_toxicity": 0.9894002697193959, "obscene": 0.9897613272551057, "threat": 0.9713251556774315, "insult": 0.984471894314827, "identity_attack": 0.9773264129181083}}, "secondary_neutral": {"precision": 0.8938, "recall": 0.5486, "f1": 0.6799, "auc": 0.9826563704438701, "class_auc": {"toxicity": 0.9865601419119872, "severe_toxicity": 0.9811643049475073, "obscene": 0.9975637293756294, "threat": 0.9542529350174875, "insult": 0.9862998519212205, "identity_attack": 0.9900972594893886}}, "secondary_positive": {"precision": 1.0, "recall": 0.6746, "f1": 0.8057, "fpr": 0, "tpr": 0.6746, "confusion_matrix": {"tp": 170, "fp": 0, "tn": 0, "fn": 82}}}