{"jigsaw": {"precision": 0.9061, "recall": 0.588, "f1": 0.7132, "auc": 0.9772212994265727, "class_auc": {"toxicity": 0.9768952644775601, "severe_toxicity": 0.9841631677035004, "obscene": 0.9872107171903834, "threat": 0.9661945918342363, "insult": 0.980628583789565, "identity_attack": 0.9682354715641913}}, "secondary_neutral": {"precision": 0.9581, "recall": 0.4177, "f1": 0.5818, "auc": 0.9821463559217785, "class_auc": {"toxicity": 0.9747989216073488, "severe_toxicity": 0.996201384501027, "obscene": 0.9973512355736279, "threat": 0.9521477422085589, "insult": 0.9913788317965023, "identity_attack": 0.9810000198436053}}, "secondary_positive": {"precision": 1.0, "recall": 0.938, "f1": 0.968, "fpr": 0, "tpr": 0.938, "confusion_matrix": {"tp": 121, "fp": 0, "tn": 0, "fn": 8}}}