{"num_epochs": 1, "loss": [[0, 0.8005899786949158], [10, 0.38972434401512146], [20, 0.30791381001472473], [30, 0.19597777724266052], [40, 0.09012377262115479], [50, 0.17801938951015472], [60, 0.24537432193756104], [70, 0.2305012047290802], [80, 0.05417920649051666], [90, 0.06663788855075836], [100, 0.04507163166999817], [110, 0.11343583464622498], [120, 0.17284464836120605], [130, 0.025526627898216248], [140, 0.435611367225647], [150, 0.026557138189673424], [160, 0.026045827195048332], [170, 0.01706225425004959], [180, 0.14668284356594086], [190, 0.12560898065567017], [200, 0.0917757898569107], [210, 0.03331480175256729], [220, 0.15221406519412994], [230, 0.012396774254739285], [240, 0.01626335084438324], [250, 0.09361301362514496], [260, 0.032503169029951096], [270, 0.03284265100955963], [280, 0.09318304061889648], [290, 0.05035507306456566], [300, 0.08650742471218109], [310, 0.03772449493408203], [320, 0.05279472470283508], [330, 0.03369989991188049], [340, 0.09190570563077927], [350, 0.06873124837875366], [360, 0.01616807095706463], [370, 0.012194180861115456], [380, 0.12240071594715118], [390, 0.1305982768535614], [400, 0.028048647567629814], [410, 0.38180670142173767], [420, 0.14617674052715302], [430, 0.15833225846290588], [440, 0.04406847059726715], [450, 0.11397897452116013], [460, 0.02432698756456375], [470, 0.01396222971379757], [480, 0.008757517673075199], [490, 0.11355505883693695], [500, 0.033634331077337265], [510, 0.025831982493400574], [520, 0.009402811527252197], [530, 0.019045304507017136], [540, 0.04000040888786316], [550, 0.04364281892776489], [560, 0.007898290641605854], [570, 0.005393891595304012], [580, 0.0059175631031394005], [590, 0.007361229509115219], [600, 0.03494282066822052], [610, 0.04388885945081711], [620, 0.010564712807536125], [630, 0.009427027776837349], [640, 0.0087980255484581], [650, 0.2638678252696991], [660, 0.011360153555870056], [670, 0.0638049766421318], [680, 0.11711330711841583], [690, 0.08690204471349716], [700, 0.005355484783649445], [710, 0.11011969298124313], [720, 0.11924024671316147], [730, 0.007534032221883535], [740, 0.19382953643798828], [750, 0.014016508124768734], [760, 0.028278006240725517], [770, 0.027739938348531723], [780, 0.17221425473690033], [790, 0.06866557896137238], [800, 0.06436017900705338], [810, 0.06038458272814751], [820, 0.23859906196594238], [830, 0.031652361154556274], [840, 0.054127536714076996], [850, 0.029780378565192223], [860, 0.023860454559326172], [870, 0.005472348537296057], [880, 0.004277501255273819], [890, 0.011200295761227608], [900, 0.028102068230509758], [910, 0.004319032654166222], [920, 0.04244333505630493], [930, 0.16281501948833466], [940, 0.04415526241064072], [950, 0.009672347456216812], [960, 0.01309921033680439], [970, 0.00749202212318778], [980, 0.038485087454319], [990, 0.0030868160538375378], [1000, 0.004552806727588177], [1010, 0.07174623012542725], [1020, 0.1540733426809311], [1030, 0.009652728214859962], [1040, 0.07252712547779083], [1050, 0.01998167671263218], [1060, 0.002871532691642642], [1070, 0.003209188114851713], [1080, 0.011496844701468945], [1090, 0.008051000535488129], [1100, 0.11712606251239777], [1110, 0.007674588821828365], [1120, 0.03737511858344078], [1130, 0.0029657031409442425], [1140, 0.061054777354002], [1150, 0.13330252468585968], [1160, 0.05233050510287285], [1170, 0.3369995057582855], [1180, 0.05960529297590256], [1190, 0.1070520430803299], [1200, 0.017634393647313118], [1210, 0.002359864767640829], [1220, 0.0039036355447024107], [1230, 0.031120136380195618], [1240, 0.047551609575748444], [1250, 0.009913074783980846], [1260, 0.019359666854143143], [1270, 0.08840733766555786], [1280, 0.036227818578481674], [1290, 0.0028796920087188482], [1300, 0.0031101133208721876], [1310, 0.00564864557236433], [1320, 0.019015464931726456], [1330, 0.28639042377471924], [1340, 0.014887864701449871], [1350, 0.011196918785572052], [1360, 0.023378772661089897], [1370, 0.1401560753583908], [1380, 0.011017470620572567], [1390, 0.23727545142173767], [1400, 0.0073991576209664345], [1410, 0.019419942051172256], [1420, 0.004348086658865213], [1430, 0.016580678522586823], [1440, 0.003175318706780672], [1450, 0.21613574028015137], [1460, 0.07109059393405914], [1470, 0.10074453055858612], [1480, 0.03245576471090317], [1490, 0.06472022831439972], [1500, 0.02118663117289543], [1510, 0.003383549628779292], [1520, 0.04887079447507858], [1530, 0.003287654370069504], [1540, 0.07638677954673767], [1550, 0.01396854966878891], [1560, 0.054677292704582214], [1570, 0.002570805139839649], [1580, 0.005890834145247936], [1590, 0.006647559814155102], [1600, 0.0076284827664494514], [1610, 0.011005908250808716], [1620, 0.008923536166548729], [1630, 0.05738789588212967], [1640, 0.057090871036052704], [1650, 0.00508653512224555], [1660, 0.023393049836158752], [1670, 0.0743868499994278], [1680, 0.10174809396266937], [1690, 0.004820013418793678], [1700, 0.026476209983229637], [1710, 0.024262605234980583], [1720, 0.004061799496412277], [1730, 0.0033731029834598303], [1740, 0.002846373710781336], [1750, 0.024325747042894363], [1760, 0.004769175313413143], [1770, 0.08086685091257095], [1780, 0.001863071694970131], [1790, 0.030971622094511986], [1800, 0.019256066530942917], [1810, 0.004032204858958721], [1820, 0.0047678290866315365], [1830, 0.07601842284202576], [1840, 0.0075626494362950325], [1850, 0.32114794850349426], [1860, 0.0019410962704569101], [1870, 0.00583148468285799], [1880, 0.3236309885978699], [1890, 0.026944033801555634], [1900, 0.11547593772411346], [1910, 0.007509592920541763], [1920, 0.05563954636454582], [1930, 0.01458579208701849], [1940, 0.004833843093365431], [1950, 0.27190637588500977], [1960, 0.012703890912234783], [1970, 0.07570156455039978], [1980, 0.02600054442882538], [1990, 0.045831553637981415], [2000, 0.05274109169840813], [2010, 0.027226291596889496], [2020, 0.020364712923765182], [2030, 0.027697142213582993], [2040, 0.08002950251102448], [2050, 0.10511285066604614], [2060, 0.0021554005797952414], [2070, 0.019513912498950958], [2080, 0.15810197591781616], [2090, 0.0013272487558424473], [2100, 0.07622645050287247], [2110, 0.018893573433160782], [2120, 0.12500795722007751], [2130, 0.020414413884282112], [2140, 0.01793643645942211], [2150, 0.008819001726806164], [2160, 0.003264397382736206], [2170, 0.01596006378531456], [2180, 0.0018947109347209334], [2190, 0.015003806911408901], [2200, 0.20251624286174774], [2210, 0.01454031839966774], [2220, 0.03003983199596405], [2230, 0.18289725482463837], [2240, 0.007718889974057674], [2250, 0.0064146979711949825], [2260, 0.006409991066902876], [2270, 0.10095903277397156], [2280, 0.0027172218542546034], [2290, 0.03856923431158066], [2300, 0.149278923869133], [2310, 0.04159761220216751], [2320, 0.014260245487093925], [2330, 0.02893960475921631], [2340, 0.12705671787261963], [2350, 0.0055039143189787865], [2360, 0.04677341505885124], [2370, 0.04201602190732956], [2380, 0.056540198624134064], [2390, 0.017519518733024597], [2400, 0.0787900760769844], [2410, 0.008397608995437622], [2420, 0.10211299359798431], [2430, 0.0016851769760251045], [2440, 0.01966322958469391], [2450, 0.020610326901078224], [2460, 0.0014199087163433433], [2470, 0.001352210296317935], [2480, 0.027922509238123894], [2490, 0.0026275496929883957], [2500, 0.33410581946372986], [2510, 0.0022323967423290014], [2520, 0.0037989250849932432], [2530, 0.001962685724720359], [2540, 0.0022635268978774548], [2550, 0.016723206266760826], [2560, 0.002134090755134821], [2570, 0.04650813341140747], [2580, 0.014858970418572426], [2590, 0.001920370850712061], [2600, 0.057777952402830124], [2610, 0.001537467585876584], [2620, 0.06506459414958954], [2630, 0.0996100902557373], [2640, 0.0011682426556944847], [2650, 0.2050795555114746], [2660, 0.024640541523694992], [2670, 0.12208406627178192], [2680, 0.007933895103633404], [2690, 0.0021308069117367268], [2700, 0.003441407810896635], [2710, 0.050931867212057114], [2720, 0.007855966687202454], [2730, 