{"num_epochs": 1, "loss": [[0, 0.7643898725509644], [10, 0.40086615085601807], [20, 0.3513098657131195], [30, 0.2750701606273651], [40, 0.37945741415023804], [50, 0.09128066152334213], [60, 0.10824666917324066], [70, 0.1345353126525879], [80, 0.2277376502752304], [90, 0.1922885626554489], [100, 0.09867989271879196], [110, 0.33321529626846313], [120, 0.12189380824565887], [130, 0.2871578335762024], [140, 0.47932714223861694], [150, 0.26720577478408813], [160, 0.24590162932872772], [170, 0.18640105426311493], [180, 0.08538346737623215], [190, 0.2036108821630478], [200, 0.05304962396621704], [210, 0.17746514081954956], [220, 0.09674094617366791], [230, 0.28134772181510925], [240, 0.18424195051193237], [250, 0.15846288204193115], [260, 0.0644378662109375], [270, 0.2698298692703247], [280, 0.2811630964279175], [290, 0.021664857864379883], [300, 0.24522632360458374], [310, 0.24104754626750946], [320, 0.056106142699718475], [330, 0.03224927932024002], [340, 0.41483044624328613], [350, 0.29245829582214355], [360, 0.05225754901766777], [370, 0.07738511264324188], [380, 0.08201514184474945], [390, 0.01076863519847393], [400, 0.1953117549419403], [410, 0.03903939574956894], [420, 0.24448731541633606], [430, 0.07840192317962646], [440, 0.044231705367565155], [450, 0.20206336677074432], [460, 0.08762800693511963], [470, 0.13174615800380707], [480, 0.011531703174114227], [490, 0.15926410257816315], [500, 0.14884258806705475], [510, 0.0740613043308258], [520, 0.23601341247558594], [530, 0.2161104679107666], [540, 0.03888635337352753], [550, 0.21191832423210144], [560, 0.21238765120506287], [570, 0.13172461092472076], [580, 0.1920233964920044], [590, 0.025658633559942245], [600, 0.039523422718048096], [610, 0.004791446961462498], [620, 0.043670378625392914], [630, 0.2521243393421173], [640, 0.19659481942653656], [650, 0.07385533303022385], [660, 0.04582500457763672], [670, 0.038303978741168976], [680, 0.026226580142974854], [690, 0.10495614260435104], [700, 0.019707411527633667], [710, 0.015309473499655724], [720, 0.015759048983454704], [730, 0.07945472002029419], [740, 0.008555707521736622], [750, 0.18130366504192352], [760, 0.062175601720809937], [770, 0.02222304418683052], [780, 0.04623844474554062], [790, 0.02437291294336319], [800, 0.012716097757220268], [810, 0.0711810439825058], [820, 0.1010572537779808], [830, 0.1317710280418396], [840, 0.11482145637273788], [850, 0.06403105705976486], [860, 0.012547841295599937], [870, 0.09977900236845016], [880, 0.03946675732731819], [890, 0.009826945140957832], [900, 0.03921664133667946], [910, 0.07347042858600616], [920, 0.012245695106685162], [930, 0.027226543053984642], [940, 0.07806388288736343], [950, 0.03275427222251892], [960, 0.1303621381521225], [970, 0.02429458312690258], [980, 0.018194720149040222], [990, 0.09206708520650864], [1000, 0.12723597884178162], [1010, 0.0118656475096941], [1020, 0.12119121849536896], [1030, 0.20681250095367432], [1040, 0.016194604337215424], [1050, 0.18066762387752533], [1060, 0.016920829191803932], [1070, 0.09835921227931976], [1080, 0.3484842777252197], [1090, 0.032339196652173996], [1100, 0.12233461439609528], [1110, 0.09187125414609909], [1120, 0.018483096733689308], [1130, 0.05500892922282219], [1140, 0.05205535143613815], [1150, 0.030981827527284622], [1160, 0.03324883058667183], [1170, 0.011809928342700005], [1180, 0.0023348319809883833], [1190, 0.020210471004247665], [1200, 0.21460527181625366], [1210, 0.6077820062637329], [1220, 0.06300361454486847], [1230, 0.2914094924926758], [1240, 0.14691415429115295], [1250, 0.10409983992576599], [1260, 0.07415620982646942], [1270, 0.10851268470287323], [1280, 0.11240917444229126], [1290, 0.04732464998960495], [1300, 0.06669382005929947], [1310, 0.033403318375349045], [1320, 0.048029959201812744], [1330, 0.10500894486904144], [1340, 0.06394961476325989], [1350, 0.10509248822927475], [1360, 0.21970246732234955], [1370, 0.07754595577716827], [1380, 0.01285821944475174], [1390, 0.164513498544693], [1400, 0.01815301738679409], [1410, 0.14002816379070282], [1420, 0.0645919069647789], [1430, 0.0786881148815155], [1440, 0.25888121128082275], [1450, 0.0033305827528238297], [1460, 0.09435299038887024], [1470, 0.04050764441490173], [1480, 0.009485650807619095], [1490, 0.08699128031730652], [1500, 0.046939633786678314], [1510, 0.09654714912176132], [1520, 0.20491904020309448], [1530, 0.013108473271131516], [1540, 0.18782112002372742], [1550, 0.020735330879688263], [1560, 0.1411159485578537], [1570, 0.019745495170354843], [1580, 0.05697883293032646], [1590, 0.20719918608665466], [1600, 0.4887322187423706], [1610, 0.11890127509832382], [1620, 0.011019602417945862], [1630, 0.007020020391792059], [1640, 0.014327800832688808], [1650, 0.1545935720205307], [1660, 0.06484363973140717], [1670, 0.11334412544965744], [1680, 0.06888662278652191], [1690, 0.14454250037670135], [1700, 0.028299618512392044], [1710, 0.034560125321149826], [1720, 0.00788254663348198], [1730, 0.0545647069811821], [1740, 0.013092832639813423], [1750, 0.028469707816839218], [1760, 0.16931597888469696], [1770, 0.0027446034364402294], [1780, 0.023273780941963196], [1790, 0.015365151688456535], [1800, 0.023890644311904907], [1810, 0.00680765975266695], [1820, 0.03794136643409729], [1830, 0.04142505303025246], [1840, 0.11320972442626953], [1850, 0.05042200908064842], [1860, 0.015740862116217613], [1870, 0.0036784131079912186], [1880, 0.03082807920873165], [1890, 0.08993262052536011], [1900, 0.007492566015571356], [1910, 0.08377011865377426], [1920, 0.003186080139130354], [1930, 0.1913301646709442], [1940, 0.35405582189559937], [1950, 0.024081161245703697], [1960, 0.04462473839521408], [1970, 0.008291822858154774], [1980, 0.12020944058895111], [1990, 0.03448432683944702], [2000, 0.1372251808643341], [2010, 0.01901141367852688], [2020, 0.019593898206949234], [2030, 0.02385154366493225], [2040, 0.043650802224874496], [2050, 0.04670192301273346], [2060, 0.039672356098890305], [2070, 0.08709695935249329], [2080, 0.06350252032279968], [2090, 0.20012609660625458], [2100, 0.023987410590052605], [2110, 0.007675670087337494], [2120, 0.045719534158706665], [2130, 0.0323551669716835], [2140, 0.2748735547065735], [2150, 0.21057406067848206], [2160, 0.035472363233566284], [2170, 0.019125934690237045], [2180, 0.025596488267183304], [2190, 0.12180958688259125], [2200, 0.19855467975139618], [2210, 0.026190122589468956], [2220, 0.025313209742307663], [2230, 0.006864748429507017], [2240, 0.02718620002269745], [2250, 0.05789132043719292], [2260, 0.010159216821193695], [2270, 0.014303619973361492], [2280, 0.3126930594444275], [2290, 0.03722800314426422], [2300, 0.05907026678323746], [2310, 0.07354874163866043], [2320, 0.11603747308254242], [2330, 0.022698376327753067], [2340, 0.0025301147252321243], [2350, 0.015981927514076233], [2360, 0.006638902239501476], [2370, 0.07488176226615906], [2380, 0.00880200881510973], [2390, 0.03335399180650711], [2400, 0.045742761343717575], [2410, 0.005478174891322851], [2420, 0.1539742797613144], [2430, 0.07498474419116974], [2440, 0.005268455483019352], [2450, 0.02774641662836075], [2460, 0.0834282860159874], [2470, 0.0052049546502530575], [2480, 0.23772978782653809], [2490, 0.06282100081443787], [2500, 0.0423162505030632], [2510, 0.027888040989637375], [2520, 0.30437418818473816], [2530, 0.00850088894367218], [2540, 0.03292753919959068], [2550, 0.00549975736066699], [2560, 0.03540362790226936], [2570, 0.02045726776123047], [2580, 0.04754585027694702], [2590, 0.15576407313346863], [2600, 0.013759108260273933], [2610, 0.028283990919589996], [2620, 0.1554102897644043], [2630, 0.05691344290971756], [2640, 0.025872599333524704], [2650, 0.04891337454319], [2660, 0.003377795685082674], [2670, 0.00641176663339138], [2680, 0.08567196130752563], [2690, 0.0499143972992897], [2700, 0.026622865349054337], [2710, 0.004555073566734791], [2720, 0.009480602107942104], [2730, 0.008039245381951332], [2740, 0.1348809003829956], [2750, 0.011259309016168118], [2760, 0.047843512147665024], 