{"jigsaw": {"precision": 0.9122, "recall": 0.6189, "f1": 0.7375, "auc": 0.9832492833972357, "class_auc": {"toxicity": 0.9788204472733775, "severe_toxicity": 0.987187464486442, "obscene": 0.9882720055601649, "threat": 0.975868686480052, "insult": 0.9825200182407282, "identity_attack": 0.9868270783426494}}, "secondary_neutral": {"precision": 0.9082, "recall": 0.6608, "f1": 0.765, "auc": 0.9931217100787748, "class_auc": {"toxicity": 0.9870815041403326, "severe_toxicity": 0.996368949462372, "obscene": 0.9981574158943214, "threat": 0.9892402370291162, "insult": 0.9942805613476828, "identity_attack": 0.9936015925988246}}, "secondary_positive": {"precision": 1.0, "recall": 0.956, "f1": 0.9775, "fpr": 0, "tpr": 0.956, "confusion_matrix": {"tp": 522, "fp": 0, "tn": 0, "fn": 24}}}