{"jigsaw": {"precision": 0.9095, "recall": 0.657, "f1": 0.7629, "auc": 0.9833063143204707, "class_auc": {"toxicity": 0.9842326334995053, "severe_toxicity": 0.9891565629919234, "obscene": 0.9898476689055905, "threat": 0.9723639768078227, "insult": 0.9859185271710915, "identity_attack": 0.9783185165468904}}, "secondary_neutral": {"precision": 0.935, "recall": 0.6247, "f1": 0.749, "auc": 0.9893013096972916, "class_auc": {"toxicity": 0.984230611622472, "severe_toxicity": 0.9952647713961966, "obscene": 0.9968120919070917, "threat": 0.979260732027891, "insult": 0.994425382481901, "identity_attack": 0.9858142687481973}}, "secondary_positive": {"topic_4": {"precision": 0, "recall": 0.0, "f1": 0, "fpr": 0, "tpr": 0.0, "confusion_matrix": {"tp": 0, "fp": 0, "tn": 0, "fn": 105}}, "topic_6": {"precision": 0, "recall": 0.0, "f1": 0, "fpr": 0, "tpr": 0.0, "confusion_matrix": {"tp": 0, "fp": 0, "tn": 0, "fn": 252}}, "topic_7": {"precision": 0, "recall": 0.0, "f1": 0, "fpr": 0, "tpr": 0.0, "confusion_matrix": {"tp": 0, "fp": 0, "tn": 0, "fn": 41}}, "topic_10": {"precision": 1.0, "recall": 0.44, "f1": 0.6111, "fpr": 0, "tpr": 0.44, "confusion_matrix": {"tp": 11, "fp": 0, "tn": 0, "fn": 14}}, "mean": {"precision": 0.25, "recall": 0.11, "f1": 0.152775}}}