{"num_epochs": 1, "loss": [[0, 0.7967013120651245], [10, 0.3947955071926117], [20, 0.24380818009376526], [30, 0.21536189317703247], [40, 0.14889267086982727], [50, 0.29404932260513306], [60, 0.32883548736572266], [70, 0.060330670326948166], [80, 0.21453170478343964], [90, 0.26075267791748047], [100, 0.15257427096366882], [110, 0.2903602123260498], [120, 0.09107773005962372], [130, 0.04328924044966698], [140, 0.03551344946026802], [150, 0.04858241602778435], [160, 0.05209973454475403], [170, 0.047525256872177124], [180, 0.21476542949676514], [190, 0.20474755764007568], [200, 0.06417997926473618], [210, 0.01331076305359602], [220, 0.14887046813964844], [230, 0.17689834535121918], [240, 0.049308739602565765], [250, 0.027726784348487854], [260, 0.20027858018875122], [270, 0.08358722180128098], [280, 0.01993832364678383], [290, 0.10573188960552216], [300, 0.071200892329216], [310, 0.03714829683303833], [320, 0.019049163907766342], [330, 0.03247768431901932], [340, 0.08040488511323929], [350, 0.017378371208906174], [360, 0.06598855555057526], [370, 0.02294602058827877], [380, 0.26269590854644775], [390, 0.035327836871147156], [400, 0.011682088486850262], [410, 0.031085304915905], [420, 0.03157271444797516], [430, 0.017654206603765488], [440, 0.03715827688574791], [450, 0.014877190813422203], [460, 0.09577053785324097], [470, 0.02149888128042221], [480, 0.0693560242652893], [490, 0.10399793833494186], [500, 0.11711590737104416], [510, 0.007702333852648735], [520, 0.07393141090869904], [530, 0.017470980063080788], [540, 0.016559673473238945], [550, 0.006328487303107977], [560, 0.028174296021461487], [570, 0.029279418289661407], [580, 0.19961237907409668], [590, 0.0600605309009552], [600, 0.00626714713871479], [610, 0.009505148977041245], [620, 0.017618492245674133], [630, 0.02637648582458496], [640, 0.19192813336849213], [650, 0.019174333661794662], [660, 0.02910708263516426], [670, 0.006616611033678055], [680, 0.010914686135947704], [690, 0.020861856639385223], [700, 0.03316519036889076], [710, 0.012988252565264702], [720, 0.0552033893764019], [730, 0.19282971322536469], [740, 0.03768315538764], [750, 0.06517548859119415], [760, 0.12043928354978561], [770, 0.009969556704163551], [780, 0.010916001163423061], [790, 0.004175156354904175], [800, 0.033479344099760056], [810, 0.022569645196199417], [820, 0.00295822462067008], [830, 0.12302675098180771], [840, 0.048072993755340576], [850, 0.036295510828495026], [860, 0.10346895456314087], [870, 0.047571003437042236], [880, 0.00409985426813364], [890, 0.016866378486156464], [900, 0.106807641685009], [910, 0.020003868266940117], [920, 0.03951895982027054], [930, 0.07522697746753693], [940, 0.0715136006474495], [950, 0.005311859305948019], [960, 0.005147777497768402], [970, 0.07841184735298157], [980, 0.04970422014594078], [990, 0.004517348483204842], [1000, 0.07249099016189575], [1010, 0.11354561895132065], [1020, 0.15553879737854004], [1030, 0.042429618537425995], [1040, 0.017548276111483574], [1050, 0.13039550185203552], [1060, 0.05719701200723648], [1070, 0.06287401914596558], [1080, 0.268669456243515], [1090, 0.03179018199443817], [1100, 0.00808480754494667], [1110, 0.003749661846086383], [1120, 0.008612980134785175], [1130, 0.16573300957679749], [1140, 0.09026535600423813], [1150, 0.09824882447719574], [1160, 0.06332775950431824], [1170, 0.032378267496824265], [1180, 0.09665759652853012], [1190, 0.012536316178739071], [1200, 0.10827219486236572], [1210, 0.004032083787024021], [1220, 0.019158128648996353], [1230, 0.1201157495379448], [1240, 0.012049101293087006], [1250, 0.003928844816982746], [1260, 0.002166666556149721], [1270, 0.004570766352117062], [1280, 0.025801358744502068], [1290, 0.03209103271365166], [1300, 0.024836018681526184], [1310, 0.017462855204939842], [1320, 0.08999937772750854], [1330, 0.0032183746807277203], [1340, 0.0038169564213603735], [1350, 0.0721907839179039], [1360, 0.003779351245611906], [1370, 0.0636671632528305], [1380, 0.09643092751502991], [1390, 0.020342163741588593], [1400, 0.03944652900099754], [1410, 0.036326225847005844], [1420, 0.023656468838453293], [1430, 0.04782278090715408], [1440, 0.009495897218585014], [1450, 0.10108442604541779], [1460, 0.0029628719203174114], [1470, 0.008052458986639977], [1480, 0.03932042047381401], [1490, 0.02581886760890484], [1500, 0.0027215543668717146], [1510, 0.002926992252469063], [1520, 0.017536338418722153], [1530, 0.0024358900263905525], [1540, 0.07496584951877594], [1550, 0.206995889544487], [1560, 0.0043249488808214664], [1570, 0.016558937728405], [1580, 0.2420889139175415], [1590, 0.10940800607204437], [1600, 0.03960505127906799], [1610, 0.05125723406672478], [1620, 0.15859907865524292], [1630, 0.02200109325349331], [1640, 0.005930240731686354], [1650, 0.034834254533052444], [1660, 0.04560566693544388], [1670, 0.07728182524442673], [1680, 0.0073846084997057915], [1690, 0.09715080261230469], [1700, 0.09869718551635742], [1710, 0.002645776141434908], [1720, 0.004542576149106026], [1730, 0.02343907207250595], [1740, 0.03266731649637222], [1750, 0.005129811353981495], [1760, 0.07158707827329636], [1770, 0.005054487846791744], [1780, 0.011510683223605156], [1790, 0.07592800259590149], [1800, 0.002373486990109086], [1810, 0.01087871752679348], [1820, 0.026829754933714867], [1830, 0.05468624830245972], [1840, 0.006719113793224096], [1850, 0.0033194792922586203], [1860, 0.05245816335082054], [1870, 0.02969389781355858], [1880, 0.004573149140924215], [1890, 0.1512995809316635], [1900, 0.002615446224808693], [1910, 0.05018750578165054], [1920, 0.011108307167887688], [1930, 0.01430570986121893], [1940, 0.011166119948029518], [1950, 0.003521578386425972], [1960, 0.0268607996404171], [1970, 0.14938196539878845], [1980, 0.2959173321723938], [1990, 0.007942874915897846], [2000, 0.19437438249588013], [2010, 0.0027258095797151327], [2020, 0.013017281889915466], [2030, 0.07404131442308426], [2040, 0.0034547809045761824], [2050, 0.0018455702811479568], [2060, 0.09697763621807098], [2070, 0.23297367990016937], [2080, 0.16327181458473206], [2090, 0.023716052994132042], [2100, 0.004486941732466221], [2110, 0.047537606209516525], [2120, 0.004386962857097387], [2130, 0.02896699868142605], [2140, 0.008652180433273315], [2150, 0.03638753294944763], [2160, 0.0568150132894516], [2170, 0.08236124366521835], [2180, 0.012470397166907787], [2190, 0.08630172908306122], [2200, 0.07284078747034073], [2210, 0.04941907525062561], [2220, 0.008934823796153069], [2230, 0.05038992315530777], [2240, 0.11842089891433716], [2250, 0.028760939836502075], [2260, 0.05167737603187561], [2270, 0.0023050126619637012], [2280, 0.0561763159930706], [2290, 0.02940577082335949], [2300, 0.0010743956081569195], [2310, 0.012715993449091911], [2320, 0.051297686994075775], [2330, 0.007913725450634956], [2340, 0.0020626201294362545], [2350, 0.08759772777557373], [2360, 0.0021558559965342283], [2370, 0.06071885675191879], [2380, 0.014548870734870434], [2390, 0.004159080795943737], [2400, 0.0030663455836474895], [2410, 0.037630531936883926], [2420, 0.036203715950250626], [2430, 0.0792345255613327], [2440, 0.003107121679931879], [2450, 0.036452144384384155], [2460, 0.028093338012695312], [2470, 0.1085985004901886], [2480, 0.05957263335585594], [2490, 0.0027035116218030453], [2500, 0.0038242824375629425], [2510, 0.02586037665605545], [2520, 0.023996718227863312], [2530, 0.002470332896336913], [2540, 0.18252110481262207], [2550, 0.036467697471380234], [2560, 0.009327462874352932], [2570, 0.02487313561141491], [2580, 0.003073674626648426], [2590, 0.04395148903131485], [2600, 0.09246885776519775], [2610, 0.021429849788546562], [2620, 0.0015803793212398887], [2630, 0.020368188619613647], [2640, 0.023067912086844444], [2650, 0.021537426859140396], [2660, 0.11231303215026855], [2670, 0.062125690281391144], [2680, 0.004692976363003254], [2690, 0.00888857152312994], [2700, 0.07745251059532166], [2710, 0.0029826462268829346], [2720, 0.28987905383110046], [2730, 0.017057664692401886], [2740, 