{"num_epochs": 1, "loss": [[0, 0.8081797957420349], [10, 0.364337295293808], [20, 0.3647046685218811], [30, 0.2873261570930481], [40, 0.2174995392560959], [50, 0.21291089057922363], [60, 0.08629211038351059], [70, 0.16740047931671143], [80, 0.1650240123271942], [90, 0.03855296969413757], [100, 0.1723707765340805], [110, 0.06091643497347832], [120, 0.03425608202815056], [130, 0.10330486297607422], [140, 0.08237118273973465], [150, 0.2095075249671936], [160, 0.13048672676086426], [170, 0.04496460407972336], [180, 0.16005724668502808], [190, 0.1760578602552414], [200, 0.013894826173782349], [210, 0.13485543429851532], [220, 0.16445806622505188], [230, 0.04352123290300369], [240, 0.19036099314689636], [250, 0.052976589649915695], [260, 0.11055847257375717], [270, 0.04111664369702339], [280, 0.14015787839889526], [290, 0.06668831408023834], [300, 0.06843102723360062], [310, 0.10277780145406723], [320, 0.09369858354330063], [330, 0.013139474205672741], [340, 0.28422603011131287], [350, 0.20344671607017517], [360, 0.022185666486620903], [370, 0.036161717027425766], [380, 0.05937490984797478], [390, 0.028548460453748703], [400, 0.029781337827444077], [410, 0.23696300387382507], [420, 0.05628673732280731], [430, 0.06660445779561996], [440, 0.28920015692710876], [450, 0.12101033329963684], [460, 0.09531798213720322], [470, 0.009914932772517204], [480, 0.327950656414032], [490, 0.0845133513212204], [500, 0.04702812060713768], [510, 0.08296410739421844], [520, 0.0673186182975769], [530, 0.01273770909756422], [540, 0.05855024605989456], [550, 0.15478478372097015], [560, 0.11300961673259735], [570, 0.06351523101329803], [580, 0.06235012039542198], [590, 0.04597703367471695], [600, 0.08421933650970459], [610, 0.08350574225187302], [620, 0.030260737985372543], [630, 0.041802532970905304], [640, 0.026192111894488335], [650, 0.14445187151432037], [660, 0.019490834325551987], [670, 0.00471157394349575], [680, 0.11560484021902084], [690, 0.04387333616614342], [700, 0.014865129254758358], [710, 0.020279867574572563], [720, 0.008303710259497166], [730, 0.028458377346396446], [740, 0.005056017078459263], [750, 0.0375753790140152], [760, 0.03745223209261894], [770, 0.10005029290914536], [780, 0.057392802089452744], [790, 0.023619800806045532], [800, 0.003246679902076721], [810, 0.08031751215457916], [820, 0.0656130462884903], [830, 0.016945641487836838], [840, 0.12388730049133301], [850, 0.08084450662136078], [860, 0.04555785655975342], [870, 0.12262162566184998], [880, 0.1270522028207779], [890, 0.00468488922342658], [900, 0.018189266324043274], [910, 0.06255710124969482], [920, 0.011632643640041351], [930, 0.15075817704200745], [940, 0.012807871215045452], [950, 0.002984150778502226], [960, 0.013468156568706036], [970, 0.04355287179350853], [980, 0.11134713888168335], [990, 0.022762080654501915], [1000, 0.1700028032064438], [1010, 0.012420035898685455], [1020, 0.16227546334266663], [1030, 0.2690257430076599], [1040, 0.12360497564077377], [1050, 0.11180558055639267], [1060, 0.023806720972061157], [1070, 0.1030716747045517], [1080, 0.016621146351099014], [1090, 0.06447267532348633], [1100, 0.002794806379824877], [1110, 0.05854004621505737], [1120, 0.14271965622901917], [1130, 0.04341376572847366], [1140, 0.1323908269405365], [1150, 0.004664068575948477], [1160, 0.018430788069963455], [1170, 0.00480372691527009], [1180, 0.016623971983790398], [1190, 0.019148632884025574], [1200, 0.014195887371897697], [1210, 0.10434224456548691], [1220, 0.09607131779193878], [1230, 0.024528659880161285], [1240, 0.14930975437164307], [1250, 0.2373971790075302], [1260, 0.13108313083648682], [1270, 0.013432197272777557], [1280, 0.08608537912368774], [1290, 0.11607867479324341], [1300, 0.04787823557853699], [1310, 0.11111076921224594], [1320, 0.00518239289522171], [1330, 0.10201752185821533], [1340, 0.021623879671096802], [1350, 0.013782071880996227], [1360, 0.13034287095069885], [1370, 0.09859597682952881], [1380, 0.056733742356300354], [1390, 0.03423066809773445], [1400, 0.0954495221376419], [1410, 0.014770369976758957], [1420, 0.001948299235664308], [1430, 0.0020125475712120533], [1440, 0.033305585384368896], [1450, 0.0024185236543416977], [1460, 0.016931090503931046], [1470, 0.11536112427711487], [1480, 0.37171506881713867], [1490, 0.002734365640208125], [1500, 0.2435690015554428], [1510, 0.07623263448476791], [1520, 0.015042155981063843], [1530, 0.09405387938022614], [1540, 0.07123589515686035], [1550, 0.0015558911254629493], [1560, 0.0804448127746582], [1570, 0.008270025253295898], [1580, 0.06966780126094818], [1590, 0.027681250125169754], [1600, 0.011052371934056282], [1610, 0.055903565138578415], [1620, 0.0030439055990427732], [1630, 0.025989767163991928], [1640, 0.13529188930988312], [1650, 0.10372668504714966], [1660, 0.0016328494530171156], [1670, 0.014637118205428123], [1680, 0.002886650152504444], [1690, 0.0926423966884613], [1700, 0.3508338928222656], [1710, 0.04670512303709984], [1720, 0.12237042188644409], [1730, 0.07793896645307541], [1740, 0.06749232858419418], [1750, 0.08185853809118271], [1760, 0.04081323742866516], [1770, 0.05999867245554924], [1780, 0.06208623945713043], [1790, 0.0015087364008650184], [1800, 0.3072913885116577], [1810, 0.07468289136886597], [1820, 0.006453320384025574], [1830, 0.04331566393375397], [1840, 0.11431275308132172], [1850, 0.009255757555365562], [1860, 0.014872248284518719], [1870, 0.0041089141741395], [1880, 0.013346957974135876], [1890, 0.02408241294324398], [1900, 0.0364772267639637], [1910, 0.03017297200858593], [1920, 0.11413407325744629], [1930, 0.01627809926867485], [1940, 0.0224815271794796], [1950, 0.0479145310819149], [1960, 0.15119096636772156], [1970, 0.06951850652694702], [1980, 0.006046853493899107], [1990, 0.02848600223660469], [2000, 0.04151836037635803], [2010, 0.04918977618217468], [2020, 0.010054390877485275], [2030, 0.0037443642504513264], [2040, 0.003457613755017519], [2050, 0.013564463704824448], [2060, 0.020588070154190063], [2070, 0.054083358496427536], [2080, 0.1281900703907013], [2090, 0.01478398498147726], [2100, 0.02530646324157715], [2110, 0.004402583464980125], [2120, 0.007913051173090935], [2130, 0.13014847040176392], [2140, 0.0898829996585846], [2150, 0.21645474433898926], [2160, 0.05901723727583885], [2170, 0.004790219943970442], [2180, 0.014162003993988037], [2190, 0.013141184113919735], [2200, 0.05040564388036728], [2210, 0.008996767923235893], [2220, 0.003255272749811411], [2230, 0.13753080368041992], [2240, 0.02998659759759903], [2250, 0.021174779161810875], [2260, 0.0029045790433883667], [2270, 0.0185447558760643], [2280, 0.07872136682271957], [2290, 0.05483430624008179], [2300, 0.020165618509054184], [2310, 0.06523074209690094], [2320, 0.0015673990128561854], [2330, 0.03237582743167877], [2340, 0.016105255112051964], [2350, 0.006063996814191341], [2360, 0.0035749233793467283], [2370, 0.07420055568218231], [2380, 0.008468469604849815], [2390, 0.00314611429348588], [2400, 0.0016097936313599348], [2410, 0.1836349368095398], [2420, 0.002658265642821789], [2430, 0.07030957192182541], [2440, 0.035937245935201645], [2450, 0.013409290462732315], [2460, 0.015650153160095215], [2470, 0.019024798646569252], [2480, 0.01277814619243145], [2490, 0.08313903957605362], [2500, 0.006830677390098572], [2510, 0.01574239879846573]],