{"num_epochs": 3, "loss": [0.788361668586731, 0.3871766924858093, 0.11478286981582642, 0.05336384475231171, 0.09664570540189743, 0.03115782141685486, 0.055144600570201874, 0.13241736590862274, 0.0708947628736496, 0.05542593449354172, 0.04361201450228691, 0.0772448405623436, 0.030455999076366425, 0.17219972610473633, 0.07862508296966553, 0.05443926155567169, 0.08532635867595673, 0.14021830260753632, 0.06347590684890747, 0.09778209775686264, 0.07650669664144516, 0.06303656846284866, 0.05531078577041626, 0.08985566347837448, 0.03746911510825157, 0.005650571547448635, 0.16500288248062134, 0.009098486974835396, 0.049284517765045166, 0.035658083856105804, 0.04730013757944107, 0.01823006570339203, 0.036953456699848175, 0.03310482203960419, 0.27353551983833313, 0.044075608253479004, 0.09603964537382126, 0.018235309049487114, 0.07132308185100555, 0.11199480295181274, 0.05145438760519028, 0.11836607754230499, 0.05663135647773743, 0.020421333611011505, 0.05224006623029709, 0.044763386249542236, 0.06940605491399765, 0.09534099698066711, 0.033787667751312256, 0.06535226106643677, 0.06145108863711357, 0.1180160641670227, 0.030114173889160156, 0.03573215752840042, 0.0885174572467804, 0.05646006762981415, 0.04164954274892807, 0.0022041122429072857, 0.04113759100437164, 0.014418146573007107, 0.0268220417201519, 0.06259976327419281, 0.054173167794942856, 0.03323091194033623, 0.07875405997037888, 0.050873707979917526, 0.010907943360507488, 0.060143500566482544, 0.07517269998788834, 0.057382307946681976, 0.06974009424448013, 0.03416309878230095, 0.03905448317527771, 0.09256736934185028, 0.15517960488796234, 0.07484819740056992, 0.0023668878711760044, 0.19624511897563934, 0.06508524715900421, 0.06480786204338074, 0.017735350877046585, 0.023462805896997452, 0.05661332607269287, 0.01565665751695633, 0.01342160813510418, 0.10620391368865967, 0.07502865791320801, 0.053699105978012085, 0.06786397844552994, 0.10949405282735825, 0.03288118168711662, 0.026401959359645844, 0.007131466642022133, 0.032838497310876846, 0.02302931621670723, 0.14369302988052368, 0.05407578870654106, 0.02721572294831276, 0.10741742700338364, 0.0459991991519928, 0.05672917887568474, 0.05202053114771843, 0.04369039833545685, 0.031183017417788506, 0.13160350918769836, 0.10894324630498886, 0.017807189375162125, 0.027723228558897972, 0.21465079486370087, 0.009354200214147568, 0.04221251234412193, 0.03168489784002304, 0.021697161719202995, 0.05134376883506775, 0.010184451937675476, 0.015819091349840164, 0.1284106969833374, 0.022366125136613846, 0.027753233909606934, 0.04931057244539261, 0.044246457517147064, 0.07501500099897385, 0.04599861055612564, 0.05150095373392105, 0.009907705709338188, 0.06721082329750061, 0.08628763258457184, 0.04757755249738693, 0.05669254809617996, 0.05521784722805023, 0.16572049260139465, 0.05478329584002495, 0.03579004108905792, 0.12575563788414001, 0.03484993427991867, 0.018231958150863647, 0.05539070814847946, 0.05854852497577667, 0.042870305478572845, 0.04094768688082695, 0.05713264271616936, 0.012471741065382957, 0.028379902243614197, 0.0012408867478370667, 0.14388659596443176, 0.09162856638431549, 0.10967650264501572, 0.033770851790905, 0.01921762153506279, 0.027488691732287407, 0.019469089806079865, 0.03639116510748863, 0.020283102989196777, 0.11513233184814453, 0.12265744805335999, 0.05786466598510742, 0.001058482564985752, 0.004351629875600338, 0.008523828350007534, 0.025354716926813126, 0.11226055026054382, 0.017861805856227875, 0.00595805374905467, 0.058346763253211975, 0.024850115180015564, 0.005301663186401129, 0.05660305917263031, 0.1062004491686821, 0.04397941753268242, 0.03406430035829544, 0.006281947251409292, 0.05023915693163872, 0.0036896977107971907, 0.006650438532233238, 0.03456965833902359, 0.03118731454014778, 0.02747195027768612, 0.05324428528547287, 0.05639331787824631, 0.0756935179233551, 0.19822391867637634, 0.03538738563656807, 0.04601867496967316, 0.020418845117092133, 0.0014196767006069422, 0.04134560748934746, 0.051838457584381104, 0.0095057412981987, 0.023550590500235558, 0.08843865245580673, 0.03658367693424225, 0.015403027646243572, 0.13878971338272095, 0.08043623715639114, 0.14251551032066345, 0.04361870884895325, 0.0922887846827507, 0.03245650231838226, 0.002371705137193203, 0.005586644634604454, 0.020427998155355453, 0.04759595915675163, 0.06430859863758087, 0.06764059513807297, 0.025074614211916924, 0.04999504238367081, 0.00815771147608757, 0.0634271427989006, 0.06130528077483177, 0.10455113649368286, 0.04644196480512619, 0.06430807709693909, 0.05281681939959526, 0.019355785101652145, 0.08879843354225159, 0.019939370453357697, 0.04125688970088959, 0.012403476983308792, 0.023026227951049805, 0.022089911624789238, 0.022517068311572075, 0.051645539700984955, 0.17303316295146942, 0.0317535474896431, 0.012856650166213512, 0.06295781582593918, 0.027950776740908623, 0.03863215073943138, 0.09670712053775787, 0.010039799846708775, 0.03076448105275631, 0.12853646278381348, 0.029935874044895172, 0.007643934339284897, 0.054119572043418884, 0.0024670532438904047, 0.05519215017557144, 0.0334571897983551, 0.13609513640403748, 0.04701164364814758, 0.028368456289172173, 0.041099026799201965, 0.046148061752319336, 0.043345265090465546, 0.05262257158756256, 0.02969130501151085, 0.0018146883230656385, 0.0785246193408966, 0.016314003616571426, 0.04931937903165817, 0.06300854682922363, 0.05643798038363457, 0.018764063715934753, 0.021726882085204124, 0.09963386505842209, 0.07453661412000656, 0.07531484216451645, 0.019351091235876083, 0.0030303956009447575, 0.03226452320814133, 0.003461252897977829, 0.0104399174451828, 0.06087249517440796, 0.06910255551338196, 0.026297008618712425, 0.01566356234252453, 0.023327616974711418, 0.03414183855056763, 0.03617805987596512, 0.0036858038511127234, 0.00894065760076046, 0.21714884042739868, 0.0016734544187784195, 0.02055092342197895, 0.04543524235486984, 0.0017857691273093224, 0.0725274533033371, 0.04213982820510864, 0.04899970442056656, 0.005784280598163605, 0.04166027903556824, 0.013352805748581886, 0.005599266849458218, 0.001030564191751182, 0.0550406351685524, 0.09238755702972412, 0.03082592785358429, 0.006221262738108635, 0.06948116421699524, 0.03460110351443291, 0.04693005606532097, 0.11147241294384003, 0.027151387184858322, 0.0455610416829586, 0.08032479137182236, 0.015093307010829449, 0.04850322753190994, 0.014245957136154175, 0.010298069566488266, 0.0015407400205731392, 0.018197767436504364, 0.012679981999099255, 0.08516791462898254, 0.02239902876317501, 0.021799713373184204, 0.028914984315633774, 0.07932648062705994, 0.02009917050600052, 0.0006386382738128304, 0.03339958190917969, 0.07765831053256989, 0.12365689128637314, 0.04476524144411087, 0.25101321935653687, 0.04623745381832123, 0.025650357827544212, 0.030154524371027946, 0.022174645215272903, 0.017686408013105392, 0.027512826025485992, 0.02209465205669403, 0.05642722174525261, 0.002610966097563505, 0.06076963245868683, 0.08714351058006287, 0.01598612405359745, 0.06484168022871017, 0.03362959250807762, 0.02601724863052368, 0.1046680137515068, 0.05623982474207878, 0.07567732781171799, 0.0591910295188427, 0.05452359840273857, 0.08617527782917023, 0.0668642595410347, 0.001021376228891313, 0.009551849216222763, 0.037236206233501434, 0.0037991111166775227, 0.002671606373041868, 0.008033497259020805, 0.0015634901355952024, 0.014262321405112743, 0.03840508684515953, 0.03594250604510307, 0.10164244472980499, 0.06052183359861374, 0.0025928427930921316, 0.03919263556599617, 0.12173803150653839, 0.009094438515603542, 0.032212063670158386, 0.01949295960366726, 0.08060931414365768, 0.022793613374233246, 0.013532905839383602, 0.004734529182314873, 0.062248390167951584, 0.12099890410900116, 0.05978596210479736, 0.004544723313301802, 0.0014250862877815962, 0.04915640503168106, 0.08821062743663788, 0.01349941547960043, 0.021629706025123596, 0.030890747904777527, 0.011172467842698097],