{"jigsaw": {"precision": 0.8957, "recall": 0.7421, "f_beta": 0.7684, "specificity": 1.0, "fpr": 0.0096, "tpr": 0.7421, "confusion_matrix": {"tp": 1657, "fp": 193, "tn": 19929, "fn": 576}, "auc": 0.9886671064147915, "class_auc": {"toxicity": 0.9879248837292389, "severe_toxicity": 0.9915512840622283, "obscene": 0.9927218831123542, "threat": 0.9837309651476094, "insult": 0.9875734006291383, "identity_attack": 0.9885002218081802}}, "secondary_neutral": {"precision": 0.9054, "recall": 0.7732, "f_beta": 0.7964, "specificity": 0.9993, "fpr": 0.0072, "tpr": 0.7732, "confusion_matrix": {"tp": 4363, "fp": 456, "tn": 63091, "fn": 1280}, "auc": 0.9951558200645629, "class_auc": {"toxicity": 0.9917071740969001, "severe_toxicity": 0.997145857795942, "obscene": 0.9987516167490895, "threat": 0.9920482746329836, "insult": 0.9964868660264218, "identity_attack": 0.9947951310860406}}, "secondary_positive": {"precision": 1.0, "recall": 0.4722, "f_beta": 0.528, "specificity": 0, "fpr": 0, "tpr": 0.4722, "confusion_matrix": {"tp": 119, "fp": 0, "tn": 0, "fn": 133}}}