{"jigsaw": {"precision": 0.9141, "recall": 0.6386, "f1": 0.7519, "auc": 0.9814564562839035, "class_auc": {"toxicity": 0.9816060295031138, "severe_toxicity": 0.9896852423909702, "obscene": 0.9883799565485788, "threat": 0.9653484364634377, "insult": 0.984247686052577, "identity_attack": 0.9794713867447431}}, "secondary_neutral": {"precision": 0.378, "recall": 0.443, "f1": 0.408, "auc": 0.9303627423269941, "class_auc": {"toxicity": 0.9589132715806242, "severe_toxicity": 0.9023926954538982, "obscene": 0.9925735445339285, "threat": 0.8274078838913765, "insult": 0.9250855997617495, "identity_attack": 0.9758034587403878}}, "secondary_positive": {"precision": 1.0, "recall": 0.9643, "f1": 0.9818, "fpr": 0, "tpr": 0.9643, "confusion_matrix": {"tp": 243, "fp": 0, "tn": 0, "fn": 9}}}