{"jigsaw": {"precision": 0.9093, "recall": 0.6731, "f1": 0.7735, "auc": 0.9874645982866879, "class_auc": {"toxicity": 0.9853046463248534, "severe_toxicity": 0.990598062358675, "obscene": 0.9917606790898094, "threat": 0.9805148169004888, "insult": 0.9877425586777437, "identity_attack": 0.9888668263685564}}, "secondary_neutral": {"precision": 0.9292, "recall": 0.7165, "f1": 0.8091, "auc": 0.9942159109066284, "class_auc": {"toxicity": 0.9912483223172509, "severe_toxicity": 0.9969897258383562, "obscene": 0.9987930091891815, "threat": 0.9855920158613469, "insult": 0.99703268469032, "identity_attack": 0.9956397075433155}}, "secondary_positive": {"precision": 1.0, "recall": 0.3052, "f1": 0.4676, "fpr": 0, "tpr": 0.3052, "confusion_matrix": {"tp": 419, "fp": 0, "tn": 0, "fn": 954}}}