{"jigsaw": {"precision": 0.9046, "recall": 0.6498, "f_beta": 0.6886, "fpr": 0.0076, "tpr": 0.6498, "confusion_matrix": {"tp": 1451, "fp": 153, "tn": 19969, "fn": 782}, "specificity": 1.0, "auc": 0.9835574744062846, "class_auc": {"toxicity": 0.9829134896284253, "severe_toxicity": 0.9893410714540346, "obscene": 0.9895926634058322, "threat": 0.9751889640120182, "insult": 0.9856128900374771, "identity_attack": 0.9786957678999202}}, "secondary_neutral": {"precision": 0.9795, "recall": 0.4921, "f_beta": 0.5465, "fpr": 0.0009, "tpr": 0.4921, "confusion_matrix": {"tp": 2777, "fp": 58, "tn": 63489, "fn": 2866}, "specificity": 1.0, "auc": 0.9931203751737078, "class_auc": {"toxicity": 0.9877218487145902, "severe_toxicity": 0.9979372360248948, "obscene": 0.9979897224237038, "threat": 0.9887731961059503, "insult": 0.9962067939066354, "identity_attack": 0.9900934538664721}}, "secondary_positive": {"precision": 0, "recall": 0.0, "f_beta": 0, "fpr": 0, "tpr": 0.0, "confusion_matrix": {"tp": 0, "fp": 0, "tn": 0, "fn": 252}, "specificity": 0}}