{"num_epochs": 1, "loss": [[0, 0.7993654608726501], [100, 0.04724074900150299], [200, 0.10449016094207764], [300, 0.08798125386238098], [400, 0.02062840759754181], [500, 0.019670110195875168], [600, 0.05374497175216675], [700, 0.03271738439798355], [800, 0.04978318139910698], [900, 0.04883621633052826], [1000, 0.11003494262695312], [1100, 0.04036596044898033], [1200, 0.03261241316795349], [1300, 0.015023065730929375], [1400, 0.0031729992479085922], [1500, 0.006410128436982632], [1600, 0.0026787768583744764], [1700, 0.034872256219387054], [1800, 0.04290522262454033], [1900, 0.0042039863765239716], [2000, 0.023915357887744904], [2100, 0.03702910244464874], [2200, 0.0022843079641461372], [2300, 0.11583500355482101], [2400, 0.011030104011297226], [2500, 0.017701350152492523], [2600, 0.041387349367141724], [2700, 0.021260328590869904], [2800, 0.045320045202970505], [2900, 0.022411417216062546], [3000, 0.02813315950334072], [3100, 0.016971943899989128], [3200, 0.0013611068716272712], [3300, 0.03431461751461029], [3400, 0.029043689370155334], [3500, 0.06472821533679962], [3600, 0.07460042834281921], [3700, 0.0011799139901995659], [3800, 0.0109183881431818], [3900, 0.09352876245975494], [4000, 0.002257035579532385], [4100, 0.03846917301416397], [4200, 0.1002010703086853], [4300, 0.013769803568720818], [4400, 0.03547012060880661], [4500, 0.019699115306138992], [4600, 0.019433535635471344], [4700, 0.008231185376644135], [4800, 0.009006714448332787], [4900, 0.08937008678913116], [5000, 0.09793861210346222], [5100, 0.0062731350772082806], [5200, 0.030093258246779442], [5300, 0.03445514291524887], [5400, 0.0025470652617514133], [5500, 0.016023308038711548], [5600, 0.02015456184744835], [5700, 0.0012532741529867053], [5800, 0.01882416009902954], [5900, 0.020134061574935913], [6000, 0.053490012884140015], [6100, 0.023916535079479218], [6200, 0.004258465953171253], [6300, 0.009652589447796345], [6400, 0.008087806403636932], [6500, 0.0012573719723150134], [6600, 0.0022922679781913757], [6700, 0.00116392457857728], [6800, 0.0775039866566658], [6900, 0.10094819962978363], [7000, 0.07589143514633179], [7100, 0.06799349933862686], [7200, 0.015389708802103996], [7300, 0.0007624297286383808], [7400, 0.0012355857761576772], [7500, 0.05740204453468323], [7600, 0.027942433953285217], [7700, 0.08053582906723022], [7800, 0.0017251402605324984], [7900, 0.0029503486584872007], [8000, 0.02940032258629799], [8100, 0.07383885979652405], [8200, 0.00855853408575058], [8300, 0.016076939180493355], [8400, 0.035517990589141846], [8500, 0.0021281084045767784], [8600, 0.007242957130074501], [8700, 0.023899061605334282], [8800, 0.003771505318582058], [8900, 0.0010250943014398217], [9000, 0.03358940780162811], [9100, 0.0010245864978060126], [9200, 0.009185729548335075], [9300, 0.004844686947762966], [9400, 0.0008999480633065104], [9500, 0.021423397585749626], [9600, 0.0005597569397650659], [9700, 0.0014160795835778117], [9800, 0.004178170580416918], [9900, 0.026253610849380493], [10000, 0.010544704273343086], [10100, 0.02904747799038887], [10200, 0.04241776466369629], [10300, 0.0011798166669905186], [10400, 0.02751883678138256], [10500, 0.08448189496994019], [10600, 0.015483636409044266], [10700, 0.012787820771336555], [10800, 0.0006465557962656021], [10900, 0.0678938701748848], [11000, 0.000675919814966619], [11100, 0.018022887408733368], [11200, 0.004715842194855213]], "acc": [[0, 0.0625], [100, 0.9375], [200, 0.875], [300, 0.875], [400, 1.0], [500, 1.0], [600, 0.9375], [700, 0.9375], [800, 0.9375], [900, 0.875], [1000, 0.9375], [1100, 0.9375], [1200, 0.9375], [1300, 1.0], [1400, 1.0], [1500, 1.0], [1600, 1.0], [1700, 0.9375], [1800, 0.9375], [1900, 1.0], [2000, 0.9375], [2100, 0.9375], [2200, 1.0], [2300, 0.9375], [2400, 1.0], [2500, 1.0], [2600, 0.9375], [2700, 1.0], [2800, 0.9375], [2900, 0.9375], [3000, 0.9375], [3100, 1.0], [3200, 1.0], [3300, 0.9375], [3400, 0.9375], [3500, 0.9375], [3600, 0.9375], [3700, 1.0], [3800, 1.0], [3900, 0.875], [4000, 1.0], [4100, 0.9375], [4200, 0.875], [4300, 1.0], [4400, 0.9375], [4500, 1.0], [4600, 1.0], [4700, 1.0], [4800, 1.0], [4900, 0.8125], [5000, 0.875], [5100, 1.0], [5200, 0.875], [5300, 0.9375], [5400, 1.0], [5500, 0.9375], [5600, 1.0], [5700, 1.0], [5800, 0.9375], [5900, 0.9375], [6000, 0.9375], [6100, 1.0], [6200, 1.0], [6300, 1.0], [6400, 1.0], [6500, 1.0], [6600, 1.0], [6700, 1.0], [6800, 0.9375], [6900, 0.8125], [7000, 0.8125], [7100, 0.9375], [7200, 0.9375], [7300, 1.0], [7400, 1.0], [7500, 0.875], [7600, 0.9375], [7700, 0.875], [7800, 1.0], [7900, 1.0], [8000, 0.9375], [8100, 0.875], [8200, 1.0], [8300, 1.0], [8400, 0.9375], [8500, 1.0], [8600, 1.0], [8700, 0.9375], [8800, 1.0], [8900, 1.0], [9000, 0.9375], [9100, 1.0], [9200, 1.0], [9300, 1.0], [9400, 1.0], [9500, 0.9375], [9600, 1.0], [9700, 1.0], [9800, 1.0], [9900, 0.9375], [10000, 1.0], [10100, 0.9375], [10200, 0.875], [10300, 1.0], [10400, 0.9375], [10500, 0.8125], [10600, 1.0], [10700, 1.0], [10800, 1.0], [10900, 0.9375], [11000, 1.0], [11100, 1.0], [11200, 1.0]], "acc_flag": [[0, 0.3125], [100, 0.9375], [200, 0.9375], [300, 0.875], [400, 1.0], [500, 1.0], [600, 0.9375], [700, 0.9375], [800, 0.9375], [900, 0.9375], [1000, 1.0], [1100, 1.0], [1200, 0.9375], [1300, 1.0], [1400, 1.0], [1500, 1.0], [1600, 1.0], [1700, 0.9375], [1800, 1.0], [1900, 1.0], [2000, 1.0], [2100, 0.9375], [2200, 1.0], [2300, 0.9375], [2400, 1.0], [2500, 1.0], [2600, 1.0], [2700, 1.0], [2800, 1.0], [2900, 0.9375], [3000, 0.9375], [3100, 1.0], [3200, 1.0], [3300, 0.9375], [3400, 0.9375], [3500, 1.0], [3600, 0.9375], [3700, 1.0], [3800, 1.0], [3900, 0.9375], [4000, 1.0], [4100, 0.9375], [4200, 0.875], [4300, 1.0], [4400, 0.9375], [4500, 1.0], [4600, 1.0], [4700, 1.0], [4800, 1.0], [4900, 1.0], [5000, 0.9375], [5100, 1.0], [5200, 1.0], [5300, 1.0], [5400, 1.0], [5500, 0.9375], [5600, 1.0], [5700, 1.0], [5800, 1.0], [5900, 1.0], [6000, 0.9375], [6100, 1.0], [6200, 1.0], [6300, 1.0], [6400, 1.0], [6500, 1.0], [6600, 1.0], [6700, 1.0], [6800, 0.9375], [6900, 0.8125], [7000, 1.0], [7100, 0.9375], [7200, 1.0], [7300, 1.0], [7400, 1.0], [7500, 0.875], [7600, 1.0], [7700, 0.875], [7800, 1.0], [7900, 1.0], [8000, 0.9375], [8100, 0.875], [8200, 1.0], [8300, 1.0], [8400, 0.9375], [8500, 1.0], [8600, 1.0], [8700, 1.0], [8800, 1.0], [8900, 1.0], [9000, 1.0], [9100, 1.0], [9200, 1.0], [9300, 1.0], [9400, 1.0], [9500, 0.9375], [9600, 1.0], [9700, 1.0], [9800, 1.0], [9900, 0.9375], [10000, 1.0], [10100, 0.9375], [10200, 0.875], [10300, 1.0], [10400, 0.9375], [10500, 0.875], [10600, 1.0], [10700, 1.0], [10800, 1.0], [10900, 1.0], [11000, 1.0], [11100, 1.0], [11200, 1.0]], "auc": [], "f1": [], "precision": [], "recall": [], "epoch_batch_count": [11233]}