{"num_epochs": 3, "loss": [[0, 0.8062667846679688], [10, 0.25284022092819214], [20, 0.1759030818939209], [30, 0.06403712928295135], [40, 0.1741161197423935], [50, 0.06303374469280243], [60, 0.08326521515846252], [70, 0.10070189088582993], [80, 0.12066137790679932], [90, 0.05883932113647461], [100, 0.14156514406204224], [110, 0.033491041511297226], [120, 0.09092134237289429], [130, 0.10014819353818893], [140, 0.1012846976518631], [150, 0.08618460595607758], [156, 0.07471977174282074], [166, 0.050930269062519073], [176, 0.2223976105451584], [186, 0.10406806319952011], [196, 0.037212345749139786], [206, 0.04277680069208145], [216, 0.09466578811407089], [226, 0.010681855492293835], [236, 0.058580365031957626], [246, 0.010790685191750526], [256, 0.07364340126514435], [266, 0.027116989716887474], [276, 0.021643798798322678], [286, 0.06144815310835838], [296, 0.07650431245565414], [306, 0.008978085592389107], [312, 0.008505770936608315], [322, 0.05223948508501053], [332, 0.013808045536279678], [342, 0.07460466772317886], [352, 0.045334529131650925], [362, 0.06946350634098053], [372, 0.06514280289411545], [382, 0.015505967661738396], [392, 0.0059050023555755615], [402, 0.020537137985229492], [412, 0.12797826528549194], [422, 0.06818816065788269], [432, 0.04740189015865326], [442, 0.007506161462515593], [452, 0.08127757906913757], [462, 0.1371825933456421]], "acc": [[0, 0.1875], [10, 0.875], [20, 0.8125], [30, 1.0], [40, 0.8125], [50, 1.0], [60, 0.875], [70, 0.8125], [80, 0.875], [90, 0.9375], [100, 0.8125], [110, 1.0], [120, 0.875], [130, 0.9375], [140, 0.875], [150, 1.0], [156, 0.875], [166, 0.9375], [176, 0.8125], [186, 0.8125], [196, 0.9375], [206, 0.9375], [216, 0.875], [226, 1.0], [236, 0.9375], [246, 1.0], [256, 0.875], [266, 0.9375], [276, 1.0], [286, 0.8125], [296, 0.9375], [306, 1.0], [312, 1.0], [322, 0.9375], [332, 1.0], [342, 0.875], [352, 0.9375], [362, 0.875], [372, 0.9375], [382, 1.0], [392, 1.0], [402, 0.9375], [412, 0.8125], [422, 0.875], [432, 0.9375], [442, 1.0], [452, 0.875], [462, 0.75]], "acc_flag": [[0, 0.3125], [10, 0.875], [20, 0.8125], [30, 1.0], [40, 0.8125], [50, 1.0], [60, 0.875], [70, 0.8125], [80, 0.9375], [90, 0.9375], [100, 0.8125], [110, 1.0], [120, 0.875], [130, 0.9375], [140, 0.875], [150, 1.0], [156, 1.0], [166, 0.9375], [176, 0.9375], [186, 0.8125], [196, 0.9375], [206, 0.9375], [216, 1.0], [226, 1.0], [236, 1.0], [246, 1.0], [256, 0.9375], [266, 1.0], [276, 1.0], [286, 0.9375], [296, 0.9375], [306, 1.0], [312, 1.0], [322, 0.9375], [332, 1.0], [342, 1.0], [352, 1.0], [362, 0.875], [372, 0.9375], [382, 1.0], [392, 1.0], [402, 0.9375], [412, 0.875], [422, 1.0], [432, 1.0], [442, 1.0], [452, 0.9375], [462, 0.9375]], "epoch_batch_count": [156, 312, 468]}