{"num_epochs": 1, "loss": [[0, 0.8280160427093506], [10, 0.15901392698287964], [20, 0.28392016887664795], [30, 0.6030763983726501], [40, 0.19076555967330933], [50, 0.04040282219648361], [60, 0.08791381120681763], [70, 0.03595186024904251], [80, 0.03718481585383415], [90, 0.03679070994257927], [100, 0.09031173586845398], [110, 0.06160815805196762], [120, 0.10587204992771149], [130, 0.12615790963172913], [140, 0.17681929469108582], [150, 0.016486529260873795], [160, 0.0314992219209671], [170, 0.027480050921440125], [180, 0.06096353754401207], [190, 0.1848563551902771], [200, 0.26102572679519653], [210, 0.08805106580257416], [220, 0.032266635447740555], [230, 0.010648638010025024], [240, 0.057988278567790985], [250, 0.010396813973784447], [260, 0.015459517948329449], [270, 0.03400823101401329], [280, 0.00729028508067131], [290, 0.04809447377920151], [300, 0.05544513463973999], [310, 0.061198022216558456], [320, 0.009163938462734222], [330, 0.14392977952957153], [340, 0.06832578778266907], [350, 0.026583289727568626], [360, 0.021834632381796837], [370, 0.011320909485220909], [380, 0.026632271707057953], [390, 0.04427231475710869], [400, 0.06554263830184937], [410, 0.02550920844078064], [420, 0.009352541528642178], [430, 0.09817813336849213], [440, 0.12310146540403366], [450, 0.5984659194946289], [460, 0.12420570850372314], [470, 0.24137523770332336], [480, 0.09551446884870529], [490, 0.05212395638227463], [500, 0.09772548079490662], [510, 0.2551698088645935], [520, 0.2161438763141632], [530, 0.01312284730374813], [540, 0.1351611614227295], [550, 0.008048701100051403], [560, 0.13700762391090393], [570, 0.05477134510874748], [580, 0.08947880566120148], [590, 0.2022748440504074], [600, 0.03562818095088005], [610, 0.0239417627453804], [620, 0.1531902402639389], [630, 0.01642225682735443], [640, 0.17948728799819946], [650, 0.027108129113912582], [660, 0.44441723823547363], [670, 0.1594371199607849], [680, 0.040540724992752075], [690, 0.01594957709312439], [700, 0.14939886331558228], [710, 0.010986424051225185], [720, 0.012551618739962578], [730, 0.0362788662314415], [740, 0.03119076043367386], [750, 0.016820162534713745], [760, 0.0455063097178936], [770, 0.14593663811683655], [780, 0.03778688609600067], [790, 0.07245014607906342], [800, 0.01048986054956913], [810, 0.07871831953525543], [820, 0.05601003021001816], [830, 0.14027199149131775], [840, 0.019640624523162842], [850, 0.00906460639089346], [860, 0.05600232630968094], [870, 0.06831970065832138], [880, 0.06023105978965759], [890, 0.12006577849388123], [900, 0.10395033657550812], [910, 0.24182121455669403], [920, 0.03512335568666458], [930, 0.04215103015303612], [940, 0.10665591061115265], [950, 0.016880609095096588], [960, 0.14672496914863586], [970, 0.006307769101113081], [980, 0.17584209144115448], [990, 0.24003338813781738], [1000, 0.0059553710743784904], [1010, 0.09228067845106125], [1020, 0.04785401374101639], [1030, 0.007478808518499136], [1040, 0.0033294118475168943], [1050, 0.03156045824289322], [1060, 0.23043033480644226], [1070, 0.16221334040164948], [1080, 0.02501760795712471], [1090, 0.1819775104522705], [1100, 0.13453692197799683], [1110, 0.10784327238798141], [1120, 0.11765976250171661], [1130, 0.004720357246696949], [1140, 0.026671668514609337], [1150, 0.045491427183151245], [1160, 0.049228306859731674], [1170, 0.07417373359203339], [1180, 0.04524732753634453], [1190, 0.11088734865188599], [1200, 0.3096037805080414], [1210, 0.02755425125360489], [1220, 0.0393892340362072], [1230, 0.0030646915547549725], [1240, 0.02788529172539711], [1250, 0.053274914622306824], [1260, 0.05576927214860916], [1270, 0.003031493630260229], [1280, 0.002604919020086527], [1290, 0.05962120741605759], [1300, 0.12645745277404785], [1310, 0.007636870723217726], [1320, 0.004524417221546173], [1330, 0.025326844304800034], [1340, 0.017167717218399048], [1350, 0.10230198502540588], [1360, 0.040315669029951096], [1370, 0.0022783426102250814], [1380, 0.06736534833908081], [1390, 0.05766957625746727], [1400, 0.06848364323377609], [1410, 0.12648561596870422], [1420, 0.038982830941677094], [1430, 0.0023124157451093197], [1440, 0.021461278200149536], [1450, 0.04139081388711929], [1460, 0.02312372997403145], [1470, 0.17211782932281494], [1480, 0.010709559544920921], [1490, 0.016125809401273727], [1500, 0.08842900395393372], [1510, 0.17907002568244934], [1520, 0.0924498438835144], [1530, 0.0070326067507267], [1540, 0.12786747515201569], [1550, 0.08766245096921921], [1560, 0.06575541198253632], [1570, 0.05107693374156952], [1580, 0.07972031086683273], [1590, 0.05556979030370712], [1600, 0.09852264821529388], [1610, 0.07816373556852341], [1620, 0.384326696395874], [1630, 0.055811598896980286], [1640, 0.15888026356697083], [1650, 0.0023358415346592665], [1660, 0.11313041299581528], [1670, 0.09264381229877472], [1680, 0.14868538081645966], [1690, 0.1183868870139122], [1700, 0.042102307081222534], [1710, 0.0015186637174338102], [1720, 0.0586460679769516], [1730, 0.00424214918166399], [1740, 0.002585913985967636], [1750, 0.05242368206381798], [1760, 0.2842288911342621], [1770, 0.016851894557476044], [1780, 0.09353406727313995], [1790, 0.09065417945384979], [1800, 0.17826776206493378], [1810, 0.08032386004924774], [1820, 0.024621358141303062], [1830, 0.04870688170194626], [1840, 0.0018234046874567866], [1850, 0.055478453636169434], [1860, 0.07506036758422852], [1870, 0.1057516485452652], [1880, 0.07860609143972397], [1890, 0.08676691353321075], [1900, 0.13176001608371735], [1910, 0.044606149196624756], [1920, 0.04729261249303818], [1930, 0.04124048724770546], [1940, 0.08117447793483734], [1950, 0.005092903506010771], [1960, 0.05866619944572449], [1970, 0.12231140583753586], [1980, 0.08730725944042206], [1990, 0.0029208380728960037], [2000, 0.09495118260383606], [2010, 0.088121697306633], [2020, 0.0014846324920654297], [2030, 0.006223559379577637], [2040, 0.08043918013572693], [2050, 0.036897871643304825], [2060, 0.03785248100757599], [2070, 0.19210219383239746], [2080, 0.005045616067945957], [2090, 0.05088452249765396], [2100, 0.13736307621002197], [2110, 0.0021352439653128386], [2120, 0.0019267681054770947], [2130, 0.09365858882665634], [2140, 0.06111036241054535], [2150, 0.08425335586071014], [2160, 0.015170842409133911], [2170, 0.07762539386749268], [2180, 0.0014778075274080038], [2190, 0.0016931034624576569], [2200, 0.14567920565605164], [2210, 0.02318650111556053], [2220, 0.2055751383304596], [2230, 0.044999729841947556], [2240, 0.10369160026311874], [2250, 0.07282644510269165], [2260, 0.00365978991612792], [2270, 0.11261101812124252], [2280, 0.0019269941840320826], [2290, 0.051359981298446655]],