{"CLEAN": {"mean_auc": 0.9547987820328876, "mean_f1": 0.3660558646126968, "mean_accuracy": 0.9764411177049475, "mean_recall": 0.2929900926532893, "mean_precision": 0.5262367819852137, "scores": {"toxicity": {"auc": 0.9770874130390463, "f1": 0.705019305019305, "recall": 0.5751181102362205, "precision": 0.9107231920199501, "accuracy": 0.9544329466495691}, "severe_toxicity": {"auc": 0.9416969915280088, "f1": 0.011928429423459246, "recall": 0.010752688172043012, "precision": 0.013392857142857142, "accuracy": 0.9851787791131125}, "obscene": {"auc": 0.989467166372658, "f1": 0.6993530813755533, "recall": 0.5621237000547346, "precision": 0.9252252252252252, "accuracy": 0.9736677302955298}, "threat": {"auc": 0.8761193665442848, "f1": 0.006211180124223602, "recall": 0.01020408163265306, "precision": 0.004464285714285714, "accuracy": 0.990457161602004}, "insult": {"auc": 0.9673596586989187, "f1": 0.5650319829424307, "recall": 0.4734961286480048, "precision": 0.7004405286343612, "accuracy": 0.9634986431276653}, "identity_attack": {"auc": 0.9770620960144086, "f1": 0.20879120879120877, "recall": 0.12624584717607973, "precision": 0.6031746031746031, "accuracy": 0.9914114454418036}}}, "DIRTY": {"mean_auc": NaN, "mean_f1": 0.48371702146072915, "mean_accuracy": 0.9681281094527363, "mean_recall": 0.4684620877096002, "mean_precision": 0.5, "scores": {"toxicity": {"auc": NaN, "f1": 0.0, "recall": 0.0, "precision": 0.0, "accuracy": 0.9983070757324488}, "severe_toxicity": {"auc": NaN, "f1": 0.9673736598940401, "recall": 0.9368090105030403, "precision": 1.0, "accuracy": 0.9368090105030403}, "obscene": {"auc": NaN, "f1": 0.0, "recall": 0.0, "precision": 0.0, "accuracy": 0.9996890547263682}, "threat": {"auc": NaN, "f1": 0.9687165965937433, "recall": 0.939331122166943, "precision": 1.0, "accuracy": 0.939331122166943}, "insult": {"auc": NaN, "f1": 0.9662118722765912, "recall": 0.9346323935876175, "precision": 1.0, "accuracy": 0.9346323935876175}, "identity_attack": {"auc": NaN, "f1": 0.0, "recall": 0.0, "precision": 0.0, "accuracy": 1.0}}}, "BOTH": {"mean_auc": 0.9923666700023044, "mean_f1": 0.745589994677523, "mean_accuracy": 0.9725899130880163, "mean_recall": 0.6728333984019521, "mean_precision": 0.8969457176717072, "scores": {"toxicity": {"auc": 0.986244430948273, "f1": 0.6984126984126985, "recall": 0.5751181102362205, "precision": 0.8889970788704966, "accuracy": 0.9747587112057237}, "severe_toxicity": {"auc": 0.9972931563158711, "f1": 0.9588769845479297, "recall": 0.9279676966772747, "precision": 0.9919163100332857, "accuracy": 0.962770299470205}, "obscene": {"auc": 0.992743635248681, "f1": 0.6972165648336729, "recall": 0.5621237000547346, "precision": 0.9177837354781054, "accuracy": 0.9857227459705171}, "threat": {"auc": 0.9975899288795783, "f1": 0.9632266978424913, "recall": 0.9361958542800083, "precision": 0.9918648766963374, "accuracy": 0.9667717720121004}, "insult": {"auc": 0.9951644740745103, "f1": 0.9470158136371366, "recall": 0.9093491819873951, "precision": 0.9879377017774151, "accuracy": 0.9501256462378155}, "identity_attack": {"auc": 0.9851643945469125, "f1": 0.20879120879120877, "recall": 0.12624584717607973, "precision": 0.6031746031746031, "accuracy": 0.9953903036317365}}}}