{"jigsaw": {"precision": 0.8999, "recall": 0.6883, "f_beta": 0.7223, "specificity": 1.0, "fpr": 0.0085, "tpr": 0.6883, "confusion_matrix": {"tp": 1537, "fp": 171, "tn": 19951, "fn": 696}, "auc": 0.9874950833982487, "class_auc": {"toxicity": 0.9860178445545955, "severe_toxicity": 0.9914125786375498, "obscene": 0.9914088239444173, "threat": 0.9800694412867857, "insult": 0.985600805844238, "identity_attack": 0.9904610061219057}}, "secondary_neutral": {"precision": 0.8594, "recall": 0.7659, "f_beta": 0.7829, "specificity": 0.9975, "fpr": 0.0111, "tpr": 0.7659, "confusion_matrix": {"tp": 4322, "fp": 707, "tn": 62840, "fn": 1321}, "auc": 0.9934528287830506, "class_auc": {"toxicity": 0.9898487875552731, "severe_toxicity": 0.9960447166213903, "obscene": 0.998655757777679, "threat": 0.987640847423645, "insult": 0.9937975831022434, "identity_attack": 0.994729280218073}}, "secondary_positive": {"precision": 1.0, "recall": 0.88, "f_beta": 0.9016, "specificity": 0, "fpr": 0, "tpr": 0.88, "confusion_matrix": {"tp": 22, "fp": 0, "tn": 0, "fn": 3}}}