{"num_epochs": 3, "loss": [[0, 0.8083717226982117], [50, 0.04487689957022667], [100, 0.07932674884796143], [150, 0.1735362410545349], [200, 0.05083584785461426], [250, 0.07972094416618347], [300, 0.009389536455273628], [350, 0.04628323018550873], [400, 0.03532322123646736], [450, 0.005203555338084698], [500, 0.05203194171190262], [550, 0.05661284923553467], [600, 0.005116966553032398], [650, 0.032451629638671875], [700, 0.08251473307609558], [750, 0.03238797187805176], [800, 0.025004226714372635], [850, 0.08631253242492676], [900, 0.13511453568935394], [950, 0.06981886178255081], [1000, 0.046751417219638824], [1050, 0.38719427585601807], [1100, 0.04053614288568497], [1150, 0.0033548767678439617], [1200, 0.010472266934812069], [1250, 0.0024967161007225513], [1300, 0.012304136529564857], [1350, 0.00224862527102232], [1400, 0.002682172227650881], [1450, 0.01181336771696806], [1500, 0.00848255306482315], [1550, 0.023162957280874252], [1600, 0.06920332461595535], [1650, 0.005059652030467987], [1700, 0.05379144847393036], [1750, 0.1437731385231018], [1800, 0.2907700538635254], [1850, 0.11467962712049484], [1900, 0.0029396498575806618], [1950, 0.0026220381259918213], [2000, 0.010392533615231514], [2050, 0.0023118825629353523], [2100, 0.06109235808253288], [2150, 0.002454788889735937], [2200, 0.0066628470085561275], [2250, 0.0493898019194603], [2300, 0.0013630769681185484], [2350, 0.0273074172437191], [2400, 0.23559939861297607], [2450, 0.06272373348474503], [2500, 0.06874257326126099], [2550, 0.001362021081149578], [2600, 0.001227061147801578], [2650, 0.1526241898536682], [2700, 0.0013305380707606673], [2750, 0.006387953646481037], [2800, 0.06529244780540466], [2850, 0.04407939314842224], [2900, 0.0015004038577899337], [2950, 0.047642823308706284], [3000, 0.003170253708958626], [3050, 0.08237800002098083], [3100, 0.03674036264419556], [3150, 0.013700420968234539], [3200, 0.10091882944107056], [3250, 0.0420621782541275], [3300, 0.03746600076556206], [3350, 0.0010115313343703747], [3400, 0.0008991041104309261], [3450, 0.08872630447149277], [3500, 0.12270225584506989], [3550, 0.07556311786174774], [3600, 0.0009165642550215125], [3650, 0.000847016810439527], [3700, 0.0017423438839614391], [3750, 0.11333195865154266], [3800, 0.2842676043510437], [3850, 0.05898386240005493], [3900, 0.06646386533975601], [3950, 0.042764127254486084], [4000, 0.19030439853668213], [4050, 0.004803311079740524], [4100, 0.12461629509925842], [4150, 0.02583537995815277], [4200, 0.09100409597158432], [4250, 0.025024209171533585], [4300, 0.07209379971027374], [4350, 0.0014805919490754604], [4400, 0.07069113850593567], [4450, 0.07502426207065582], [4500, 0.0027676085010170937], [4550, 0.02584189921617508], [4600, 0.027847085148096085], [4650, 0.03992126137018204], [4700, 0.2061794102191925], [4750, 0.002006161492317915], [4800, 0.07306446880102158], [4850, 0.0032366449013352394], [4900, 0.0036670262925326824], [4950, 0.07787306606769562], [5000, 0.015202142298221588], [5050, 0.10958334058523178], [5100, 0.0016695279628038406], [5150, 0.008292409591376781], [5200, 0.004887459799647331], [5250, 0.07633837312459946], [5300, 0.011993719264864922], [5350, 0.004508818965405226], [5400, 0.26492324471473694], [5450, 0.039793018251657486], [5500, 0.04685795307159424], [5550, 0.1133878231048584], [5589, 0.024435317143797874], [5639, 0.03654799982905388], [5689, 0.05592934787273407], [5739, 0.16046474874019623], [5789, 0.004829351790249348], [5839, 0.023035487160086632], [5889, 0.03055344894528389], [5939, 0.0481707826256752], [5989, 0.07325610518455505], [6039, 0.07969532161951065], [6089, 0.002883870154619217], [6139, 0.009526318870484829], [6189, 0.05209599435329437], [6239, 0.014877348206937313], [6289, 0.0007514577591791749], [6339, 0.04765194654464722], [6389, 0.011411748826503754], [6439, 0.03638006001710892], [6489, 0.012690181843936443], [6539, 0.005620566196739674], [6589, 0.0010283743031322956], [6639, 0.1032903715968132], [6689, 0.010689305141568184], [6739, 0.08048266917467117], [6789, 0.06512301415205002], [6839, 0.003734889207407832], [6889, 0.15112319588661194], [6939, 0.23673194646835327], [6989, 0.017833661288022995], [7039, 0.14876991510391235], [7089, 0.04255565628409386], [7139, 0.21574585139751434], [7189, 0.0028065242804586887], [7239, 0.13837556540966034], [7289, 0.002710250671952963], [7339, 0.06341953575611115], [7389, 0.03146810457110405], [7439, 0.0018419207772240043], [7489, 0.05767166614532471], [7539, 0.019059913232922554], [7589, 0.016625234857201576], [7639, 0.02615685574710369], [7689, 0.22167067229747772], [7739, 0.09014910459518433], [7789, 0.07010883837938309], [7839, 0.028371956199407578], [7889, 0.005697415675967932], [7939, 0.09131976217031479], [7989, 0.03769718110561371], [8039, 0.1692546010017395], [8089, 0.04220915958285332], [8139, 0.14028051495552063], [8189, 0.013056788593530655], [8239, 0.2468394935131073], [8289, 0.0005401165690273046], [8339, 0.06632192432880402], [8389, 0.06719232350587845], [8439, 0.040486209094524384], [8489, 0.0553787462413311], [8539, 0.054235152900218964], [8589, 0.03360520303249359], [8639, 0.016264600679278374], [8689, 0.001432770281098783], [8739, 0.13728129863739014], [8789, 0.329303503036499], [8839, 0.07485999166965485], [8889, 0.10303335636854172], [8939, 0.022324226796627045], [8989, 0.011243688873946667], [9039, 0.06542149186134338], [9089, 0.005788128357380629], [9139, 0.15820185840129852], [9189, 0.022309420630335808], [9239, 0.08327202498912811], [9289, 0.0003595056477934122], [9339, 0.1301591396331787], [9389, 0.18490901589393616], [9439, 0.03687410056591034], [9489, 0.0016565955011174083], [9539, 0.11184151470661163], [9589, 0.10995643585920334], [9639, 0.004985416773706675], [9689, 0.0007745068287476897], [9739, 0.11127152293920517], [9789, 0.014981183223426342], [9839, 0.020453613251447678], [9889, 0.007665994577109814], [9939, 0.13170252740383148], [9989, 0.008749119006097317], [10039, 0.0012110390234738588], [10089, 0.23491796851158142], [10139, 0.08825202286243439], [10189, 0.21651926636695862], [10239, 0.06400406360626221], [10289, 0.070187047123909], [10339, 0.2269515097141266], [10389, 0.03510051593184471], [10439, 0.032958321273326874], [10489, 0.0020475538913160563], [10539, 0.025453386828303337], [10589, 0.047850750386714935], [10639, 0.0629427507519722], [10689, 0.08522849529981613], [10739, 0.07266832888126373], [10789, 0.0003243349783588201], [10839, 0.17477326095104218], [10889, 0.07549812644720078], [10939, 0.014200776815414429], [10989, 0.030549271032214165], [11039, 0.06360889226198196], [11089, 0.0011656846618279815], [11139, 0.0723891407251358], [11178, 0.02020912989974022], [11228, 0.0022934582084417343], [11278, 0.00253585958853364], [11328, 0.009879051707684994], [11378, 0.006996756419539452], [11428, 0.02959432266652584], [11478, 0.10523044317960739], [11528, 0.12916268408298492], [11578, 0.009807037189602852], [11628, 0.016151823103427887], [11678, 0.13947877287864685], [11728, 0.028713669627904892], [11778, 0.04054868593811989], [11828, 0.034466713666915894], [11878, 0.03993195667862892], [11928, 0.03550580143928528], [11978, 0.001924334093928337], [12028, 0.06798150390386581], [12078, 0.014791766181588173], [12128, 0.03677714616060257], [12178, 0.019964413717389107], [12228, 0.002408812288194895], [12278, 0.05639088898897171], [12328, 0.0004921066574752331], [12378, 0.041815102100372314], [12428, 0.00028091995045542717], [12478, 0.014545603655278683], [12528, 0.0005127815529704094], [12578, 0.0020752539858222008], [12628, 0.04572059214115143], [12678, 0.04813304543495178], [12728, 0.0005450820899568498], [12778, 0.05560837686061859], [12828, 0.0006309670861810446], [12878, 0.00039056618697941303], [12928, 0.0008581391884945333], [12978, 0.038685306906700134], [13028, 0.10871859639883041], [13078, 0.049504540860652924], [13128, 0.0020066730212420225], [13178, 0.07015782594680786], [13228, 0.02633349411189556], [13278, 0.057869330048561096], [13328, 0.14649249613285065], [13378, 