{"jigsaw": {"precision": 0.9286, "recall": 0.5647, "f1": 0.7023, "auc": 0.9773541719979191, "class_auc": {"toxicity": 0.9764558763457646, "severe_toxicity": 0.987355120887611, "obscene": 0.9864958864165732, "threat": 0.9508763523037695, "insult": 0.982599856543068, "identity_attack": 0.9803419394907285}}, "secondary_neutral": {"precision": 0.9744, "recall": 0.4583, "f1": 0.6234, "auc": 0.9733562725279046, "class_auc": {"toxicity": 0.9785782051392988, "severe_toxicity": 0.9856033472976755, "obscene": 0.9958722903921046, "threat": 0.8999098888369088, "insult": 0.9901812646634808, "identity_attack": 0.9899926388379585}}, "secondary_positive": {"precision": 0, "recall": 0.0, "f1": 0, "fpr": 0, "tpr": 0.0, "confusion_matrix": {"tp": 0, "fp": 0, "tn": 0, "fn": 5405}}}