{"num_epochs": 1, "loss": [[0, 0.7985741496086121], [10, 0.4239048659801483], [20, 0.38695821166038513], [30, 0.47468945384025574], [40, 0.08528055995702744], [50, 0.14677104353904724], [60, 0.1977049708366394], [70, 0.3275449573993683], [80, 0.19813278317451477], [90, 0.34247517585754395], [100, 0.13847807049751282], [110, 0.3152378797531128], [120, 0.3192734122276306], [130, 0.10404439270496368], [140, 0.3871272802352905], [150, 0.03563668951392174], [160, 0.02946668677031994], [170, 0.01985352300107479], [180, 0.2568058967590332], [190, 0.18309494853019714], [200, 0.2263275384902954], [210, 0.1675339937210083], [220, 0.1220022588968277], [230, 0.017365699633955956], [240, 0.11996542662382126], [250, 0.2657434940338135], [260, 0.0498964749276638], [270, 0.10401664674282074], [280, 0.17580096423625946], [290, 0.18506160378456116], [300, 0.16624236106872559], [310, 0.04063379764556885], [320, 0.07812687754631042], [330, 0.04122244566679001], [340, 0.10377225279808044], [350, 0.05815350264310837], [360, 0.13790906965732574], [370, 0.025773193687200546], [380, 0.11662285774946213], [390, 0.0657656192779541], [400, 0.07205922156572342], [410, 0.07551155239343643], [420, 0.10821354389190674], [430, 0.28122928738594055], [440, 0.05467206984758377], [450, 0.12866199016571045], [460, 0.03967369720339775], [470, 0.1779516637325287], [480, 0.03511617332696915], [490, 0.09434978663921356], [500, 0.04927511140704155], [510, 0.07357174158096313], [520, 0.08229422569274902], [530, 0.045926786959171295], [540, 0.20816397666931152], [550, 0.0524943470954895], [560, 0.020496245473623276], [570, 0.009617275558412075], [580, 0.01944577693939209], [590, 0.04393047094345093], [600, 0.029957499355077744], [610, 0.09703319519758224], [620, 0.07473815232515335], [630, 0.023180579766631126], [640, 0.14744283258914948], [650, 0.0520063191652298], [660, 0.09322720766067505], [670, 0.07495599240064621], [680, 0.0837702751159668], [690, 0.04156874120235443], [700, 0.07750403136014938], [710, 0.1981712281703949], [720, 0.23080210387706757], [730, 0.028057310730218887], [740, 0.11352591216564178], [750, 0.07608446478843689], [760, 0.041476041078567505], [770, 0.10802599787712097], [780, 0.20282205939292908], [790, 0.24096834659576416], [800, 0.30086779594421387], [810, 0.01635631173849106], [820, 0.3500838875770569], [830, 0.03886160999536514], [840, 0.10227261483669281], [850, 0.053333111107349396], [860, 0.03322329744696617], [870, 0.1763307899236679], [880, 0.01467056479305029], [890, 0.01970532536506653], [900, 0.012975628487765789], [910, 0.03760680556297302], [920, 0.07845323532819748], [930, 0.053741704672575], [940, 0.23352491855621338], [950, 0.07807360589504242], [960, 0.20176878571510315], [970, 0.2409818172454834], [980, 0.059607457369565964], [990, 0.0055030593648552895], [1000, 0.09436920285224915], [1010, 0.06313738226890564], [1020, 0.09634165465831757], [1030, 0.07479280233383179], [1040, 0.07236745208501816], [1050, 0.0393502339720726], [1060, 0.007153612561523914], [1070, 0.008732551708817482], [1080, 0.1509452611207962], [1090, 0.05326099693775177], [1100, 0.13588941097259521], [1110, 0.009250195696949959], [1120, 0.04989907145500183], [1130, 0.04013014957308769], [1140, 0.07474122941493988], [1150, 0.02586158737540245], [1160, 0.06441494077444077], [1170, 0.36473309993743896], [1180, 0.11133959889411926], [1190, 0.10421939939260483], [1200, 0.025124751031398773], [1210, 0.002688613487407565], [1220, 0.012120379135012627], [1230, 0.02281215414404869], [1240, 0.06819666922092438], [1250, 0.015199331566691399], [1260, 0.052808817476034164], [1270, 0.3217276930809021], [1280, 0.14269450306892395], [1290, 0.007594585418701172], [1300, 0.007791110314428806], [1310, 0.023974012583494186], [1320, 0.016338098794221878], [1330, 0.0928051769733429], [1340, 0.01874958723783493], [1350, 0.0064483629539608955], [1360, 0.013500457629561424], [1370, 0.07424499839544296], [1380, 0.0803442895412445], [1390, 0.30649814009666443], [1400, 0.04009457305073738], [1410, 0.014330053701996803], [1420, 0.060835711658000946], [1430, 0.0069894022308290005], [1440, 0.011151552200317383], [1450, 0.1931854784488678], [1460, 0.09257873892784119], [1470, 0.12870842218399048], [1480, 0.047477107495069504], [1490, 0.054165393114089966], [1500, 0.05905495211482048], [1510, 0.006019293796271086], [1520, 0.037962790578603745], [1530, 0.018097713589668274], [1540, 0.04995990917086601], [1550, 0.02459239773452282], [1560, 0.05913244187831879], [1570, 0.0029558115638792515], [1580, 0.011683996766805649], [1590, 0.1949334442615509], [1600, 0.016702426597476006], [1610, 0.008044635877013206], [1620, 0.081411212682724], [1630, 0.14211393892765045], [1640, 0.057429682463407516], [1650, 0.006594523321837187], [1660, 0.012762503698468208], [1670, 0.18086782097816467], [1680, 0.11013957113027573], [1690, 0.0034766439348459244], [1700, 0.026933958753943443], [1710, 0.09474407136440277], [1720, 0.04041237384080887], [1730, 0.03190089017152786], [1740, 0.02181657776236534], [1750, 0.2121882438659668], [1760, 0.0021450724452733994], [1770, 0.14917418360710144], [1780, 0.0049075474962592125], [1790, 0.029980873689055443], [1800, 0.02831411175429821], [1810, 0.01662195473909378], [1820, 0.0777038186788559], [1830, 0.054332904517650604], [1840, 0.05547812581062317], [1850, 0.3335752487182617], [1860, 0.003568864893168211], [1870, 0.24193474650382996], [1880, 0.2995889186859131], [1890, 0.07257598638534546], [1900, 0.2134067267179489], [1910, 0.3397524058818817], [1920, 0.08534209430217743], [1930, 0.007453294470906258], [1940, 0.030596274882555008], [1950, 0.10052347183227539], [1960, 0.027701279148459435], [1970, 0.1277894228696823], [1980, 0.026933103799819946], [1990, 0.04107049107551575], [2000, 0.037456728518009186], [2010, 0.023777788504958153], [2020, 0.006776857189834118], [2030, 0.1433861404657364], [2040, 0.06245799362659454], [2050, 0.10162284225225449], [2060, 0.06367360800504684], [2070, 0.03833496570587158], [2080, 0.1366986334323883], [2090, 0.0012227629777044058], [2100, 0.09282703697681427], [2110, 0.028506053611636162], [2120, 0.09456931054592133], [2130, 0.0356951542198658], [2140, 0.020786186680197716], [2150, 0.004909455310553312], [2160, 0.004810905084013939], [2170, 0.016312364488840103], [2180, 0.0021790163591504097], [2190, 0.017423614859580994], [2200, 0.13368897140026093], [2210, 0.21279053390026093], [2220, 0.04030797630548477], [2230, 0.24669012427330017], [2240, 0.004803258925676346], [2250, 0.10437214374542236], [2260, 0.021984905004501343], [2270, 0.14852452278137207], [2280, 0.005537260323762894], [2290, 0.025978293269872665], [2300, 0.07629513740539551], [2310, 0.23507623374462128], [2320, 0.2533586025238037], [2330, 0.03004038892686367], [2340, 0.12479589879512787], [2350, 0.021888557821512222], [2360, 0.013805855065584183], [2370, 0.0399855375289917], [2380, 0.049188219010829926], [2390, 0.017933430150151253], [2400, 0.08221054077148438], [2410, 0.0032436109613627195], [2420, 0.18109580874443054], [2430, 0.0035796896554529667], [2440, 0.0060303909704089165], [2450, 0.028147954493761063], [2460, 0.004185633268207312], [2470, 0.002350110560655594], [2480, 0.2092643827199936], [2490, 0.03811594098806381], [2500, 0.44173961877822876], [2510, 0.12332360446453094], [2520, 0.004367965739220381], [2530, 0.004356365650892258], [2540, 0.05113845691084862], [2550, 0.028509702533483505], [2560, 0.003799205180257559], [2570, 0.06606830656528473], [2580, 0.018330639228224754], [2590, 0.008624071255326271], [2600, 0.09717127680778503], [2610, 0.004198066424578428], [2620, 0.04302627965807915], [2630, 0.116591677069664], [2640, 0.005741343833506107], [2650, 0.20310209691524506], [2660, 0.021479029208421707], [2670, 0.08926346153020859], [2680, 0.020583216100931168], [2690, 0.008885622024536133], [2700, 0.003716045990586281], [2710, 0.04199526831507683], [2720, 0.005150249227881432], [2730, 0.027317851781845093], [2740, 0.1225423663854599], [2750, 0.0063647860661149025], [2760, 