{"num_epochs": 1, "loss": [[0, 0.7811074256896973], [100, 0.25497233867645264], [200, 0.17737072706222534], [300, 0.09983973205089569], [400, 0.09242630004882812], [500, 0.04082731157541275], [600, 0.1324768364429474], [700, 0.046892546117305756], [800, 0.07487647235393524], [900, 0.054077960550785065], [1000, 0.17976540327072144], [1100, 0.05779404565691948], [1200, 0.07795485854148865], [1300, 0.018404163420200348], [1400, 0.08444042503833771], [1500, 0.03733828291296959], [1600, 0.04201557859778404], [1700, 0.03733839839696884], [1800, 0.029977664351463318], [1900, 0.045491501688957214], [2000, 0.041906923055648804], [2100, 0.030339810997247696], [2200, 0.017647113651037216], [2300, 0.03433377295732498], [2400, 0.03121662698686123], [2500, 0.010834108106791973], [2600, 0.0922006368637085], [2700, 0.06557953357696533], [2800, 0.06072051823139191], [2900, 0.05078008770942688], [3000, 0.06273716688156128], [3100, 0.028651781380176544], [3200, 0.01783272996544838], [3300, 0.17527465522289276], [3400, 0.043882399797439575], [3500, 0.11678750813007355], [3600, 0.023492559790611267], [3700, 0.05213456600904465], [3800, 0.027806272730231285], [3900, 0.054969482123851776], [4000, 0.012169661931693554], [4100, 0.20520064234733582], [4200, 0.06925712525844574], [4300, 0.002792846877127886], [4400, 0.015018767677247524], [4500, 0.02865293249487877], [4600, 0.021641284227371216], [4700, 0.0642596185207367], [4800, 0.0713936984539032], [4900, 0.07605096697807312], [5000, 0.07654982805252075], [5100, 0.05521482974290848], [5200, 0.0018117288127541542], [5300, 0.04403465986251831], [5400, 0.07524865120649338], [5500, 0.015628628432750702], [5600, 0.02880791574716568], [5700, 0.0244368277490139], [5800, 0.01785791665315628], [5900, 0.01197017915546894], [6000, 0.04389699548482895], [6100, 0.07448451966047287], [6200, 0.0499957874417305], [6300, 0.010100129060447216], [6400, 0.0039824191480875015], [6500, 0.011018538847565651], [6600, 0.012964677065610886], [6700, 0.10416719317436218], [6800, 0.039683230221271515], [6900, 0.017045555636286736], [7000, 0.026222314685583115], [7100, 0.025310605764389038], [7200, 0.057717468589544296], [7300, 0.05730205029249191], [7400, 0.041297852993011475], [7500, 0.02204657346010208], [7600, 0.008789295330643654], [7700, 0.10911448299884796], [7800, 0.03434613347053528], [7900, 0.01578492298722267], [8000, 0.0249701589345932], [8100, 0.002453563269227743], [8200, 0.05944521725177765], [8300, 0.06951320171356201], [8400, 0.08343715965747833], [8500, 0.012625440955162048], [8600, 0.014436292462050915], [8700, 0.0024331861641258], [8800, 0.03154158592224121], [8900, 0.009263822808861732], [9000, 0.02200630120933056], [9100, 0.03424275293946266], [9200, 0.043495312333106995], [9300, 0.029072722420096397], [9400, 0.019463863223791122], [9500, 0.011204399168491364], [9600, 0.0007583633996546268], [9700, 0.019773831591010094], [9800, 0.011981867253780365], [9900, 0.014785687439143658], [10000, 0.005281567573547363], [10100, 0.0008653327822685242], [10200, 0.004854260943830013], [10300, 0.015477243810892105], [10400, 0.010327538475394249], [10500, 0.04502033442258835], [10600, 0.07561370730400085], [10700, 0.0033566856291145086], [10800, 0.03469560295343399], [10900, 0.04411593824625015], [11000, 0.0007755042752251029], [11100, 0.04584468528628349], [11200, 0.027779385447502136], [11300, 0.0011828546412289143], [11400, 0.0495520755648613], [11500, 0.016459597274661064], [11600, 0.008532704785466194], [11700, 0.0018617676105350256], [11800, 0.016776829957962036], [11900, 0.006260284688323736], [12000, 0.014161179773509502], [12100, 0.036956872791051865], [12200, 0.01452127005904913], [12300, 0.0752011090517044], [12400, 0.00599628034979105], [12500, 0.08451658487319946], [12600, 0.003048846498131752], [12700, 0.0255158431828022], [12800, 0.01373389270156622], [12900, 0.0008861602982506156], [13000, 0.004899523686617613], [13100, 0.023921620100736618], [13200, 0.03228790685534477], [13300, 0.005897740833461285], [13400, 0.03409122675657272], [13500, 0.006179594900459051], [13600, 0.04574037343263626], [13700, 0.01960226148366928], [13800, 0.05115082114934921], [13900, 0.05701494961977005], [14000, 0.18821388483047485], [14100, 0.02732652984559536], [14200, 0.023099008947610855], [14300, 0.004418682772666216], [14400, 0.009288097731769085], [14500, 0.02127094566822052], [14600, 0.017156697809696198], [14700, 0.04079807549715042], [14800, 0.010642304085195065], [14900, 0.02144986018538475], [15000, 0.008493715897202492], [15100, 0.011167094111442566], [15200, 0.05369429290294647], [15300, 0.01341235637664795], [15400, 0.06087688356637955], [15500, 0.0024525662884116173], [15600, 0.022826019674539566], [15700, 0.035486578941345215], [15800, 0.01104004681110382], [15900, 0.040237512439489365], [16000, 0.028666174039244652], [16100, 0.08978240936994553], [16200, 0.016574876382946968], [16300, 0.07541317492723465], [16400, 0.022207606583833694], [16500, 0.12538476288318634], [16600, 0.00413938844576478], [16700, 0.06874075531959534], [16800, 0.011831375770270824], [16900, 0.11589881777763367], [17000, 0.014518870040774345], [17100, 0.006334409117698669], [17200, 0.07496007531881332], [17300, 0.013869593851268291], [17400, 0.008541502989828587], [17500, 0.027695827186107635], [17600, 0.07062897086143494], [17700, 0.008713399060070515], [17800, 0.019189639016985893], [17900, 0.021894654259085655], [18000, 0.05467363819479942], [18100, 0.002215431071817875], [18200, 0.01746910810470581], [18300, 0.003585568629205227], [18400, 0.03581467270851135], [18500, 0.025477342307567596], [18600, 0.0015298746293410659], [18700, 0.01473354920744896], [18800, 0.03097134828567505], [18900, 0.04033892601728439], [19000, 0.026554977521300316], [19100, 0.05787432938814163], [19200, 0.03620095178484917], [19300, 0.0196751169860363], [19400, 0.006020206026732922], [19500, 0.024256056174635887]],