{"jigsaw": {"precision": 0.9117, "recall": 0.6516, "f1": 0.76, "auc": 0.9831712442067971, "class_auc": {"toxicity": 0.9829123235859333, "severe_toxicity": 0.9896696866424083, "obscene": 0.9894431780832237, "threat": 0.9725761714719432, "insult": 0.9856552776691463, "identity_attack": 0.9787708277881288}}, "secondary_neutral": {"precision": 0.8245, "recall": 0.5763, "f1": 0.6784, "auc": 0.9809568027452386, "class_auc": {"toxicity": 0.9817166167003972, "severe_toxicity": 0.9843473246503243, "obscene": 0.997403757582749, "threat": 0.9494357192185168, "insult": 0.9859141642575961, "identity_attack": 0.9869232340618473}}, "secondary_positive": {"precision": 1.0, "recall": 0.8294, "f1": 0.9067, "fpr": 0, "tpr": 0.8294, "confusion_matrix": {"tp": 209, "fp": 0, "tn": 0, "fn": 43}}}