{"num_epochs": 1, "loss": [[0, 0.7741577625274658], [10, 0.4292314052581787], [20, 0.28364598751068115], [30, 0.12453600019216537], [40, 0.20373670756816864], [50, 0.3640248477458954], [60, 0.33330845832824707], [70, 0.1203056126832962], [80, 0.21247176826000214], [90, 0.16324909031391144], [100, 0.1345009207725525], [110, 0.31730037927627563], [120, 0.08149680495262146], [130, 0.4538538455963135], [140, 0.09258931875228882], [150, 0.07168548554182053], [160, 0.16228686273097992], [170, 0.1662064790725708], [180, 0.31310155987739563], [190, 0.10208988189697266], [200, 0.0820688009262085], [210, 0.02180074155330658], [220, 0.14329271018505096], [230, 0.13765601813793182], [240, 0.13890855014324188], [250, 0.030566154047846794], [260, 0.0988072007894516], [270, 0.07491062581539154], [280, 0.019460098817944527], [290, 0.09992028772830963], [300, 0.1529204547405243], [310, 0.1636974811553955], [320, 0.14126412570476532], [330, 0.3005400598049164], [340, 0.27662259340286255], [350, 0.1053076907992363], [360, 0.03692912310361862], [370, 0.2757492661476135], [380, 0.20637278258800507], [390, 0.16995283961296082], [400, 0.01878100261092186], [410, 0.04685702174901962], [420, 0.02692902460694313], [430, 0.01676742359995842], [440, 0.06472700834274292], [450, 0.060139250010252], [460, 0.08696800470352173], [470, 0.026748009026050568], [480, 0.054525237530469894], [490, 0.1511232852935791], [500, 0.11394783109426498], [510, 0.04725226014852524], [520, 0.06766274571418762], [530, 0.022347699850797653], [540, 0.02058872953057289], [550, 0.06174975261092186], [560, 0.020850351080298424], [570, 0.01400800608098507], [580, 0.17986398935317993], [590, 0.12601646780967712], [600, 0.07271801680326462], [610, 0.022511783987283707], [620, 0.06230703741312027], [630, 0.03136441111564636], [640, 0.21192288398742676], [650, 0.017205050215125084], [660, 0.09122727811336517], [670, 0.029678668826818466], [680, 0.06599403917789459], [690, 0.08637244999408722], [700, 0.05329081416130066], [710, 0.015304984524846077], [720, 0.08856671303510666], [730, 0.03822503238916397], [740, 0.22740545868873596], [750, 0.11802208423614502], [760, 0.12256460636854172], [770, 0.08718526363372803], [780, 0.0042664650827646255], [790, 0.007242088206112385], [800, 0.02718382328748703], [810, 0.09796523302793503], [820, 0.0038766469806432724], [830, 0.03965037316083908], [840, 0.029834650456905365], [850, 0.1174779161810875], [860, 0.06633172184228897], [870, 0.029055122286081314], [880, 0.07677045464515686], [890, 0.08776237815618515], [900, 0.22703944146633148], [910, 0.028114929795265198], [920, 0.10408678650856018], [930, 0.11576525866985321], [940, 0.15187466144561768], [950, 0.011930828914046288], [960, 0.009260782971978188], [970, 0.03027384541928768], [980, 0.13700921833515167], [990, 0.005780007224529982], [1000, 0.06966196745634079], [1010, 0.17168962955474854], [1020, 0.2975940704345703], [1030, 0.15532134473323822], [1040, 0.09570571780204773], [1050, 0.2507542669773102], [1060, 0.04190608114004135], [1070, 0.35621392726898193], [1080, 0.134385883808136], [1090, 0.07976659387350082], [1100, 0.0659637302160263], [1110, 0.005835165269672871], [1120, 0.006578532513231039], [1130, 0.01792634278535843], [1140, 0.04620736837387085], [1150, 0.0373997762799263], [1160, 0.064069963991642], [1170, 0.032177574932575226], [1180, 0.055556993931531906], [1190, 0.0321560874581337], [1200, 0.14816436171531677], [1210, 0.026942066848278046], [1220, 0.021896710619330406], [1230, 0.09303227066993713], [1240, 0.026022329926490784], [1250, 0.03315034508705139], [1260, 0.0036925519816577435], [1270, 0.01011319737881422], [1280, 0.06403190642595291], [1290, 0.058529555797576904], [1300, 0.024121638387441635], [1310, 0.021041713654994965], [1320, 0.19063083827495575], [1330, 0.03191475570201874], [1340, 0.01468974631279707], [1350, 0.060887739062309265], [1360, 0.010866008698940277], [1370, 0.035497669130563736], [1380, 0.16071449220180511], [1390, 0.051495179533958435], [1400, 0.02902395650744438], [1410, 0.012131250463426113], [1420, 0.041690416634082794], [1430, 0.17944258451461792], [1440, 0.2681555449962616], [1450, 0.14527398347854614], [1460, 0.007422014605253935], [1470, 0.05337924510240555], [1480, 0.07760100811719894], [1490, 0.015009766444563866], [1500, 0.007066940423101187], [1510, 0.017569297924637794], [1520, 0.04363527148962021], [1530, 0.009440078400075436], [1540, 0.08283007144927979], [1550, 0.23954658210277557], [1560, 0.11786986887454987], [1570, 0.01097684632986784], [1580, 0.07504323124885559], [1590, 0.35511574149131775], [1600, 0.02544046752154827], [1610, 0.1357511579990387], [1620, 0.18138694763183594], [1630, 0.01068876963108778], [1640, 0.008788490667939186], [1650, 0.40993738174438477], [1660, 0.1819228231906891], [1670, 0.39150482416152954], [1680, 0.020941536873579025], [1690, 0.21973107755184174], [1700, 0.14682087302207947], [1710, 0.006550144404172897], [1720, 0.01702164299786091], [1730, 0.043564289808273315], [1740, 0.02921031229197979], [1750, 0.02670392021536827], [1760, 0.10480044782161713], [1770, 0.06191543489694595], [1780, 0.08222165703773499], [1790, 0.03571745380759239], [1800, 0.029451003298163414], [1810, 0.034052424132823944], [1820, 0.02995380572974682], [1830, 0.045744460076093674], [1840, 0.013609528541564941], [1850, 0.04971551150083542], [1860, 0.23594936728477478], [1870, 0.054203182458877563], [1880, 0.013610247522592545], [1890, 0.1353262960910797], [1900, 0.008452254347503185], [1910, 0.08156590163707733], [1920, 0.03653470426797867], [1930, 0.008357750251889229], [1940, 0.011672664433717728], [1950, 0.0073139420710504055], [1960, 0.05741135776042938], [1970, 0.09247475862503052], [1980, 0.13583055138587952], [1990, 0.004229418467730284], [2000, 0.24187582731246948], [2010, 0.008201568387448788], [2020, 0.017280394211411476], [2030, 0.06764104962348938], [2040, 0.0048389313742518425], [2050, 0.001690052216872573], [2060, 0.11032190918922424], [2070, 0.1332971155643463], [2080, 0.0544997863471508], [2090, 0.18894259631633759], [2100, 0.26313912868499756], [2110, 0.04554054141044617], [2120, 0.011954184621572495], [2130, 0.02742072567343712], [2140, 0.05774400755763054], [2150, 0.06218694895505905], [2160, 0.051750462502241135], [2170, 0.04988422989845276], [2180, 0.013985822908580303], [2190, 0.11675473302602768], [2200, 0.14140017330646515], [2210, 0.07456543296575546], [2220, 0.0060405731201171875], [2230, 0.06373123824596405], [2240, 0.13501209020614624], [2250, 0.034320130944252014], [2260, 0.16738617420196533], [2270, 0.005357842426747084], [2280, 0.2210768312215805], [2290, 0.032303422689437866], [2300, 0.024999400600790977], [2310, 0.012871100567281246], [2320, 0.06906349956989288], [2330, 0.04575502872467041], [2340, 0.002801136579364538], [2350, 0.07040920853614807], [2360, 0.006311897188425064], [2370, 0.15844085812568665], [2380, 0.03617939352989197], [2390, 0.01073735486716032], [2400, 0.007141974754631519], [2410, 0.03477326035499573], [2420, 0.025491710752248764], [2430, 0.17034363746643066], [2440, 0.0049057318829], [2450, 0.045246999710798264], [2460, 0.03698518127202988], [2470, 0.16133350133895874], [2480, 0.06816789507865906], [2490, 0.00930391252040863], [2500, 0.0251559279859066], [2510, 0.05770501494407654], [2520, 0.030406855046749115], [2530, 0.006050044670701027], [2540, 0.12304013967514038], [2550, 0.035209592431783676], [2560, 0.02746477723121643], [2570, 0.00896595697849989], [2580, 0.013772130012512207], [2590, 0.04983047395944595], [2600, 0.20566844940185547], [2610, 0.1050601601600647], [2620, 0.004863976966589689], [2630, 0.019656213000416756], [2640, 0.014398731291294098], [2650, 0.039273325353860855], [2660, 0.10710711777210236], [2670, 0.11981691420078278], [2680, 0.024384817108511925], [2690, 0.017549455165863037], [2700, 0.11181601136922836], [2710, 0.01481481920927763], [2720, 0.11292385309934616], [2730, 0.13222794234752655], [2740, 0.03065301850438118], [2750, 0.014392916113138199], [2760, 0.005713474936783314],