{"jigsaw": {"precision": 0.8928, "recall": 0.6973, "f_beta": 0.7292, "specificity": 1.0, "fpr": 0.0093, "tpr": 0.6973, "confusion_matrix": {"tp": 1557, "fp": 187, "tn": 19935, "fn": 676}, "auc": 0.9882340641305918, "class_auc": {"toxicity": 0.9863399754534061, "severe_toxicity": 0.9917275825459315, "obscene": 0.9920754212978724, "threat": 0.9819774444067468, "insult": 0.9864638031521691, "identity_attack": 0.9908201579274244}}, "secondary_neutral": {"precision": 0.8705, "recall": 0.8051, "f_beta": 0.8174, "specificity": 0.9995, "fpr": 0.0106, "tpr": 0.8051, "confusion_matrix": {"tp": 4543, "fp": 676, "tn": 62871, "fn": 1100}, "auc": 0.995222347361524, "class_auc": {"toxicity": 0.9908874658476173, "severe_toxicity": 0.9982078766607554, "obscene": 0.998525282329193, "threat": 0.9932284078504756, "insult": 0.9956225404821735, "identity_attack": 0.9948625109989297}}, "secondary_positive": {"precision": 1.0, "recall": 0.3659, "f_beta": 0.419, "specificity": 0, "fpr": 0, "tpr": 0.3659, "confusion_matrix": {"tp": 15, "fp": 0, "tn": 0, "fn": 26}}}