{"jigsaw": {"precision": 0.912, "recall": 0.6314, "f1": 0.7462, "auc": 0.9831560568932932, "class_auc": {"toxicity": 0.9826846071476912, "severe_toxicity": 0.988959307458074, "obscene": 0.9896831967702289, "threat": 0.9705410847344594, "insult": 0.9845334100882728, "identity_attack": 0.9825347351610327}}, "secondary_neutral": {"precision": 0.8596, "recall": 0.6186, "f1": 0.7195, "auc": 0.9839822510372044, "class_auc": {"toxicity": 0.9852744118007873, "severe_toxicity": 0.9869397582527083, "obscene": 0.9969532456361787, "threat": 0.9539592104970037, "insult": 0.9918932302511712, "identity_attack": 0.9888736497853764}}, "secondary_positive": {"topic_4": {"precision": 1.0, "recall": 0.6667, "f1": 0.8, "fpr": 0, "tpr": 0.6667, "confusion_matrix": {"tp": 70, "fp": 0, "tn": 0, "fn": 35}}, "topic_6": {"precision": 1.0, "recall": 0.6548, "f1": 0.7914, "fpr": 0, "tpr": 0.6548, "confusion_matrix": {"tp": 165, "fp": 0, "tn": 0, "fn": 87}}, "topic_7": {"precision": 1.0, "recall": 0.2683, "f1": 0.4231, "fpr": 0, "tpr": 0.2683, "confusion_matrix": {"tp": 11, "fp": 0, "tn": 0, "fn": 30}}, "topic_10": {"precision": 1.0, "recall": 0.44, "f1": 0.6111, "fpr": 0, "tpr": 0.44, "confusion_matrix": {"tp": 11, "fp": 0, "tn": 0, "fn": 14}}, "mean": {"precision": 1.0, "recall": 0.50745, "f1": 0.6564}}}