{"jigsaw": {"precision": 1.0, "recall": 0.1742, "f1": 0.2967, "auc": 0.9831560568932932, "class_auc": {"toxicity": 0.9826846071476912, "severe_toxicity": 0.988959307458074, "obscene": 0.9896831967702289, "threat": 0.9705410847344594, "insult": 0.9845334100882728, "identity_attack": 0.9825347351610327}}, "secondary_neutral": {"precision": 0.9834, "recall": 0.1365, "f1": 0.2397, "auc": 0.9839822510372044, "class_auc": {"toxicity": 0.9852744118007873, "severe_toxicity": 0.9869397582527083, "obscene": 0.9969532456361787, "threat": 0.9539592104970037, "insult": 0.9918932302511712, "identity_attack": 0.9888736497853764}}, "secondary_positive": {"topic_4": {"precision": 0, "recall": 0.0, "f1": 0, "fpr": 0, "tpr": 0.0, "confusion_matrix": {"tp": 0, "fp": 0, "tn": 0, "fn": 105}}, "topic_6": {"precision": 1.0, "recall": 0.2143, "f1": 0.3529, "fpr": 0, "tpr": 0.2143, "confusion_matrix": {"tp": 54, "fp": 0, "tn": 0, "fn": 198}}, "topic_7": {"precision": 0, "recall": 0.0, "f1": 0, "fpr": 0, "tpr": 0.0, "confusion_matrix": {"tp": 0, "fp": 0, "tn": 0, "fn": 41}}, "topic_10": {"precision": 0, "recall": 0.0, "f1": 0, "fpr": 0, "tpr": 0.0, "confusion_matrix": {"tp": 0, "fp": 0, "tn": 0, "fn": 25}}, "mean": {"precision": 0.25, "recall": 0.053575, "f1": 0.088225}}}