{"num_epochs": 1, "loss": [[0, 0.8003019690513611], [10, 0.2230660617351532], [20, 0.16966018080711365], [30, 0.05574418231844902], [40, 0.09451280534267426], [50, 0.06891598552465439], [60, 0.03495633974671364], [70, 0.026411142200231552], [80, 0.06927882134914398], [90, 0.20166663825511932], [100, 0.04499531537294388], [110, 0.016896367073059082], [120, 0.013760383240878582], [130, 0.15711461007595062], [140, 0.05965488404035568], [150, 0.01422634907066822], [160, 0.04256651923060417], [170, 0.2741188704967499], [180, 0.04385393112897873], [190, 0.088560089468956], [200, 0.00904204323887825], [210, 0.021245306357741356], [220, 0.06065370887517929], [230, 0.009273364208638668], [240, 0.007279356010258198], [250, 0.0073038553819060326], [260, 0.024959459900856018], [270, 0.006567702628672123], [280, 0.08911072462797165], [290, 0.14981229603290558], [300, 0.006333093158900738], [310, 0.09386920928955078], [320, 0.04746837541460991], [330, 0.021240074187517166], [340, 0.012043742462992668], [350, 0.02557043544948101], [360, 0.05822698026895523], [370, 0.006576579064130783], [380, 0.03998681157827377], [390, 0.004584347829222679], [400, 0.06821657717227936], [410, 0.013572752475738525], [420, 0.008012750186026096], [430, 0.024619443342089653], [440, 0.0039549702778458595], [450, 0.005414120852947235], [460, 0.004515631590038538], [470, 0.0942772626876831], [480, 0.11414869874715805], [490, 0.020573744550347328], [500, 0.006298929452896118], [510, 0.048823170363903046], [520, 0.006136665120720863], [530, 0.005872746929526329], [540, 0.0062087662518024445], [550, 0.019762694835662842], [560, 0.023449040949344635], [570, 0.0698125958442688], [580, 0.10663654655218124], [590, 0.09758206456899643], [600, 0.07183261960744858], [610, 0.12399142235517502], [620, 0.019581809639930725], [630, 0.005003014113754034], [640, 0.005178609862923622], [650, 0.06075773388147354], [660, 0.016305919736623764], [670, 0.07726281881332397], [680, 0.10055345296859741], [690, 0.027705568820238113], [700, 0.022058790549635887], [710, 0.04012739285826683], [720, 0.012512083165347576], [730, 0.030733158811926842], [740, 0.050731536000967026], [750, 0.012807320803403854], [760, 0.11428001523017883], [770, 0.005955287255346775], [780, 0.0841943621635437], [790, 0.0028320075944066048], [800, 0.04560917615890503], [810, 0.021877925843000412], [820, 0.0028375708498060703], [830, 0.032881319522857666], [840, 0.06555064022541046], [850, 0.029812321066856384], [860, 0.06814160197973251], [870, 0.007013267837464809], [880, 0.010837106965482235], [890, 0.0019527403637766838], [900, 0.02860061638057232], [910, 0.004450761713087559], [920, 0.04229415953159332], [930, 0.002962961560115218], [940, 0.004666102584451437], [950, 0.01652134582400322], [960, 0.05926414951682091], [970, 0.04997725784778595], [980, 0.03706809878349304], [990, 0.08249671757221222], [1000, 0.0014998315600678325], [1010, 0.0023684953339397907], [1020, 0.0014937417581677437], [1030, 0.0034335730597376823], [1040, 0.1633392870426178], [1050, 0.025592993944883347], [1060, 0.03021925501525402], [1070, 0.010379214771091938], [1080, 0.0880831703543663], [1090, 0.044292986392974854], [1100, 0.01435406319797039], [1110, 0.020809145644307137], [1120, 0.05389741063117981], [1130, 0.05504703149199486], [1140, 0.004411304835230112], [1150, 0.002002479275688529], [1160, 0.0012988443486392498], [1170, 0.013258583843708038], [1180, 0.11748358607292175], [1190, 0.015585376881062984], [1200, 0.0013770362129434943], [1210, 0.012287614867091179], [1220, 0.06719142198562622], [1230, 0.05286860093474388], [1240, 0.0015083570033311844], [1250, 0.04244491457939148], [1260, 0.007331651635468006], [1270, 0.0012558265589177608], [1280, 0.009799405932426453], [1290, 0.13616371154785156], [1300, 0.015190359205007553], [1310, 0.005398335866630077], [1320, 0.028485631570219994], [1330, 0.021451933309435844], [1340, 0.021205734461545944], [1350, 0.026817653328180313], [1360, 0.0015315593918785453], [1370, 0.09712936729192734], [1380, 0.0018214304000139236], [1390, 0.03308705985546112], [1400, 0.0014599389396607876], [1410, 0.0018167293164879084], [1420, 0.008482787758111954], [1430, 0.012638299725949764], [1440, 0.053125929087400436], [1450, 0.029485613107681274], [1460, 0.030549494549632072], [1470, 0.0013306934852153063], [1480, 0.001540321740321815], [1490, 0.05614999681711197], [1500, 0.0035108025185763836], [1510, 0.11292751133441925], [1520, 0.12341706454753876], [1530, 0.0014760534977540374], [1540, 0.06153058633208275], [1550, 0.09503214061260223], [1560, 0.0012259698705747724], [1570, 0.0010453937575221062], [1580, 0.007990715093910694], [1590, 0.04106220602989197], [1600, 0.001182108884677291], [1610, 0.0021753921173512936], [1620, 0.05243062227964401], [1630, 0.011942069977521896], [1640, 0.041228048503398895], [1650, 0.0070053581148386], [1660, 0.04023415967822075], [1670, 0.0008618887513875961], [1680, 0.11371482908725739], [1690, 0.054223865270614624], [1700, 0.0018078762805089355], [1710, 0.07630643248558044], [1720, 0.01557238306850195], [1730, 0.1627548187971115], [1740, 0.0014325419906526804], [1750, 0.044651612639427185], [1760, 0.0032444833777844906], [1770, 0.005760587751865387], [1780, 0.10884612053632736], [1790, 0.03715928643941879], [1800, 0.13142123818397522], [1810, 0.030040478333830833], [1820, 0.04503637179732323], [1830, 0.0008628526702523232], [1840, 0.03104332648217678], [1850, 0.0060111223720014095], [1860, 0.0014798184856772423], [1870, 0.02567698433995247], [1880, 0.06267288327217102], [1890, 0.16008791327476501], [1900, 0.0032099070958793163], [1910, 0.019488327205181122], [1920, 0.0012544204946607351], [1930, 0.01012246310710907], [1940, 0.09103324264287949], [1950, 0.004887650720775127], [1960, 0.0008013462647795677], [1970, 0.0073662856593728065], [1980, 0.03560524061322212], [1990, 0.03828506916761398], [2000, 0.023845171555876732], [2010, 0.08095628023147583], [2020, 0.07201457023620605], [2030, 0.001147461123764515], [2040, 0.08965732902288437], [2050, 0.15155275166034698], [2060, 0.04315073788166046], [2070, 0.0009036058327183127], [2080, 0.06718753278255463], [2090, 0.024060171097517014], [2100, 0.004817860201001167], [2110, 0.0011337604373693466], [2120, 0.0008716715965420008], [2130, 0.003678085980936885], [2140, 0.0009857102995738387], [2150, 0.0006768775056116283], [2160, 0.041945770382881165], [2170, 0.02792026661336422], [2180, 0.002495817607268691], [2190, 0.03341088443994522], [2200, 0.1608867347240448], [2210, 0.0007273541996255517], [2220, 0.027140630409121513], [2230, 0.08500918745994568]],