{"CLEAN": {"mean_auc": 0.9661174275968955, "mean_f1": 0.39527104022182463, "mean_accuracy": 0.9792592371693556, "mean_recall": 0.3354234248022929, "mean_precision": 0.5473688241034669, "scores": {"toxicity": {"auc": 0.9740877082044037, "f1": 0.7326519634211941, "recall": 0.6434645669291339, "precision": 0.850541215653622, "accuracy": 0.9555363373393374}, "severe_toxicity": {"auc": 0.971440954202184, "f1": 0.03133159268929504, "recall": 0.021505376344086023, "precision": 0.057692307692307696, "accuracy": 0.9889362717323233}, "obscene": {"auc": 0.9885573294130796, "f1": 0.7602230483271375, "recall": 0.6715927750410509, "precision": 0.8758029978586723, "accuracy": 0.9769182596248471}, "threat": {"auc": 0.9135749230154152, "f1": 0.0, "recall": 0.0, "precision": 0.0, "accuracy": 0.9945725106611397}, "insult": {"auc": 0.9753544995139191, "f1": 0.6308954203691045, "recall": 0.5497319833234068, "precision": 0.7401764234161988, "accuracy": 0.9677929204067635}, "identity_attack": {"auc": 0.9736891512323711, "f1": 0.21652421652421655, "recall": 0.12624584717607973, "precision": 0.76, "accuracy": 0.9917991232517221}}}, "DIRTY": {"mean_auc": NaN, "mean_f1": 0.4549300227303454, "mean_accuracy": 0.9157395890915793, "mean_recall": 0.41731734844297036, "mean_precision": 0.5, "scores": {"toxicity": {"auc": NaN, "f1": 0.0, "recall": 0.0, "precision": 0.0, "accuracy": 0.9930901050304035}, "severe_toxicity": {"auc": NaN, "f1": 0.9095224639728737, "recall": 0.834058872305141, "precision": 1.0, "accuracy": 0.834058872305141}, "obscene": {"auc": NaN, "f1": 0.0, "recall": 0.0, "precision": 0.0, "accuracy": 0.9974433388612494}, "threat": {"auc": NaN, "f1": 0.907278767743884, "recall": 0.8302929795467109, "precision": 1.0, "accuracy": 0.8302929795467109}, "insult": {"auc": NaN, "f1": 0.9127789046653144, "recall": 0.8395522388059702, "precision": 1.0, "accuracy": 0.8395522388059702}, "identity_attack": {"auc": NaN, "f1": 0.0, "recall": 0.0, "precision": 0.0, "accuracy": 1.0}}}, "BOTH": {"mean_auc": 0.9860707293197978, "mean_f1": 0.7287495098400812, "mean_accuracy": 0.9498322049180765, "mean_recall": 0.6531262605502747, "mean_precision": 0.8928036537146163, "scores": {"toxicity": {"auc": 0.9767325184820683, "f1": 0.7072875194737753, "recall": 0.6434645669291339, "precision": 0.7851652574942352, "accuracy": 0.9729340397266194}, "severe_toxicity": {"auc": 0.9928317759886227, "f1": 0.9032318396049974, "recall": 0.8263012011087157, "precision": 0.9959579294699938, "accuracy": 0.9171855242729324}, "obscene": {"auc": 0.988389951767727, "f1": 0.7431859479103573, "recall": 0.6715927750410509, "precision": 0.831864406779661, "accuracy": 0.9864270051378907}, "threat": {"auc": 0.9938595683070225, "f1": 0.9041724669852139, "recall": 0.8274912196129743, "precision": 0.996516835296069, "accuracy": 0.918465995486339}, "insult": {"auc": 0.989091811042061, "f1": 0.8980950685419263, "recall": 0.8236619534336936, "precision": 0.9873174932477394, "accuracy": 0.9083822846807625}, "identity_attack": {"auc": 0.9755187503312854, "f1": 0.21652421652421655, "recall": 0.12624584717607973, "precision": 0.76, "accuracy": 0.995598380203915}}}}