{"jigsaw": {"precision": 0.9127, "recall": 0.6605, "f1": 0.7664, "auc": 0.9842094070346793, "class_auc": {"toxicity": 0.9841705650576618, "severe_toxicity": 0.9900181786206113, "obscene": 0.9906284952482042, "threat": 0.9700490729308395, "insult": 0.9856744884378853, "identity_attack": 0.9847156419128738}}, "secondary_neutral": {"precision": 0.9419, "recall": 0.6606, "f1": 0.7766, "auc": 0.994538659210117, "class_auc": {"toxicity": 0.9891699597723922, "severe_toxicity": 0.9977169720618475, "obscene": 0.9988314284349233, "threat": 0.9906541691728485, "insult": 0.9967728201706572, "identity_attack": 0.9940866056480336}}, "secondary_positive": {"precision": 1.0, "recall": 0.6, "f1": 0.75, "fpr": 0, "tpr": 0.6, "confusion_matrix": {"tp": 15, "fp": 0, "tn": 0, "fn": 10}}}