{"jigsaw": {"precision": 0.8986, "recall": 0.5831, "f1": 0.7072, "auc": 0.976975829282123, "class_auc": {"toxicity": 0.9757895530241967, "severe_toxicity": 0.9867877681692223, "obscene": 0.9865800652192404, "threat": 0.9605411197116018, "insult": 0.9785839382935235, "identity_attack": 0.9735725312749535}}, "secondary_neutral": {"precision": 0.9274, "recall": 0.4891, "f1": 0.6404, "auc": 0.9794481590071862, "class_auc": {"toxicity": 0.9738990086141137, "severe_toxicity": 0.9961890582938493, "obscene": 0.9912644762626235, "threat": 0.9398185524293257, "insult": 0.9878401596381435, "identity_attack": 0.9876776988050616}}, "secondary_positive": {"precision": 1.0, "recall": 0.9767, "f1": 0.9882, "fpr": 0, "tpr": 0.9767, "confusion_matrix": {"tp": 126, "fp": 0, "tn": 0, "fn": 3}}}