{"num_epochs": 3, "loss": [[0, 0.8083717226982117], [10, 0.15527530014514923], [20, 0.21468470990657806], [30, 0.32408660650253296], [40, 0.09783923625946045], [50, 0.11533107608556747], [60, 0.025929879397153854], [70, 0.08240309357643127], [80, 0.023379314690828323], [90, 0.01891971006989479], [100, 0.0755491852760315], [110, 0.059120576828718185], [120, 0.015325604937970638], [130, 0.04003794118762016], [140, 0.10323377698659897], [150, 0.01706043630838394], [160, 0.035536374896764755], [170, 0.08079320937395096], [180, 0.16554561257362366], [190, 0.2961523234844208], [200, 0.038181908428668976], [210, 0.37303799390792847], [220, 0.05572178587317467], [230, 0.007493039593100548], [240, 0.009685720317065716], [250, 0.00698640663176775], [260, 0.011880282312631607], [270, 0.006539233028888702], [280, 0.007543009705841541], [290, 0.029089655727148056], [300, 0.006568224634975195], [310, 0.03652624785900116], [320, 0.055589910596609116], [330, 0.005862537305802107], [340, 0.07808972895145416], [350, 0.13418136537075043], [360, 0.25423577427864075], [370, 0.09745107591152191], [380, 0.0046308645978569984], [390, 0.005658063106238842], [400, 0.010517871007323265], [410, 0.0073630912229418755], [420, 0.02550446055829525], [430, 0.004731828346848488], [440, 0.006171585526317358], [450, 0.038549717515707016], [460, 0.0034585061948746443], [470, 0.09935321658849716], [480, 0.2240237444639206], [490, 0.22534826397895813], [500, 0.04899190366268158], [510, 0.0037054307758808136], [520, 0.003946600016206503], [530, 0.11687976121902466], [540, 0.011593441478908062], [550, 0.022200025618076324], [560, 0.07282756268978119], [570, 0.043956901878118515], [580, 0.002903641201555729], [590, 0.025552360340952873], [600, 0.003059710143133998], [610, 0.09260474145412445], [620, 0.04078401252627373], [630, 0.020770207047462463], [640, 0.09581461548805237], [650, 0.08618234843015671], [660, 0.04323406517505646], [670, 0.0027069621719419956], [680, 0.0024767760187387466], [690, 0.061544787138700485], [700, 0.12230120599269867], [710, 0.10776218771934509], [720, 0.002733254572376609], [730, 0.002252829261124134], [740, 0.0022982750087976456], [750, 0.11856698989868164], [760, 0.2495129108428955], [770, 0.03404109925031662], [780, 0.04387833923101425], [790, 0.07447552680969238], [800, 0.16213685274124146], [810, 0.0033484543673694134], [820, 0.0351589135825634], [830, 0.037310387939214706], [840, 0.08690856397151947], [850, 0.019938210025429726], [860, 0.05861006677150726], [870, 0.004509147722274065], [880, 0.04681318625807762], [890, 0.07943296432495117], [900, 0.003146643517538905], [910, 0.022869592532515526], [920, 0.0185328908264637], [930, 0.04163292050361633], [940, 0.10556690394878387], [950, 0.01184384897351265], [960, 0.06197212636470795], [970, 0.0018966625211760402], [980, 0.009328829124569893], [990, 0.09735281765460968], [1000, 0.007918193005025387], [1010, 0.04319275915622711], [1020, 0.0075410171411931515], [1030, 0.0019932135473936796], [1040, 0.002394523937255144], [1050, 0.08200566470623016], [1060, 0.021559840068221092], [1070, 0.014986521564424038], [1080, 0.22091758251190186], [1090, 0.06218729913234711], [1100, 0.06529056280851364], [1110, 0.1766592264175415], [1118, 0.0395006388425827], [1128, 0.043924372643232346], [1138, 0.07670384645462036], [1148, 0.10986723750829697], [1158, 0.004173215478658676], [1168, 0.020233316347002983], [1178, 0.020789125934243202], [1188, 0.052548598498106], [1198, 0.10635596513748169], [1208, 0.06273379921913147], [1218, 0.002257049549371004], [1228, 0.002442795317620039], [1238, 0.06728626787662506], [1248, 0.0045767417177557945], [1258, 0.0019259396940469742], [1268, 0.07358568161725998], [1278, 0.004887448623776436], [1288, 0.02799254283308983], [1298, 0.019474182277917862], [1308, 0.00519228633493185], [1318, 0.002174513880163431], [1328, 0.07153567671775818], [1338, 0.004664432257413864], [1348, 0.0674532800912857], [1358, 0.06574656069278717], [1368, 0.017028596252202988], [1378, 0.13553939759731293], [1388, 0.20065990090370178], [1398, 0.0397474430501461], [1408, 0.07535088807344437], [1418, 0.050747185945510864], [1428, 0.1294427514076233], [1438, 0.0013458456378430128], [1448, 0.11175873875617981], [1458, 0.0011798231862485409], [1468, 0.059708140790462494], [1478, 0.03488907963037491], [1488, 0.010469203814864159], [1498, 0.018437881022691727], [1508, 0.012797512114048004], [1518, 0.0010288107441738248], [1528, 0.03558678179979324], [1538, 0.18432027101516724], [1548, 0.08176545798778534], [1558, 0.053622759878635406], [1568, 0.020428894087672234], [1578, 0.006401483900845051], [1588, 0.054072462022304535], [1598, 0.058305948972702026], [1608, 0.09059854596853256], [1618, 0.05440010875463486], [1628, 0.12295763939619064], [1638, 0.00611867755651474], [1648, 0.19990471005439758], [1658, 0.0011659297160804272], [1668, 0.036557137966156006], [1678, 0.08587764203548431], [1688, 0.0219001155346632], [1698, 0.02094968967139721], [1708, 0.04761291667819023], [1718, 0.031072555109858513], [1728, 0.01748601347208023], [1738, 0.001833131886087358], [1748, 0.10087931156158447], [1758, 0.20161990821361542], [1768, 0.09081526100635529], [1778, 0.08362867683172226], [1788, 0.009442226961255074], [1798, 0.019965436309576035], [1808, 0.03810771182179451], [1818, 0.00201912852935493], [1828, 0.09808646142482758], [1838, 0.00877985917031765], [1848, 0.06557881832122803], [1858, 0.0008801200310699642], [1868, 0.0888441726565361], [1878, 0.1293017715215683], [1888, 0.018040703609585762], [1898, 0.0008446251740679145], [1908, 0.11079451441764832], [1918, 0.042704954743385315], [1928, 0.007332175504416227], [1938, 0.0009975216817110777], [1948, 0.12129363417625427], [1958, 0.017751039937138557], [1968, 0.026626884937286377], [1978, 0.009837116114795208], [1988, 0.13820898532867432], [1998, 0.009085227735340595], [2008, 0.0010241768322885036], [2018, 0.22348295152187347], [2028, 0.08660800755023956], [2038, 0.19313782453536987], [2048, 0.027909673750400543], [2058, 0.09774437546730042], [2068, 0.20921528339385986], [2078, 0.055474814027547836], [2088, 0.034053899347782135], [2098, 0.003215600736439228], [2108, 0.019295472651720047], [2118, 0.06111815571784973], [2128, 0.047286130487918854], [2138, 0.10854862630367279], [2148, 0.06731779873371124], [2158, 0.0007886758539825678], [2168, 0.20904651284217834], [2178, 0.04957760125398636], [2188, 0.041282497346401215], [2198, 0.04438009485602379], [2208, 0.06808266043663025], [2218, 0.00282632140442729], [2228, 0.058260478079319], [2236, 0.03251535817980766], [2246, 0.0039031184278428555], [2256, 0.0012404785957187414], [2266, 0.014835353940725327], [2276, 0.004370184615254402], [2286, 0.006751403212547302], [2296, 0.062599778175354], [2306, 0.07620851695537567], [2316, 0.0014956139493733644], [2326, 0.017997926101088524], [2336, 0.15064600110054016], [2346, 0.021143896505236626], [2356, 0.036254506558179855], [2366, 0.0146210677921772], [2376, 0.017950154840946198], [2386, 0.04581329971551895], [2396, 0.000769077509175986], [2406, 0.08594551682472229], [2416, 0.018353020772337914], [2426, 0.05734743922948837], [2436, 0.02558712288737297], [2446, 0.0026428261771798134], [2456, 0.03188156336545944], [2466, 0.0006979781901463866], [2476, 0.03344440460205078], [2486, 0.0006579137407243252], [2496, 0.03237137570977211], [2506, 0.0008450603345409036], [2516, 0.003882338060066104], [2526, 0.04991111904382706], [2536, 0.04495726153254509], [2546, 0.0006197395268827677], [2556, 0.04497223347425461], [2566, 0.0006445363978855312], [2576, 0.0008669487433508039], [2586, 0.0010559222428128123], [2596, 0.034308284521102905], [2606, 0.08920168876647949], [2616, 0.03653903305530548], [2626, 0.0022293501533567905], [2636, 0.04012453556060791], [2646, 0.03564383089542389], [2656, 0.0513840913772583], [2666, 0.16260498762130737], [2676, 0.04362285137176514], [2686, 0.17755088210105896], [2696, 0.020085491240024567], [2706, 0.14278051257133484], [2716, 0.08459062874317169], [2726, 