{
    "CLEAN": {
        "mean_auc": 0.9844356655912327,
        "mean_f1": 0.5058950961699463,
        "mean_accuracy": 0.9821568802870805,
        "mean_recall": 0.4533691720188391,
        "mean_precision": 0.6050392293508438,
        "scores": {
            "toxicity": {
                "auc": 0.9819934555252205,
                "f1": 0.7832422586520947,
                "recall": 0.7448818897637796,
                "precision": 0.825768156424581,
                "accuracy": 0.9609638266781976
            },
            "severe_toxicity": {
                "auc": 0.9873157254049584,
                "f1": 0.326530612244898,
                "recall": 0.22939068100358423,
                "precision": 0.5663716814159292,
                "accuracy": 0.9921271583216533
            },
            "obscene": {
                "auc": 0.9911941199231541,
                "f1": 0.786072587784007,
                "recall": 0.729064039408867,
                "precision": 0.852752880921895,
                "accuracy": 0.9783795067545403
            },
            "threat": {
                "auc": 0.9727300610688421,
                "f1": 0.0,
                "recall": 0.0,
                "precision": 0.0,
                "accuracy": 0.9970775057406137
            },
            "insult": {
                "auc": 0.9855390883502766,
                "f1": 0.7161016949152542,
                "recall": 0.7045860631328171,
                "precision": 0.728,
                "accuracy": 0.9720275549458742
            },
            "identity_attack": {
                "auc": 0.9878415432749446,
                "f1": 0.4234234234234234,
                "recall": 0.3122923588039867,
                "precision": 0.6573426573426573,
                "accuracy": 0.9923657292816032
            }
        }
    },
    "DIRTY": {
        "mean_auc": NaN,
        "mean_f1": 0.0028431473298393454,
        "mean_accuracy": 0.49519186475032245,
        "mean_recall": 0.001433803206191266,
        "mean_precision": 0.16666666666666666,
        "scores": {
            "toxicity": {
                "auc": NaN,
                "f1": 0.0,
                "recall": 0.0,
                "precision": 0.0,
                "accuracy": 0.9701492537313433
            },
            "severe_toxicity": {
                "auc": NaN,
                "f1": 0.0,
                "recall": 0.0,
                "precision": 0.0,
                "accuracy": 0.0
            },
            "obscene": {
                "auc": NaN,
                "f1": 0.0,
                "recall": 0.0,
                "precision": 0.0,
                "accuracy": 0.9923991155334438
            },
            "threat": {
                "auc": NaN,
                "f1": 0.0,
                "recall": 0.0,
                "precision": 0.0,
                "accuracy": 0.0
            },
            "insult": {
                "auc": NaN,
                "f1": 0.01705888397903607,
                "recall": 0.008602819237147596,
                "precision": 1.0,
                "accuracy": 0.008602819237147596
            },
            "identity_attack": {
                "auc": NaN,
                "f1": 0.0,
                "recall": 0.0,
                "precision": 0.0,
                "accuracy": 1.0
            }
        }
    },
    "BOTH": {
        "mean_auc": 0.735219356170132,
        "mean_f1": 0.3232136363307087,
        "mean_accuracy": 0.7565584134961666,
        "mean_recall": 0.30586509688141605,
        "mean_precision": 0.5616197288973176,
        "scores": {
            "toxicity": {
                "auc": 0.9728146970650962,
                "f1": 0.6852093292771259,
                "recall": 0.7448818897637796,
                "precision": 0.6343884120171673,
                "accuracy": 0.965219200665845
            },
            "severe_toxicity": {
                "auc": 0.3181128801360913,
                "f1": 0.004363239705481321,
                "recall": 0.0021900557779830957,
                "precision": 0.5663716814159292,
                "accuracy": 0.5324999599852746
            },
            "obscene": {
                "auc": 0.991315573713163,
                "f1": 0.7381546134663343,
                "recall": 0.729064039408867,
                "precision": 0.7474747474747475,
                "accuracy": 0.9848744337916353
            },
            "threat": {
                "auc": 0.4578339928310588,
                "f1": 0.0,
                "recall": 0.0,
                "precision": 0.0,
                "accuracy": 0.5351569377530931
            },
            "insult": {
                "auc": 0.6809318723899487,
                "f1": 0.08813121211188725,
                "recall": 0.046762237533879765,
                "precision": 0.7641408751334045,
                "accuracy": 0.5256974566640523
            },
            "identity_attack": {
                "auc": 0.9903071208854343,
                "f1": 0.4234234234234234,
                "recall": 0.3122923588039867,
                "precision": 0.6573426573426573,
                "accuracy": 0.9959024921170991
            }
        }
    }
}