{
    "CLEAN": {
        "mean_auc": 0.9573474944053592,
        "mean_f1": 0.38858896017658645,
        "mean_accuracy": 0.9694977087247388,
        "mean_recall": 0.37946221590058604,
        "mean_precision": 0.5315701694504366,
        "scores": {
            "toxicity": {
                "auc": 0.9771213233367899,
                "f1": 0.728713601179506,
                "recall": 0.6226771653543307,
                "precision": 0.8782763216348289,
                "accuracy": 0.9561029433692184
            },
            "severe_toxicity": {
                "auc": 0.9418989237395755,
                "f1": 0.07913669064748202,
                "recall": 0.15770609318996415,
                "precision": 0.05282112845138055,
                "accuracy": 0.9694629171264127
            },
            "obscene": {
                "auc": 0.9890418196656329,
                "f1": 0.7468434343434344,
                "recall": 0.6475095785440613,
                "precision": 0.8821774794929157,
                "accuracy": 0.9760832612650225
            },
            "threat": {
                "auc": 0.8978877688356635,
                "f1": 0.020247469066366704,
                "recall": 0.09183673469387756,
                "precision": 0.011378002528445006,
                "accuracy": 0.9740255867354546
            },
            "insult": {
                "auc": 0.9579288252802308,
                "f1": 0.5619023003360041,
                "recall": 0.6474091721262656,
                "precision": 0.4963470319634703,
                "accuracy": 0.9494527778606149
            },
            "identity_attack": {
                "auc": 0.9802063055742614,
                "f1": 0.19469026548672566,
                "recall": 0.10963455149501661,
                "precision": 0.868421052631579,
                "accuracy": 0.9918587659917096
            }
        }
    },
    "DIRTY": {
        "mean_auc": NaN,
        "mean_f1": 0.495889629646538,
        "mean_accuracy": 0.9916390270867882,
        "mean_recall": 0.49184632393587613,
        "mean_precision": 0.5,
        "scores": {
            "toxicity": {
                "auc": NaN,
                "f1": 0.0,
                "recall": 0.0,
                "precision": 0.0,
                "accuracy": 0.9990671641791045
            },
            "severe_toxicity": {
                "auc": NaN,
                "f1": 0.991691487693996,
                "recall": 0.9835199004975125,
                "precision": 1.0,
                "accuracy": 0.9835199004975125
            },
            "obscene": {
                "auc": NaN,
                "f1": 0.0,
                "recall": 0.0,
                "precision": 0.0,
                "accuracy": 0.9996890547263682
            },
            "threat": {
                "auc": NaN,
                "f1": 0.9916036651221126,
                "recall": 0.9833471531232725,
                "precision": 1.0,
                "accuracy": 0.9833471531232725
            },
            "insult": {
                "auc": NaN,
                "f1": 0.9920426250631192,
                "recall": 0.984210889994472,
                "precision": 1.0,
                "accuracy": 0.984210889994472
            },
            "identity_attack": {
                "auc": NaN,
                "f1": 0.0,
                "recall": 0.0,
                "precision": 0.0,
                "accuracy": 1.0
            }
        }
    },
    "BOTH": {
        "mean_auc": 0.993413080197794,
        "mean_f1": 0.7634266388655147,
        "mean_accuracy": 0.9797552165863704,
        "mean_recall": 0.7169234076997787,
        "mean_precision": 0.9204946656645877,
        "scores": {
            "toxicity": {
                "auc": 0.9865699262045046,
                "f1": 0.7251054465431873,
                "recall": 0.6226771653543307,
                "precision": 0.8678665496049166,
                "accuracy": 0.976007170638795
            },
            "severe_toxicity": {
                "auc": 0.9977300317224969,
                "f1": 0.9743519641850212,
                "recall": 0.9756356294699381,
                "precision": 0.9730716723549488,
                "accuracy": 0.9759751588584599
            },
            "obscene": {
                "auc": 0.9933123690578847,
                "f1": 0.7447277305634247,
                "recall": 0.6475095785440613,
                "precision": 0.8762962962962964,
                "accuracy": 0.9870192230740913
            },
            "threat": {
                "auc": 0.9980203564858193,
                "f1": 0.9767904623037996,
                "recall": 0.9803388196405206,
                "precision": 0.9732676990394148,
                "accuracy": 0.978344030603262
            },
            "insult": {
                "auc": 0.9956626964393052,
                "f1": 0.9648939641109299,
                "recall": 0.9657447016948045,
                "precision": 0.964044724060371,
                "accuracy": 0.9655553243593642
            },
            "identity_attack": {
                "auc": 0.9891831012767529,
                "f1": 0.19469026548672566,
                "recall": 0.10963455149501661,
                "precision": 0.868421052631579,
                "accuracy": 0.9956303919842502
            }
        }
    }
}