{
    "CLEAN": {
        "mean_auc": 0.9653154691903779,
        "mean_f1": 0.45882070802849656,
        "mean_accuracy": 0.9774997763397252,
        "mean_recall": 0.4592945012173089,
        "mean_precision": 0.4638792694836927,
        "scores": {
            "toxicity": {
                "auc": 0.974436034450829,
                "f1": 0.7544146500981034,
                "recall": 0.7266141732283464,
                "precision": 0.7844270656239375,
                "accuracy": 0.9552083022694062
            },
            "severe_toxicity": {
                "auc": 0.9716076951316175,
                "f1": 0.08385744234800839,
                "recall": 0.07168458781362007,
                "precision": 0.10101010101010101,
                "accuracy": 0.9869680613127367
            },
            "obscene": {
                "auc": 0.9891071088918988,
                "f1": 0.7852040816326529,
                "recall": 0.8423645320197044,
                "precision": 0.7353081700907788,
                "accuracy": 0.974890406465273
            },
            "threat": {
                "auc": 0.8977263224715638,
                "f1": 0.0,
                "recall": 0.0,
                "precision": 0.0,
                "accuracy": 0.9921868010616408
            },
            "insult": {
                "auc": 0.9760118408762912,
                "f1": 0.6621583544660468,
                "recall": 0.6998213222156046,
                "precision": 0.6283422459893048,
                "accuracy": 0.9642441773775087
            },
            "identity_attack": {
                "auc": 0.9830038133200677,
                "f1": 0.46728971962616817,
                "recall": 0.4152823920265781,
                "precision": 0.5341880341880342,
                "accuracy": 0.9915009095517848
            }
        }
    },
    "DIRTY": {
        "mean_auc": NaN,
        "mean_f1": 0.46262984373494004,
        "mean_accuracy": 0.9292196425281003,
        "mean_recall": 0.43045766537681956,
        "mean_precision": 0.5,
        "scores": {
            "toxicity": {
                "auc": NaN,
                "f1": 0.0,
                "recall": 0.0,
                "precision": 0.0,
                "accuracy": 0.9950939745715865
            },
            "severe_toxicity": {
                "auc": NaN,
                "f1": 0.9247343784827996,
                "recall": 0.8600055279159757,
                "precision": 1.0,
                "accuracy": 0.8600055279159757
            },
            "obscene": {
                "auc": NaN,
                "f1": 0.0,
                "recall": 0.0,
                "precision": 0.0,
                "accuracy": 0.9974778883360973
            },
            "threat": {
                "auc": NaN,
                "f1": 0.9248741712014561,
                "recall": 0.8602473742399116,
                "precision": 1.0,
                "accuracy": 0.8602473742399116
            },
            "insult": {
                "auc": NaN,
                "f1": 0.9261705127253841,
                "recall": 0.8624930901050304,
                "precision": 1.0,
                "accuracy": 0.8624930901050304
            },
            "identity_attack": {
                "auc": NaN,
                "f1": 0.0,
                "recall": 0.0,
                "precision": 0.0,
                "accuracy": 1.0
            }
        }
    },
    "BOTH": {
        "mean_auc": 0.9890003934491552,
        "mean_f1": 0.7871738264793487,
        "mean_accuracy": 0.9551328222119073,
        "mean_recall": 0.7579431592195345,
        "mean_precision": 0.8255789192067531,
        "scores": {
            "toxicity": {
                "auc": 0.9802421742491456,
                "f1": 0.7372962607861936,
                "recall": 0.7266141732283464,
                "precision": 0.7482971132014272,
                "accuracy": 0.9736863165644958
            },
            "severe_toxicity": {
                "auc": 0.9930433528399585,
                "f1": 0.9173494375195624,
                "recall": 0.8524792115799199,
                "precision": 0.9929055400557991,
                "accuracy": 0.9281495590377259
            },
            "obscene": {
                "auc": 0.9918566740262733,
                "f1": 0.7708489857250188,
                "recall": 0.8423645320197044,
                "precision": 0.7105263157894737,
                "accuracy": 0.9853546104966627
            },
            "threat": {
                "auc": 0.9939750562313764,
                "f1": 0.9203955272155993,
                "recall": 0.8573445355003099,
                "precision": 0.9934564896460919,
                "accuracy": 0.9310626310482257
            },
            "insult": {
                "auc": 0.9876537010744051,
                "f1": 0.9098630280035506,
                "recall": 0.8535741109623486,
                "precision": 0.974100022359693,
                "accuracy": 0.9171054948220946
            },
            "identity_attack": {
                "auc": 0.9872314022737727,
                "f1": 0.46728971962616817,
                "recall": 0.4152823920265781,
                "precision": 0.5341880341880342,
                "accuracy": 0.9954383213022392
            }
        }
    }
}