{
    "CLEAN": {
        "mean_auc": 0.9668476894052384,
        "mean_f1": 0.3764338204586391,
        "mean_accuracy": 0.9769132893965149,
        "mean_recall": 0.38705354232243677,
        "mean_precision": 0.368546110744322,
        "scores": {
            "toxicity": {
                "auc": 0.975727385483363,
                "f1": 0.7672625881581105,
                "recall": 0.7366929133858268,
                "precision": 0.8004791238877481,
                "accuracy": 0.9576834759788865
            },
            "severe_toxicity": {
                "auc": 0.972759468610562,
                "f1": 0.0446927374301676,
                "recall": 0.043010752688172046,
                "precision": 0.046511627906976744,
                "accuracy": 0.9847016371932127
            },
            "obscene": {
                "auc": 0.9897201578086517,
                "f1": 0.7881799163179916,
                "recall": 0.8248494800218938,
                "precision": 0.7546319479218828,
                "accuracy": 0.9758446903050726
            },
            "threat": {
                "auc": 0.9176010107946273,
                "f1": 0.005899705014749262,
                "recall": 0.01020408163265306,
                "precision": 0.004149377593360996,
                "accuracy": 0.9899501983121105
            },
            "insult": {
                "auc": 0.9757476347658707,
                "f1": 0.6525679758308157,
                "recall": 0.7075640262060751,
                "precision": 0.6055045871559633,
                "accuracy": 0.9622759669579221
            },
            "identity_attack": {
                "auc": 0.9695304789683562,
                "f1": 0.0,
                "recall": 0.0,
                "precision": 0.0,
                "accuracy": 0.991023767631885
            }
        }
    },
    "DIRTY": {
        "mean_auc": NaN,
        "mean_f1": 0.48361199448924147,
        "mean_accuracy": 0.966619449051041,
        "mean_recall": 0.46826630735212826,
        "mean_precision": 0.5,
        "scores": {
            "toxicity": {
                "auc": NaN,
                "f1": 0.0,
                "recall": 0.0,
                "precision": 0.0,
                "accuracy": 0.9932628524046434
            },
            "severe_toxicity": {
                "auc": NaN,
                "f1": 0.9661749473157839,
                "recall": 0.9345632946379215,
                "precision": 1.0,
                "accuracy": 0.9345632946379215
            },
            "obscene": {
                "auc": NaN,
                "f1": 0.0,
                "recall": 0.0,
                "precision": 0.0,
                "accuracy": 0.9968559977888336
            },
            "threat": {
                "auc": NaN,
                "f1": 0.9661010894802643,
                "recall": 0.9344250967385296,
                "precision": 1.0,
                "accuracy": 0.9344250967385296
            },
            "insult": {
                "auc": NaN,
                "f1": 0.9693959301394007,
                "recall": 0.9406094527363185,
                "precision": 1.0,
                "accuracy": 0.9406094527363185
            },
            "identity_attack": {
                "auc": NaN,
                "f1": 0.0,
                "recall": 0.0,
                "precision": 0.0,
                "accuracy": 1.0
            }
        }
    },
    "BOTH": {
        "mean_auc": 0.9904775904975126,
        "mean_f1": 0.7301993274100725,
        "mean_accuracy": 0.9721444158116853,
        "mean_recall": 0.724455366136695,
        "mean_precision": 0.7379703199673769,
        "scores": {
            "toxicity": {
                "auc": 0.983452292907756,
                "f1": 0.7434837889383344,
                "recall": 0.7366929133858268,
                "precision": 0.7504010266281681,
                "accuracy": 0.9741664932695232
            },
            "severe_toxicity": {
                "auc": 0.9962881826080021,
                "f1": 0.9574215916930534,
                "recall": 0.9260513978715396,
                "precision": 0.9909916507983009,
                "accuracy": 0.9614738223666309
            },
            "obscene": {
                "auc": 0.9932868924545304,
                "f1": 0.7698595146871009,
                "recall": 0.8248494800218938,
                "precision": 0.7217432950191571,
                "accuracy": 0.9855786929590089
            },
            "threat": {
                "auc": 0.9969144433148068,
                "f1": 0.960322391663264,
                "recall": 0.931306383857861,
                "precision": 0.9912046029244695,
                "accuracy": 0.964226835475455
            },
            "insult": {
                "auc": 0.9936615621946604,
                "f1": 0.9501086774786824,
                "recall": 0.9278320216830487,
                "precision": 0.9734813444341659,
                "accuracy": 0.9522384237399363
            },
            "identity_attack": {
                "auc": 0.9792621695053203,
                "f1": 0.0,
                "recall": 0.0,
                "precision": 0.0,
                "accuracy": 0.995182227059558
            }
        }
    }
}