{"jigsaw": {"precision": 0.9211, "recall": 0.5956, "f_beta": 0.6409, "specificity": 1.0, "fpr": 0.0057, "tpr": 0.5956, "confusion_matrix": {"tp": 1330, "fp": 114, "tn": 20008, "fn": 903}, "auc": 0.9781187975459109, "class_auc": {"toxicity": 0.9779433967526742, "severe_toxicity": 0.9879127512631484, "obscene": 0.9888033196536717, "threat": 0.9643990985224489, "insult": 0.9812076748549712, "identity_attack": 0.9684465442285513}}, "secondary_neutral": {"precision": 0.8859, "recall": 0.414, "f_beta": 0.4633, "specificity": 0.9974, "fpr": 0.0047, "tpr": 0.414, "confusion_matrix": {"tp": 2336, "fp": 301, "tn": 63246, "fn": 3307}, "auc": 0.9619036830724211, "class_auc": {"toxicity": 0.9737368495089361, "severe_toxicity": 0.9735574273526397, "obscene": 0.9933641753136351, "threat": 0.8915326694735904, "insult": 0.979344535893981, "identity_attack": 0.9598864408917445}}, "secondary_positive": {"topic_4": {"precision": 1.0, "recall": 0.1238, "f_beta": 0.1501, "specificity": 0, "fpr": 0, "tpr": 0.1238, "confusion_matrix": {"tp": 13, "fp": 0, "tn": 0, "fn": 92}}, "topic_6": {"precision": 1.0, "recall": 0.3849, "f_beta": 0.4389, "specificity": 0, "fpr": 0, "tpr": 0.3849, "confusion_matrix": {"tp": 97, "fp": 0, "tn": 0, "fn": 155}}, "topic_7": {"precision": 0, "recall": 0.0, "f_beta": 0, "specificity": 0, "fpr": 0, "tpr": 0.0, "confusion_matrix": {"tp": 0, "fp": 0, "tn": 0, "fn": 41}}, "topic_10": {"precision": 0, "recall": 0.0, "f_beta": 0, "specificity": 0, "fpr": 0, "tpr": 0.0, "confusion_matrix": {"tp": 0, "fp": 0, "tn": 0, "fn": 25}}, "mean": {"precision": 0.5, "recall": 0.127175, "f_beta": 0.14725, "specificity": 0.0}}}