{"CLEAN": {"mean_auc": 0.9488392214546879, "mean_f1": 0.29301675570524166, "mean_accuracy": 0.9744977584270221, "mean_recall": 0.21307661479716336, "mean_precision": 0.5675613707492415, "scores": {"toxicity": {"auc": 0.9491871592175889, "f1": 0.5685633311532592, "recall": 0.4107086614173228, "precision": 0.9235127478753541, "accuracy": 0.9409835087823935}, "severe_toxicity": {"auc": 0.9576025887849641, "f1": 0.0431266846361186, "recall": 0.02867383512544803, "precision": 0.08695652173913043, "accuracy": 0.9894134136522231}, "obscene": {"auc": 0.9616660315554465, "f1": 0.6102941176470589, "recall": 0.45429666119321294, "precision": 0.9294512877939529, "accuracy": 0.9683893478066382}, "threat": {"auc": 0.90469995086415, "f1": 0.0, "recall": 0.0, "precision": 0.0, "accuracy": 0.9945725106611397}, "insult": {"auc": 0.9531453774373275, "f1": 0.4911003236245955, "recall": 0.36152471709350803, "precision": 0.7654476670870114, "accuracy": 0.9624847165478783}, "identity_attack": {"auc": 0.9667342208686498, "f1": 0.04501607717041801, "recall": 0.023255813953488372, "precision": 0.7, "accuracy": 0.9911430531118599}}}, "DIRTY": {"mean_auc": NaN, "mean_f1": 0.3842067401535205, "mean_accuracy": 0.810300350101345, "mean_recall": 0.31199327436889623, "mean_precision": 0.5, "scores": {"toxicity": {"auc": NaN, "f1": 0.0, "recall": 0.0, "precision": 0.0, "accuracy": 0.9924682144831398}, "severe_toxicity": {"auc": NaN, "f1": 0.7586206896551725, "recall": 0.6111111111111112, "precision": 1.0, "accuracy": 0.6111111111111112}, "obscene": {"auc": NaN, "f1": 0.0, "recall": 0.0, "precision": 0.0, "accuracy": 0.9973742399115534}, "threat": {"auc": NaN, "f1": 0.7689428577504626, "recall": 0.6246199557766722, "precision": 1.0, "accuracy": 0.6246199557766722}, "insult": {"auc": NaN, "f1": 0.7776768935154882, "recall": 0.6362285793255943, "precision": 1.0, "accuracy": 0.6362285793255943}, "identity_attack": {"auc": NaN, "f1": 0.0, "recall": 0.0, "precision": 0.0, "accuracy": 1.0}}}, "BOTH": {"mean_auc": 0.9462049897543295, "mean_f1": 0.5773168686216393, "mean_accuracy": 0.898429288644888, "mean_recall": 0.45624847991318734, "mean_precision": 0.889586747708165, "scores": {"toxicity": {"auc": 0.921452323181197, "f1": 0.5427679500520292, "recall": 0.4107086614173228, "precision": 0.8, "accuracy": 0.9648350593018231}, "severe_toxicity": {"auc": 0.9749939575417499, "f1": 0.7529732144756718, "recall": 0.605550422612326, "precision": 0.9952755905511811, "accuracy": 0.8141556092642093}, "obscene": {"auc": 0.9223969891943284, "f1": 0.5937052932761088, "recall": 0.45429666119321294, "precision": 0.8565531475748194, "accuracy": 0.9818173087696273}, "threat": {"auc": 0.9763792586732084, "f1": 0.7659781802775131, "recall": 0.6225122236760554, "precision": 0.9953752133458129, "accuracy": 0.8231829313187253}, "insult": {"auc": 0.9677766356080241, "f1": 0.7634604964780959, "recall": 0.6211670966267184, "precision": 0.9903165347771762, "accuracy": 0.8113385725947149}, "identity_attack": {"auc": 0.9142307743274691, "f1": 0.04501607717041801, "recall": 0.023255813953488372, "precision": 0.7, "accuracy": 0.9952462506202282}}}}