{"num_epochs": 1, "loss": [[0, 0.7931529879570007], [10, 0.15764984488487244], [20, 0.0754459798336029], [30, 0.26770615577697754], [40, 0.04815030097961426], [50, 0.03892306238412857], [60, 0.10444268584251404], [70, 0.0937749445438385], [80, 0.09880957007408142], [90, 0.018627822399139404], [100, 0.0161114688962698], [110, 0.07994626462459564], [120, 0.045879632234573364], [130, 0.013823355548083782], [140, 0.054525963962078094], [150, 0.011653709225356579], [160, 0.0435854010283947], [170, 0.023558057844638824], [180, 0.044984787702560425], [190, 0.05624769255518913], [200, 0.2000868320465088], [210, 0.01198561117053032], [220, 0.010183916427195072], [230, 0.009845158085227013], [240, 0.01241886056959629], [250, 0.010222252458333969], [260, 0.008734197355806828], [270, 0.007818522863090038], [280, 0.011121466755867004], [290, 0.04214061424136162], [300, 0.03763023763895035], [310, 0.006904590409249067], [320, 0.006038573570549488], [330, 0.08597632497549057], [340, 0.34759169816970825], [350, 0.03089292347431183], [360, 0.028653591871261597], [370, 0.13532480597496033], [380, 0.006984185427427292], [390, 0.35363006591796875], [400, 0.09379258751869202], [410, 0.007036912254989147], [420, 0.09055682271718979], [430, 0.029865268617868423], [440, 0.0049090031534433365], [450, 0.15485133230686188], [460, 0.042987413704395294], [470, 0.005025727674365044], [480, 0.005053659435361624], [490, 0.010325569659471512], [500, 0.019830498844385147], [510, 0.053600579500198364], [520, 0.0591125451028347], [530, 0.16383856534957886], [540, 0.03084566816687584], [550, 0.02973010763525963], [560, 0.0076977163553237915], [570, 0.05187748372554779], [580, 0.004067627713084221], [590, 0.037551503628492355], [600, 0.00581547012552619], [610, 0.06960683315992355], [620, 0.056118350476026535], [630, 0.02779797464609146], [640, 0.022173117846250534], [650, 0.02072065882384777], [660, 0.003938482142984867], [670, 0.004342611879110336], [680, 0.03421257808804512], [690, 0.007610015571117401], [700, 0.010997298173606396], [710, 0.011468907818198204], [720, 0.022369418293237686], [730, 0.003491336479783058], [740, 0.0034202104434370995], [750, 0.0030602561309933662], [760, 0.004116542637348175], [770, 0.13207902014255524], [780, 0.11118348687887192], [790, 0.018518049269914627], [800, 0.02377578616142273], [810, 0.0033957050181925297], [820, 0.008064220659434795], [830, 0.08252564817667007], [840, 0.0734333023428917], [850, 0.0024679868947714567], [860, 0.020779505372047424], [870, 0.06898102164268494], [880, 0.04764365404844284], [890, 0.030620744451880455], [900, 0.00769191375002265], [910, 0.039762284606695175], [920, 0.005966227035969496], [930, 0.0026925576385110617], [940, 0.03981882706284523], [950, 0.04282412678003311], [960, 0.014381855726242065], [970, 0.016407204791903496], [980, 0.10390996187925339], [990, 0.003868473693728447], [1000, 0.0191987045109272], [1010, 0.07762160897254944], [1020, 0.05534446984529495], [1030, 0.07000556588172913], [1040, 0.11047095060348511], [1050, 0.011705325916409492], [1060, 0.3138824701309204], [1070, 0.04163694381713867], [1080, 0.41736292839050293], [1090, 0.03334252908825874], [1100, 0.0022441751789301634], [1110, 0.020532235503196716], [1120, 0.04699032008647919], [1130, 0.0021710852161049843], [1140, 0.02926749363541603], [1150, 0.03686821088194847], [1160, 0.07755343616008759], [1170, 0.083788201212883], [1180, 0.16095365583896637], [1190, 0.03927202895283699], [1200, 0.08991080522537231], [1210, 0.18942058086395264], [1220, 0.0019288653274998069], [1230, 0.001939890906214714], [1240, 0.015712950378656387], [1250, 0.029166940599679947], [1260, 0.01893308013677597], [1270, 0.017867347225546837], [1280, 0.0018600549083203077], [1290, 0.004435425158590078], [1300, 0.0487360954284668], [1310, 0.11753135174512863], [1320, 0.016498763114213943], [1330, 0.06803413480520248], [1340, 0.0016967396950349212], [1350, 0.003581981873139739], [1360, 0.0016595153138041496], [1370, 0.30422472953796387], [1380, 0.06525686383247375], [1390, 0.018552307039499283], [1400, 0.0017143570585176349], [1410, 0.02125355415046215], [1420, 0.046399638056755066], [1430, 0.017161181196570396], [1440, 0.09579183161258698], [1450, 0.03610805422067642], [1460, 0.0965152308344841], [1470, 0.09170646965503693], [1480, 0.0055337767116725445], [1490, 0.011650997214019299], [1500, 0.007609543856233358], [1510, 0.08328159153461456], [1520, 0.022138047963380814], [1530, 0.015512315556406975], [1540, 0.05734335631132126], [1550, 0.03582078963518143], [1560, 0.4477768540382385], [1570, 0.04557709023356438], [1580, 0.007631523534655571], [1590, 0.001985066570341587], [1600, 0.058917514979839325], [1610, 0.017252333462238312], [1620, 0.0846744179725647], [1630, 0.005681611131876707], [1640, 0.05642147362232208], [1650, 0.0032695764675736427], [1660, 0.018757127225399017], [1670, 0.004151870496571064], [1680, 0.03863362595438957], [1690, 0.0862051472067833], [1700, 0.023099234327673912], [1710, 0.049712084233760834], [1720, 0.01255823578685522], [1730, 0.032675907015800476], [1740, 0.022056957706809044], [1750, 0.0020081500988453627], [1760, 0.004572130274027586], [1770, 0.01546450238674879], [1780, 0.03151792287826538], [1790, 0.004429326392710209], [1800, 0.004998748190701008], [1810, 0.014507226645946503], [1820, 0.005448294337838888], [1830, 0.019611118361353874], [1840, 0.04932716116309166], [1850, 0.003774865297600627], [1860, 0.0061406828463077545], [1870, 0.04304778575897217], [1880, 0.008874869905412197], [1890, 0.1790529489517212], [1900, 0.015201613306999207], [1910, 0.13730427622795105], [1920, 0.11253774166107178], [1930, 0.09330007433891296], [1940, 0.0015602739294990897], [1950, 0.008922613225877285], [1960, 0.07150150835514069], [1970, 0.0018855317030102015], [1980, 0.08906944841146469], [1990, 0.09149207174777985], [2000, 0.12388475984334946], [2010, 0.05915943905711174], [2020, 0.020978055894374847], [2030, 0.03004585951566696], [2040, 0.08993556350469589], [2050, 0.020685546100139618], [2060, 0.0013001554179936647], [2070, 0.0029992610216140747], [2080, 0.02716241404414177], [2090, 0.025547919794917107], [2100, 0.05615323409438133], [2110, 0.06295979022979736], [2120, 0.022989852353930473], [2130, 0.14896240830421448], [2140, 0.045996781438589096], [2150, 0.020179031416773796], [2160, 0.08044689893722534], [2170, 0.015135228633880615], [2180, 0.062034498900175095], [2190, 0.025632034987211227], [2200, 0.0015110231470316648], [2210, 0.0179181769490242], [2220, 0.004721815697848797], [2230, 0.13201017677783966], [2240, 0.039832890033721924]],