{"num_epochs": 1, "loss": [[0, 0.791284441947937], [10, 0.3843749463558197], [20, 0.08100651204586029], [30, 0.22548535466194153], [40, 0.05809079110622406], [50, 0.1438123732805252], [60, 0.40472495555877686], [70, 0.10359442234039307], [80, 0.09216579049825668], [90, 0.24251729249954224], [100, 0.06900467723608017], [110, 0.06959490478038788], [120, 0.0228862464427948], [130, 0.10751046985387802], [140, 0.0177752822637558], [150, 0.06931762397289276], [160, 0.06556528061628342], [170, 0.15931646525859833], [180, 0.03739823400974274], [190, 0.02849486842751503], [200, 0.09608067572116852], [210, 0.14487212896347046], [220, 0.03583703935146332], [230, 0.09088661521673203], [240, 0.11128799617290497], [250, 0.10414159297943115], [260, 0.039096344262361526], [270, 0.12000968307256699], [280, 0.013470033183693886], [290, 0.16735093295574188], [300, 0.04975711926817894], [310, 0.0665445327758789], [320, 0.015106025151908398], [330, 0.30586981773376465], [340, 0.032407891005277634], [350, 0.06727062165737152], [360, 0.009394527412950993], [370, 0.02369081601500511], [380, 0.006547635421156883], [390, 0.14837589859962463], [400, 0.11636693775653839], [410, 0.03858274221420288], [420, 0.007001131307333708], [430, 0.09237352013587952], [440, 0.03115394525229931], [450, 0.008057504892349243], [460, 0.005379536654800177], [470, 0.04042407125234604], [480, 0.03639528900384903], [490, 0.012435492128133774], [500, 0.040997885167598724], [510, 0.053382232785224915], [520, 0.034542880952358246], [530, 0.00468814093619585], [540, 0.007825203239917755], [550, 0.03268877789378166], [560, 0.027796100825071335], [570, 0.005116250365972519], [580, 0.010431705042719841], [590, 0.06787528097629547], [600, 0.156068354845047], [610, 0.03160957619547844], [620, 0.08801012486219406], [630, 0.030655598267912865], [640, 0.004529314115643501], [650, 0.015822863206267357], [660, 0.20155170559883118], [670, 0.07089192420244217], [680, 0.10431690514087677], [690, 0.0056558954529464245], [700, 0.05170996114611626], [710, 0.042274199426174164], [720, 0.060567937791347504], [730, 0.15264344215393066], [740, 0.06433852016925812], [750, 0.006200380623340607], [760, 0.032851651310920715], [770, 0.004059219267219305], [780, 0.00761826615780592], [790, 0.03110681101679802], [800, 0.3220333456993103], [810, 0.14967411756515503], [820, 0.12889625132083893], [830, 0.21732811629772186], [840, 0.02367459051311016], [850, 0.09292109310626984], [860, 0.07414018362760544], [870, 0.11469249427318573], [880, 0.07401096820831299], [890, 0.0370187982916832], [900, 0.1044103130698204], [910, 0.02932431548833847], [920, 0.042601682245731354], [930, 0.011250147596001625], [940, 0.05103112757205963], [950, 0.14691361784934998], [960, 0.019006099551916122], [970, 0.24552159011363983], [980, 0.030508533120155334], [990, 0.043296314775943756], [1000, 0.056324370205402374], [1010, 0.00236014137044549], [1020, 0.08050164580345154], [1030, 0.008400162681937218], [1040, 0.015692774206399918], [1050, 0.14158809185028076], [1060, 0.05133482441306114], [1070, 0.01741728186607361], [1080, 0.10450451076030731], [1090, 0.049762628972530365], [1100, 0.09787904471158981], [1110, 0.005147050134837627], [1120, 0.1501084268093109], [1130, 0.07803914695978165], [1140, 0.07175565510988235], [1150, 0.04457055777311325], [1160, 0.019774362444877625], [1170, 0.032096438109874725], [1180, 0.06816384196281433], [1190, 0.014208957552909851], [1200, 0.00651727756485343], [1210, 0.07558183372020721], [1220, 0.061802610754966736], [1230, 0.031664058566093445], [1240, 0.012548628263175488], [1250, 0.11035513132810593], [1260, 0.13106514513492584], [1270, 0.15152868628501892], [1280, 0.05779199302196503], [1290, 0.009111047722399235], [1300, 0.0202920101583004], [1310, 0.0019142080564051867], [1320, 0.09407510608434677], [1330, 0.002837384818121791], [1340, 0.02157393842935562], [1350, 0.05093574523925781], [1360, 0.014515034854412079], [1370, 0.006497248075902462], [1380, 0.002995547838509083], [1390, 0.08643346279859543], [1400, 0.08580859750509262], [1410, 0.003015335649251938], [1420, 0.003903463250026107], [1430, 0.1033344492316246], [1440, 0.07354487478733063], [1450, 0.056798841804265976], [1460, 0.02144772559404373], [1470, 0.22183702886104584], [1480, 0.0122454222291708], [1490, 0.01838480308651924], [1500, 0.12289761751890182], [1510, 0.026538163423538208], [1520, 0.048163414001464844], [1530, 0.03750407695770264], [1540, 0.003947382792830467], [1550, 0.026158008724451065], [1560, 0.06688803434371948], [1570, 0.008018042892217636], [1580, 0.0341324657201767], [1590, 0.003395912703126669], [1600, 0.0630863681435585], [1610, 0.030296307057142258], [1620, 0.028676245361566544], [1630, 0.001560185570269823], [1640, 0.1833057850599289], [1650, 0.06098448485136032], [1660, 0.009513861499726772], [1670, 0.03572458773851395], [1680, 0.010412629693746567], [1690, 0.00157245434820652], [1700, 0.09123505651950836], [1710, 0.007167702075093985], [1720, 0.00155877904035151], [1730, 0.0196087509393692], [1740, 0.00446925638243556], [1750, 0.10326965153217316], [1760, 0.08775781095027924], [1770, 0.04697994887828827], [1780, 0.03883124515414238], [1790, 0.1139514148235321], [1800, 0.0013813268160447478], [1810, 0.0034576705656945705], [1820, 0.08462733030319214], [1830, 0.019410666078329086], [1840, 0.2193925380706787], [1850, 0.029395516961812973], [1860, 0.09343686699867249], [1870, 0.00320305279456079], [1880, 0.17961212992668152], [1890, 0.007842717692255974], [1900, 0.03801339864730835], [1910, 0.005269486457109451], [1920, 0.043973736464977264], [1930, 0.05703838914632797], [1940, 0.03839927911758423], [1950, 0.041182905435562134], [1960, 0.019800979644060135], [1970, 0.0027807997539639473], [1980, 0.013049120083451271], [1990, 0.07315380871295929], [2000, 0.005174361169338226], [2010, 0.10303990542888641], [2020, 0.01668238267302513], [2030, 0.1393059641122818], [2040, 0.10823123157024384], [2050, 0.03982105851173401], [2060, 0.05073574185371399], [2070, 0.0011551459319889545], [2080, 0.058739494532346725], [2090, 0.05840415880084038], [2100, 0.010685861110687256], [2110, 0.008268624544143677], [2120, 0.006107138004153967], [2130, 0.016370326280593872], [2140, 0.006730678491294384], [2150, 0.09440051019191742], [2160, 0.03988012298941612], [2170, 0.05477830022573471], [2180, 0.016383841633796692], [2190, 0.001134753692895174], [2200, 0.04759438335895538], [2210, 0.009795870631933212], [2220, 0.2089991271495819], [2230, 0.026076186448335648], [2240, 0.046125806868076324], [2250, 0.10272246599197388], [2260, 0.014679539948701859], [2270, 0.022174028679728508], [2280, 0.04369945451617241], [2290, 0.12037722766399384], [2300, 0.0626075491309166], [2310, 0.022808989509940147], [2320, 0.08202822506427765], [2330, 0.04843119531869888], [2340, 0.06006443500518799]],