{"num_epochs": 1, "loss": [[0, 0.8103560209274292], [100, 0.06220848485827446], [200, 0.136336088180542], [300, 0.08553903549909592], [400, 0.06343559920787811], [500, 0.016207996755838394], [600, 0.03268085792660713], [700, 0.03428840637207031], [800, 0.008396593853831291], [900, 0.054979756474494934], [1000, 0.16847018897533417], [1100, 0.0408356674015522], [1200, 0.03695530816912651], [1300, 0.027206992730498314], [1400, 0.005013632588088512], [1500, 0.008833603002130985], [1600, 0.003513576462864876], [1700, 0.16644203662872314], [1800, 0.06430801749229431], [1900, 0.0032240506261587143], [2000, 0.06381724774837494], [2100, 0.07356622815132141], [2200, 0.01154771726578474], [2300, 0.05287160724401474], [2400, 0.00967076700180769], [2500, 0.009999725967645645], [2600, 0.025918228551745415], [2700, 0.02354121208190918], [2800, 0.06048772856593132], [2900, 0.03189802169799805], [3000, 0.019073015078902245], [3100, 0.03955862671136856], [3200, 0.011852036230266094], [3300, 0.047815948724746704], [3400, 0.012212465517222881], [3500, 0.1032639890909195], [3600, 0.041975654661655426], [3700, 0.0014151723589748144], [3800, 0.009534632787108421], [3900, 0.0851796418428421], [4000, 0.0596231147646904], [4100, 0.017135167494416237], [4200, 0.09406417608261108], [4300, 0.040577974170446396], [4400, 0.041865549981594086], [4500, 0.03993545100092888], [4600, 0.03267977386713028], [4700, 0.01672316901385784], [4800, 0.04081541299819946], [4900, 0.06741520017385483], [5000, 0.1398012340068817], [5100, 0.020245397463440895], [5200, 0.07611934840679169], [5300, 0.19063547253608704], [5400, 0.12044482678174973], [5500, 0.01165105402469635], [5600, 0.01550840400159359], [5700, 0.028389256447553635], [5800, 0.037086110562086105], [5900, 0.07902047038078308], [6000, 0.12165853381156921], [6100, 0.016004040837287903], [6200, 0.016569510102272034], [6300, 0.05002427101135254], [6400, 0.012844456359744072], [6500, 0.07865004986524582], [6600, 0.01976577751338482], [6700, 0.036684297025203705], [6800, 0.0788811668753624], [6900, 0.11303567886352539], [7000, 0.08120784908533096], [7100, 0.020843643695116043], [7200, 0.13801546394824982], [7300, 0.039284296333789825], [7400, 0.0007175351493060589], [7500, 0.06030399352312088], [7600, 0.03797861561179161], [7700, 0.08043093979358673], [7800, 0.1280531883239746], [7900, 0.01484690885990858], [8000, 0.03454826772212982], [8100, 0.10113083571195602], [8200, 0.09467309713363647], [8300, 0.008405685424804688], [8400, 0.06817866861820221], [8500, 0.01419050246477127], [8600, 0.00529158441349864], [8700, 0.05397551506757736], [8800, 0.015409025363624096], [8900, 0.019217580556869507], [9000, 0.06903580576181412], [9100, 0.012729942798614502], [9200, 0.05197984725236893], [9300, 0.022531159222126007], [9400, 0.03672053664922714], [9500, 0.020716378465294838], [9600, 0.07523655891418457], [9700, 0.002194383880123496], [9800, 0.05096873641014099], [9900, 0.06576234847307205], [10000, 0.11997665464878082], [10100, 0.011387842707335949], [10200, 0.052163660526275635], [10300, 0.03264913707971573], [10400, 0.04817703366279602], [10500, 0.08420611917972565], [10600, 0.03247256949543953], [10700, 0.07436968386173248], [10800, 0.04869513958692551], [10900, 0.03480816259980202], [11000, 0.009283596649765968], [11100, 0.032113492488861084], [11200, 0.05549563467502594]], "acc": [[0, 0.125], [100, 0.9375], [200, 0.875], [300, 0.875], [400, 0.9375], [500, 1.0], [600, 0.9375], [700, 0.9375], [800, 1.0], [900, 0.875], [1000, 0.9375], [1100, 1.0], [1200, 0.9375], [1300, 0.9375], [1400, 1.0], [1500, 1.0], [1600, 1.0], [1700, 0.875], [1800, 0.875], [1900, 1.0], [2000, 0.875], [2100, 0.875], [2200, 1.0], [2300, 0.9375], [2400, 1.0], [2500, 1.0], [2600, 0.9375], [2700, 1.0], [2800, 0.9375], [2900, 0.9375], [3000, 0.9375], [3100, 0.875], [3200, 1.0], [3300, 0.875], [3400, 1.0], [3500, 0.875], [3600, 0.9375], [3700, 1.0], [3800, 1.0], [3900, 0.8125], [4000, 0.875], [4100, 0.9375], [4200, 0.75], [4300, 0.875], [4400, 0.9375], [4500, 0.9375], [4600, 0.9375], [4700, 0.9375], [4800, 0.9375], [4900, 0.875], [5000, 0.8125], [5100, 0.9375], [5200, 0.75], [5300, 0.9375], [5400, 0.8125], [5500, 0.9375], [5600, 1.0], [5700, 0.9375], [5800, 0.875], [5900, 0.875], [6000, 0.875], [6100, 1.0], [6200, 1.0], [6300, 0.875], [6400, 1.0], [6500, 0.875], [6600, 1.0], [6700, 0.9375], [6800, 0.9375], [6900, 0.6875], [7000, 0.875], [7100, 0.9375], [7200, 0.9375], [7300, 0.875], [7400, 1.0], [7500, 0.9375], [7600, 0.9375], [7700, 0.8125], [7800, 0.9375], [7900, 1.0], [8000, 0.9375], [8100, 0.75], [8200, 0.875], [8300, 1.0], [8400, 0.8125], [8500, 1.0], [8600, 1.0], [8700, 0.9375], [8800, 1.0], [8900, 1.0], [9000, 0.875], [9100, 0.9375], [9200, 0.875], [9300, 0.9375], [9400, 0.875], [9500, 1.0], [9600, 0.9375], [9700, 1.0], [9800, 0.875], [9900, 0.8125], [10000, 0.6875], [10100, 1.0], [10200, 0.875], [10300, 0.9375], [10400, 0.875], [10500, 0.8125], [10600, 0.9375], [10700, 0.875], [10800, 0.9375], [10900, 0.875], [11000, 1.0], [11100, 0.9375], [11200, 0.9375]], "acc_flag": [[0, 0.125], [100, 0.9375], [200, 0.875], [300, 0.875], [400, 0.9375], [500, 1.0], [600, 0.9375], [700, 0.9375], [800, 1.0], [900, 0.9375], [1000, 0.9375], [1100, 1.0], [1200, 0.9375], [1300, 1.0], [1400, 1.0], [1500, 1.0], [1600, 1.0], [1700, 0.875], [1800, 0.9375], [1900, 1.0], [2000, 0.9375], [2100, 0.9375], [2200, 1.0], [2300, 1.0], [2400, 1.0], [2500, 1.0], [2600, 1.0], [2700, 1.0], [2800, 1.0], [2900, 0.9375], [3000, 0.9375], [3100, 0.9375], [3200, 1.0], [3300, 0.9375], [3400, 1.0], [3500, 1.0], [3600, 1.0], [3700, 1.0], [3800, 1.0], [3900, 0.875], [4000, 0.9375], [4100, 1.0], [4200, 0.8125], [4300, 0.9375], [4400, 1.0], [4500, 0.9375], [4600, 0.9375], [4700, 0.9375], [4800, 1.0], [4900, 1.0], [5000, 0.875], [5100, 1.0], [5200, 0.875], [5300, 0.9375], [5400, 0.875], [5500, 0.9375], [5600, 1.0], [5700, 1.0], [5800, 1.0], [5900, 0.9375], [6000, 0.875], [6100, 1.0], [6200, 1.0], [6300, 1.0], [6400, 1.0], [6500, 0.9375], [6600, 1.0], [6700, 0.9375], [6800, 0.9375], [6900, 0.6875], [7000, 1.0], [7100, 0.9375], [7200, 0.9375], [7300, 0.875], [7400, 1.0], [7500, 0.9375], [7600, 1.0], [7700, 0.875], [7800, 0.9375], [7900, 1.0], [8000, 1.0], [8100, 0.75], [8200, 0.9375], [8300, 1.0], [8400, 0.875], [8500, 1.0], [8600, 1.0], [8700, 0.9375], [8800, 1.0], [8900, 1.0], [9000, 0.9375], [9100, 1.0], [9200, 0.9375], [9300, 0.9375], [9400, 0.9375], [9500, 1.0], [9600, 0.9375], [9700, 1.0], [9800, 0.875], [9900, 0.875], [10000, 0.8125], [10100, 1.0], [10200, 0.875], [10300, 1.0], [10400, 0.9375], [10500, 0.875], [10600, 0.9375], [10700, 0.9375], [10800, 1.0], [10900, 0.9375], [11000, 1.0], [11100, 1.0], [11200, 1.0]], "auc": [], "f1": [], "precision": [], "recall": [], "epoch_batch_count": [11233]}