{"num_epochs": 1, "loss": [[0, 0.7873156070709229], [10, 0.43516725301742554], [20, 0.3276502788066864], [30, 0.11471019685268402], [40, 0.24651408195495605], [50, 0.09340574592351913], [60, 0.09432338178157806], [70, 0.26585185527801514], [80, 0.11848708987236023], [90, 0.06640887260437012], [100, 0.08850692212581635], [110, 0.17015045881271362], [120, 0.027591286227107048], [130, 0.26117241382598877], [140, 0.29249483346939087], [150, 0.05750983580946922], [160, 0.08935358375310898], [170, 0.06646812707185745], [180, 0.040320299565792084], [190, 0.12370749562978745], [200, 0.018124286085367203], [210, 0.05471521615982056], [220, 0.06513013690710068], [230, 0.20667105913162231], [240, 0.044010844081640244], [250, 0.16460444033145905], [260, 0.1929192990064621], [270, 0.04979759454727173], [280, 0.18596720695495605], [290, 0.035299405455589294], [300, 0.06456301361322403], [310, 0.13094541430473328], [320, 0.03436840698122978], [330, 0.011868867091834545], [340, 0.3290269374847412], [350, 0.5389217138290405], [360, 0.04624028131365776], [370, 0.08361034095287323], [380, 0.053214799612760544], [390, 0.008498352020978928], [400, 0.22135037183761597], [410, 0.023486871272325516], [420, 0.09106948226690292], [430, 0.009274544194340706], [440, 0.014161959290504456], [450, 0.07923218607902527], [460, 0.03469698131084442], [470, 0.048396192491054535], [480, 0.010104828514158726], [490, 0.031532760709524155], [500, 0.013410178944468498], [510, 0.015919020399451256], [520, 0.17522941529750824], [530, 0.18868395686149597], [540, 0.025011075660586357], [550, 0.06548826396465302], [560, 0.05720696598291397], [570, 0.045897290110588074], [580, 0.009519392624497414], [590, 0.015911633148789406], [600, 0.025235295295715332], [610, 0.005177721846848726], [620, 0.045083485543727875], [630, 0.06225442886352539], [640, 0.023008272051811218], [650, 0.17635981738567352], [660, 0.008333349600434303], [670, 0.025690188631415367], [680, 0.010252886451780796], [690, 0.07931672036647797], [700, 0.010416715405881405], [710, 0.008854944258928299], [720, 0.00987950712442398], [730, 0.05595146864652634], [740, 0.022455334663391113], [750, 0.03839270770549774], [760, 0.00858225952833891], [770, 0.014028871431946754], [780, 0.05275728553533554], [790, 0.0403154194355011], [800, 0.008096668869256973], [810, 0.04833310469985008], [820, 0.06630008667707443], [830, 0.004596450366079807], [840, 0.004198068752884865], [850, 0.009473847225308418], [860, 0.011886432766914368], [870, 0.0984559953212738], [880, 0.04123474657535553], [890, 0.004116853699088097], [900, 0.005226160399615765], [910, 0.046244166791439056], [920, 0.009056334383785725], [930, 0.005416440777480602], [940, 0.0828763097524643], [950, 0.03991756960749626], [960, 0.09030654281377792], [970, 0.0199524387717247], [980, 0.020233839750289917], [990, 0.07460560649633408], [1000, 0.019601766020059586], [1010, 0.004347116686403751], [1020, 0.019085682928562164], [1030, 0.05325429141521454], [1040, 0.004639580845832825], [1050, 0.184581458568573], [1060, 0.018126163631677628], [1070, 0.0863163098692894], [1080, 0.09728729724884033], [1090, 0.03313227742910385], [1100, 0.05926932394504547], [1110, 0.04722681641578674], [1120, 0.006524210795760155], [1130, 0.010778333060443401], [1140, 0.006085754372179508], [1150, 0.007597123738378286], [1160, 0.02204296737909317], [1170, 0.016929036006331444], [1180, 0.002647829707711935], [1190, 0.01302272081375122], [1200, 0.07237637042999268], [1210, 0.008855881169438362], [1220, 0.05118240416049957], [1230, 0.07350534200668335], [1240, 0.10939902067184448], [1250, 0.04597865790128708], [1260, 0.06453769654035568], [1270, 0.004216397646814585], [1280, 0.045416444540023804], [1290, 0.0042305756360292435], [1300, 0.044494353234767914], [1310, 0.006795313209295273], [1320, 0.04387305676937103], [1330, 0.03205771744251251], [1340, 0.010916276834905148], [1350, 0.004030841402709484], [1360, 0.03699031099677086], [1370, 0.07864615321159363], [1380, 0.007185701280832291], [1390, 0.11352433264255524], [1400, 0.008039026521146297], [1410, 0.0029938435181975365], [1420, 0.41537246108055115], [1430, 0.09982182830572128], [1440, 0.1286686360836029], [1450, 0.002010418800637126], [1460, 0.0033998596481978893], [1470, 0.01870148628950119], [1480, 0.013029972091317177], [1490, 0.03457198292016983], [1500, 0.03505401685833931], [1510, 0.07564764469861984], [1520, 0.14550501108169556], [1530, 0.0058570560067892075], [1540, 0.23704777657985687], [1550, 0.007619771175086498], [1560, 0.009647766128182411], [1570, 0.0031548021361231804], [1580, 0.10282137989997864], [1590, 0.13330760598182678], [1600, 0.13371726870536804], [1610, 0.07531258463859558], [1620, 0.002866468159481883], [1630, 0.0044123032130301], [1640, 0.003958357963711023], [1650, 0.0033734776079654694], [1660, 0.0037809384521096945], [1670, 0.027274159714579582], [1680, 0.06336221843957901], [1690, 0.039146970957517624], [1700, 0.031164569780230522], [1710, 0.1311843991279602], [1720, 0.0036340393126010895], [1730, 0.06865455210208893], [1740, 0.00266941636800766], [1750, 0.027133863419294357], [1760, 0.0037126922979950905], [1770, 0.002320139203220606], [1780, 0.18688766658306122], [1790, 0.08748122304677963], [1800, 0.04023824632167816], [1810, 0.006878494750708342], [1820, 0.013601358979940414], [1830, 0.06172141432762146], [1840, 0.11342235654592514], [1850, 0.04259585589170456], [1860, 0.0027886228635907173], [1870, 0.0015915654366835952], [1880, 0.0018887585029006004], [1890, 0.06903083622455597], [1900, 0.09858613461256027], [1910, 0.023142896592617035], [1920, 0.0018203204963356256], [1930, 0.08656426519155502], [1940, 0.3095815181732178], [1950, 0.02925948053598404], [1960, 0.0019879124592989683], [1970, 0.0040387241169810295], [1980, 0.014888649806380272], [1990, 0.003466303925961256], [2000, 0.11656482517719269], [2010, 0.010449445806443691], [2020, 0.006228295620530844], [2030, 0.046840738505125046], [2040, 0.05126332491636276], [2050, 0.02151707373559475], [2060, 0.03645612299442291], [2070, 0.06992652267217636], [2080, 0.033510297536849976], [2090, 0.08898377418518066], [2100, 0.029441673308610916], [2110, 0.0042700814083218575], [2120, 0.00221750745549798], [2130, 0.03244071453809738], [2140, 0.22651711106300354], [2150, 0.028925582766532898], [2160, 0.001706796116195619], [2170, 0.002507362049072981], [2180, 0.004609065596014261], [2190, 0.20871835947036743], [2200, 0.002283664420247078], [2210, 0.027440881356596947], [2220, 0.028983574360609055], [2230, 0.005253972020000219], [2240, 0.016524063423275948], [2250, 0.020421762019395828], [2260, 0.0023103998973965645], [2270, 0.020006882026791573], [2280, 0.25519201159477234], [2290, 0.025211147964000702], [2300, 0.018338115885853767], [2310, 0.013300325721502304], [2320, 0.030196702107787132], [2330, 0.001896314206533134], [2340, 0.0017021428793668747], [2350, 0.021039698272943497], [2360, 0.002500709146261215], [2370, 0.03199546039104462], [2380, 0.008899522945284843], [2390, 0.023069685325026512], [2400, 0.03147071972489357], [2410, 0.0027401396073400974], [2420, 0.13111960887908936], [2430, 0.019959457218647003], [2440, 0.4564330577850342], [2450, 0.037430427968502045], [2460, 0.031088372692465782], [2470, 0.005046545527875423], [2480, 0.08002360910177231], [2490, 0.01988084428012371], [2500, 0.0558636412024498], [2510, 0.00216190074570477], [2520, 0.18845967948436737], [2530, 0.03838399797677994], [2540, 0.05171569436788559], [2550, 0.007529946975409985], [2560, 0.002601237501949072], [2570, 0.0252542644739151], [2580, 0.05320049077272415], [2590, 0.023597365245223045], [2600, 0.021768175065517426], [2610, 0.0019947027321904898], [2620, 0.0032086330465972424], [2630, 0.0355740524828434], [2640, 0.0108944121748209], [2650, 0.280076801776886], [2660, 0.0037173843011260033], [2670, 0.012741928920149803], [2680, 0.07508143782615662], [2690, 0.044204339385032654], [2700, 0.022143304347991943], [2710, 0.0016791181406006217], [2720, 0.004035021178424358], [2730, 0.004676159471273422],