{"jigsaw": {"precision": 0.9428, "recall": 0.4653, "f1": 0.6231, "auc": 0.9727758595077631, "class_auc": {"toxicity": 0.9656661120346686, "severe_toxicity": 0.9819626774381583, "obscene": 0.9767632243597453, "threat": 0.9683981518077935, "insult": 0.9734380550207984, "identity_attack": 0.970426936385414}}, "secondary_neutral": {"precision": 0.6662, "recall": 0.3371, "f1": 0.4476, "auc": 0.9453262275289273, "class_auc": {"toxicity": 0.9498468064973998, "severe_toxicity": 0.94717559253775, "obscene": 0.9744873245656884, "threat": 0.8724782797567333, "insult": 0.954136349287609, "identity_attack": 0.9738330125283825}}, "secondary_positive": {"precision": 1.0, "recall": 0.754, "f1": 0.8597, "fpr": 0, "tpr": 0.754, "confusion_matrix": {"tp": 190, "fp": 0, "tn": 0, "fn": 62}}}