{"jigsaw": {"precision": 0.8927, "recall": 0.6108, "f1": 0.7253, "auc": 0.9755453500919536, "class_auc": {"toxicity": 0.9765420585463407, "severe_toxicity": 0.9864677950633832, "obscene": 0.9866849920487589, "threat": 0.9487404148055911, "insult": 0.9811327322001485, "identity_attack": 0.9737041078874991}}, "secondary_neutral": {"precision": 0.3848, "recall": 0.4069, "f1": 0.3956, "auc": 0.9349423747228024, "class_auc": {"toxicity": 0.9488436884087457, "severe_toxicity": 0.9240860162037818, "obscene": 0.9905976909734662, "threat": 0.8419850074628529, "insult": 0.9337477227463662, "identity_attack": 0.9703941225416016}}, "secondary_positive": {"precision": 1.0, "recall": 0.877, "f1": 0.9345, "fpr": 0, "tpr": 0.877, "confusion_matrix": {"tp": 221, "fp": 0, "tn": 0, "fn": 31}}}