{"CLEAN": {"mean_auc": 0.9715161354471576, "mean_f1": 0.39358305029868434, "mean_accuracy": 0.9773705504030857, "mean_recall": 0.3755094814523919, "mean_precision": 0.419453269836624, "scores": {"toxicity": {"auc": 0.9780215776769915, "f1": 0.7448722562072688, "recall": 0.6519685039370079, "precision": 0.8686529584557281, "accuracy": 0.9577132973488802}, "severe_toxicity": {"auc": 0.9718590460349394, "f1": 0.19842519685039373, "recall": 0.22580645161290322, "precision": 0.17696629213483145, "accuracy": 0.9848209226731877}, "obscene": {"auc": 0.9894210219776794, "f1": 0.789711701526286, "recall": 0.7646414887794198, "precision": 0.8164815897136177, "accuracy": 0.9778129007246593}, "threat": {"auc": 0.9399978026203752, "f1": 0.011235955056179775, "recall": 0.02040816326530612, "precision": 0.007751937984496124, "accuracy": 0.9895028777622044}, "insult": {"auc": 0.9706634550960677, "f1": 0.6172531921519776, "recall": 0.5902322811197142, "precision": 0.6468668407310705, "accuracy": 0.9633495362776966}, "identity_attack": {"auc": 0.9791339092768929, "f1": 0.0, "recall": 0.0, "precision": 0.0, "accuracy": 0.991023767631885}}}, "DIRTY": {"mean_auc": NaN, "mean_f1": 0.4843305311768336, "mean_accuracy": 0.9689918463239359, "mean_recall": 0.4696137368711996, "mean_precision": 0.5, "scores": {"toxicity": {"auc": NaN, "f1": 0.0, "recall": 0.0, "precision": 0.0, "accuracy": 0.9972014925373134}, "severe_toxicity": {"auc": NaN, "f1": 0.9679811737859232, "recall": 0.9379491431730238, "precision": 1.0, "accuracy": 0.9379491431730238}, "obscene": {"auc": NaN, "f1": 0.0, "recall": 0.0, "precision": 0.0, "accuracy": 0.9990671641791045}, "threat": {"auc": NaN, "f1": 0.9684593178659253, "recall": 0.9388474295190713, "precision": 1.0, "accuracy": 0.9388474295190713}, "insult": {"auc": NaN, "f1": 0.9695426954091532, "recall": 0.9408858485351023, "precision": 1.0, "accuracy": 0.9408858485351023}, "identity_attack": {"auc": NaN, "f1": 0.0, "recall": 0.0, "precision": 0.0, "accuracy": 1.0}}}, "BOTH": {"mean_auc": 0.9919564058684488, "mean_f1": 0.7316984115153669, "mean_accuracy": 0.9734889105857621, "mean_recall": 0.7008614218259103, "mean_precision": 0.7675170215928119, "scores": {"toxicity": {"auc": 0.9855721879492053, "f1": 0.7341727256605781, "recall": 0.6519685039370079, "precision": 0.8400974025974026, "accuracy": 0.976007170638795}, "severe_toxicity": {"auc": 0.9966679098883409, "f1": 0.9593667918275249, "recall": 0.9311501214796565, "precision": 0.9893470040721349, "accuracy": 0.9631064231637243}, "obscene": {"auc": 0.9929553942849562, "f1": 0.7837307152875176, "recall": 0.7646414887794198, "precision": 0.8037974683544303, "accuracy": 0.9876594586807945}, "threat": {"auc": 0.9971414336607346, "f1": 0.9624251868116303, "recall": 0.9357482267061498, "precision": 0.9906678331875183, "accuracy": 0.9660355010643917}, "insult": {"auc": 0.9945437142584962, "f1": 0.9504950495049505, "recall": 0.921660190053228, "precision": 0.981192421345385, "accuracy": 0.9529426829073099}, "identity_attack": {"auc": 0.9848577951689599, "f1": 0.0, "recall": 0.0, "precision": 0.0, "accuracy": 0.995182227059558}}}}