{"num_epochs": 1, "loss": [[0, 0.8111542463302612], [10, 0.521578311920166], [20, 0.26658374071121216], [30, 0.11302097886800766], [40, 0.07333637028932571], [50, 0.12949863076210022], [60, 0.28081977367401123], [70, 0.0997437983751297], [80, 0.2132880687713623], [90, 0.21387289464473724], [100, 0.29901960492134094], [110, 0.045353468507528305], [120, 0.029959416016936302], [130, 0.02768818661570549], [140, 0.23934637010097504], [150, 0.01917984150350094], [160, 0.02663055621087551], [170, 0.04280179738998413], [180, 0.06012144684791565], [190, 0.09625434875488281], [200, 0.08387017250061035], [210, 0.014828244224190712], [220, 0.03419450670480728], [230, 0.03697899356484413], [240, 0.19499045610427856], [250, 0.19974729418754578], [260, 0.09818532317876816], [270, 0.014391331933438778], [280, 0.06380055099725723], [290, 0.090300053358078], [300, 0.014459512196481228], [310, 0.03758499026298523], [320, 0.2688755393028259], [330, 0.042045678943395615], [340, 0.053552836179733276], [350, 0.031697120517492294], [360, 0.1004992350935936], [370, 0.2701414227485657], [380, 0.10380320250988007], [390, 0.010161399841308594], [400, 0.1130731999874115], [410, 0.0118895024061203], [420, 0.03565114736557007], [430, 0.06008271500468254], [440, 0.1901109218597412], [450, 0.006813179701566696], [460, 0.011908910237252712], [470, 0.10458438098430634], [480, 0.23112277686595917], [490, 0.008719394914805889], [500, 0.03745624050498009], [510, 0.10886824131011963], [520, 0.11230102181434631], [530, 0.08811710774898529], [540, 0.05351616442203522], [550, 0.0174989253282547], [560, 0.1946454644203186], [570, 0.0627378448843956], [580, 0.05012626200914383], [590, 0.2283339500427246], [600, 0.03715040534734726], [610, 0.24502693116664886], [620, 0.008710809051990509], [630, 0.02747434377670288], [640, 0.007366632577031851], [650, 0.018667008727788925], [660, 0.29965144395828247], [670, 0.013117440044879913], [680, 0.06942034512758255], [690, 0.004868407733738422], [700, 0.022533422335982323], [710, 0.10633524507284164], [720, 0.007818058133125305], [730, 0.014292111620306969], [740, 0.04400886595249176], [750, 0.045271992683410645], [760, 0.038753025233745575], [770, 0.07523767650127411], [780, 0.12544623017311096], [790, 0.031519584357738495], [800, 0.026829129084944725], [810, 0.003926841076463461], [820, 0.11196088790893555], [830, 0.061550892889499664], [840, 0.05378194898366928], [850, 0.08153524249792099], [860, 0.006580676417797804], [870, 0.04383092746138573], [880, 0.019340001046657562], [890, 0.004322050139307976], [900, 0.06858354806900024], [910, 0.07852150499820709], [920, 0.05555593967437744], [930, 0.04193432256579399], [940, 0.2475416511297226], [950, 0.00796501711010933], [960, 0.10991402715444565], [970, 0.20514467358589172], [980, 0.007668520789593458], [990, 0.0430305153131485], [1000, 0.035442326217889786], [1010, 0.0036933354567736387], [1020, 0.059065818786621094], [1030, 0.029328037053346634], [1040, 0.004015797283500433], [1050, 0.008439023047685623], [1060, 0.005109827034175396], [1070, 0.014368472620844841], [1080, 0.0032920341473072767], [1090, 0.016760535538196564], [1100, 0.0635877400636673], [1110, 0.03181501477956772], [1120, 0.03695244714617729], [1130, 0.003410720732063055], [1140, 0.03565230965614319], [1150, 0.07666228711605072], [1160, 0.0322541743516922], [1170, 0.01795448735356331], [1180, 0.003817701479420066], [1190, 0.005372967571020126], [1200, 0.05249301716685295], [1210, 0.1111140102148056], [1220, 0.03705522418022156], [1230, 0.009820074774324894], [1240, 0.0042966133914887905], [1250, 0.051203738898038864], [1260, 0.00387166952714324], [1270, 0.017037220299243927], [1280, 0.07027065753936768], [1290, 0.0560804083943367], [1300, 0.04448281228542328], [1310, 0.024444326758384705], [1320, 0.011205868795514107], [1330, 0.05083463340997696], [1340, 0.06467065215110779], [1350, 0.08733891695737839], [1360, 0.03570227324962616], [1370, 0.02502579241991043], [1380, 0.0033436017110943794], [1390, 0.0034710178151726723], [1400, 0.02069809101521969], [1410, 0.025834664702415466], [1420, 0.0053430888801813126], [1430, 0.027784008532762527], [1440, 0.002255537547171116], [1450, 0.03354861959815025], [1460, 0.11770108342170715], [1470, 0.015549793839454651], [1480, 0.0045372238382697105], [1490, 0.005573979578912258], [1500, 0.13914203643798828], [1510, 0.04439743608236313], [1520, 0.0022420398890972137], [1530, 0.01455804891884327], [1540, 0.11244040727615356], [1550, 0.029737547039985657], [1560, 0.00516215106472373], [1570, 0.3045767545700073], [1580, 0.0076451911590993404], [1590, 0.0054912567138671875], [1600, 0.02166503481566906], [1610, 0.004376664292067289], [1620, 0.06359177827835083], [1630, 0.025159059092402458], [1640, 0.00787280686199665], [1650, 0.022451158612966537], [1660, 0.09915369749069214], [1670, 0.1902967095375061], [1680, 0.027072472497820854], [1690, 0.0020343312062323093], [1700, 0.1893894374370575], [1710, 0.025120634585618973], [1720, 0.5895971655845642], [1730, 0.003556217532604933], [1740, 0.016641363501548767], [1750, 0.0061153387650847435], [1760, 0.13304057717323303], [1770, 0.0023403833620250225], [1780, 0.0024951675441116095], [1790, 0.02887551113963127], [1800, 0.01024551223963499], [1810, 0.019674835726618767], [1820, 0.004790620878338814], [1830, 0.009131014347076416], [1840, 0.0029922500252723694], [1850, 0.024775875732302666], [1860, 0.019143693149089813], [1870, 0.08912314474582672], [1880, 0.0302963238209486], [1890, 0.003318367525935173], [1900, 0.002549961907789111], [1910, 0.004225606564432383], [1920, 0.02091258019208908], [1930, 0.0040399255231022835], [1940, 0.005465994589030743], [1950, 0.002103139879181981], [1960, 0.03780357539653778], [1970, 0.0025521391071379185], [1980, 0.09345635026693344], [1990, 0.0692664384841919], [2000, 0.0057713333517313], [2010, 0.0382051020860672], [2020, 0.05035354942083359], [2030, 0.007232570089399815], [2040, 0.01567133329808712], [2050, 0.0034299015533179045], [2060, 0.0017244177870452404], [2070, 0.0019033686257898808], [2080, 0.01323783677071333], [2090, 0.021700216457247734], [2100, 0.03203905001282692], [2110, 0.1741269826889038], [2120, 0.1681421995162964], [2130, 0.057129114866256714], [2140, 0.0014780925121158361], [2150, 0.004012957215309143], [2160, 0.03434799239039421], [2170, 0.016288500279188156], [2180, 0.06021523475646973], [2190, 0.08948611468076706], [2200, 0.005384449847042561], [2210, 0.02490636333823204], [2220, 0.0047380803152918816], [2230, 0.11720170080661774], [2240, 0.017420483753085136], [2250, 0.004255448468029499], [2260, 0.03866484761238098], [2270, 0.003378950757905841], [2280, 0.0020533008500933647], [2290, 0.07010343670845032], [2300, 0.023396490141749382], [2310, 0.04649319872260094], [2320, 0.006899326574057341], [2330, 0.024714447557926178], [2340, 0.00575034087523818], [2350, 0.28389519453048706], [2360, 0.007062123157083988], [2370, 0.0022678503300994635], [2380, 0.07038595527410507], [2390, 0.002490727696567774], [2400, 0.007431108504533768], [2410, 0.008416274562478065], [2420, 0.005027300212532282], [2430, 0.001836878596805036], [2440, 0.02727588079869747], [2450, 0.05217752978205681], [2460, 0.19359654188156128], [2470, 0.009449878707528114], [2480, 0.003514210693538189], [2490, 0.0027313909959048033], [2500, 0.1117648035287857], [2510, 0.011139214038848877], [2520, 0.0567781887948513], [2530, 0.11187583208084106], [2540, 0.002089828485623002], [2550, 0.044076185673475266], [2560, 0.03752933070063591], [2570, 0.0028819504659622908], [2580, 0.01358006801456213], [2590, 0.021069345995783806], [2600, 0.1423032283782959], [2610, 0.023687025532126427], [2620, 0.019663510844111443], [2630, 0.007647191174328327], [2640, 0.021612418815493584], [2650, 0.025413617491722107], [2660, 0.0011891586473211646], [2670, 0.017222698777914047], [2680, 0.09661780297756195], [2690, 0.0025819602888077497], [2700, 0.06333990395069122], [2710, 0.014997337013483047], [2720, 0.02839328721165657], [2730, 0.01230202242732048], [2740, 