{"num_epochs": 1, "loss": [[0, 0.8176040053367615], [10, 0.2930198013782501], [20, 0.07168222963809967], [30, 0.050847332924604416], [40, 0.13399890065193176], [50, 0.17262348532676697], [60, 0.037338901311159134], [70, 0.025077393278479576], [80, 0.08291785418987274], [90, 0.01789920963346958], [100, 0.017558317631483078], [110, 0.16674630343914032], [120, 0.07800107449293137], [130, 0.17050676047801971], [140, 0.05505412817001343], [150, 0.010985523462295532], [160, 0.013131032697856426], [170, 0.014648234471678734], [180, 0.022559575736522675], [190, 0.011618539690971375], [200, 0.008627933450043201], [210, 0.007509503047913313], [220, 0.027480682358145714], [230, 0.00963428895920515], [240, 0.04735220596194267], [250, 0.042093317955732346], [260, 0.18995216488838196], [270, 0.00680934963747859], [280, 0.005921104922890663], [290, 0.03099573217332363], [300, 0.005430344492197037], [310, 0.0664137452840805], [320, 0.007018791511654854], [330, 0.01896967738866806], [340, 0.005675658583641052], [350, 0.22149018943309784], [360, 0.006471693050116301], [370, 0.21189188957214355], [380, 0.19322949647903442], [390, 0.0865701287984848], [400, 0.004587194882333279], [410, 0.003963818773627281], [420, 0.004007588606327772], [430, 0.17009317874908447], [440, 0.0614156499505043], [450, 0.023518234491348267], [460, 0.027945630252361298], [470, 0.004012987948954105], [480, 0.003456959966570139], [490, 0.025216152891516685], [500, 0.00369864865206182], [510, 0.029633833095431328], [520, 0.04240232706069946], [530, 0.06480681896209717], [540, 0.11600582301616669], [550, 0.041345030069351196], [560, 0.09505860507488251], [570, 0.3789990544319153], [580, 0.033653467893600464], [590, 0.005612093955278397], [600, 0.10210739821195602], [610, 0.008925722911953926], [620, 0.03277073800563812], [630, 0.016615189611911774], [640, 0.038941312581300735], [650, 0.14581117033958435], [660, 0.034241292625665665], [670, 0.002998849842697382], [680, 0.13848286867141724], [690, 0.08440941572189331], [700, 0.08977249264717102], [710, 0.13308925926685333], [720, 0.003982122056186199], [730, 0.030749358236789703], [740, 0.00906884390860796], [750, 0.012111824005842209], [760, 0.0021442836150527], [770, 0.006753464229404926], [780, 0.0033656172454357147], [790, 0.002499970840290189], [800, 0.01333679910749197], [810, 0.10168996453285217], [820, 0.4001483917236328], [830, 0.002658871468156576], [840, 0.04897527024149895], [850, 0.04383935034275055], [860, 0.019113587215542793], [870, 0.0022177505306899548], [880, 0.08707582205533981], [890, 0.436665415763855], [900, 0.06831365823745728], [910, 0.0027689654380083084], [920, 0.18821458518505096], [930, 0.002326999558135867], [940, 0.2700348198413849], [950, 0.05468299612402916], [960, 0.08919992297887802], [970, 0.0958392471075058], [980, 0.0019853331614285707], [990, 0.11252428591251373], [1000, 0.002150396816432476], [1010, 0.003782297484576702], [1020, 0.006400367245078087], [1030, 0.054474975913763046], [1040, 0.004084314219653606], [1050, 0.2442600131034851], [1060, 0.0018080659210681915], [1070, 0.005504366010427475], [1080, 0.05993398278951645], [1090, 0.007206733804196119], [1100, 0.02961157076060772], [1110, 0.0017047662986442447], [1120, 0.04602375626564026], [1130, 0.035122960805892944], [1140, 0.005404034163802862], [1150, 0.018540645018219948], [1160, 0.08647090196609497], [1170, 0.008755417540669441], [1180, 0.01718030497431755], [1190, 0.016693737357854843], [1200, 0.0016959034837782383], [1210, 0.020941806957125664], [1220, 0.001968781230971217], [1230, 0.010867446660995483], [1240, 0.0018850935157388449], [1250, 0.0032182568684220314], [1260, 0.0188588909804821], [1270, 0.03115573339164257], [1280, 0.002279119798913598], [1290, 0.02549157291650772], [1300, 0.0022884092759341], [1310, 0.04704860597848892], [1320, 0.058805711567401886], [1330, 0.062078192830085754], [1340, 0.0072668916545808315], [1350, 0.003892692271620035], [1360, 0.19061625003814697], [1370, 0.024192174896597862], [1380, 0.003095391672104597], [1390, 0.007644571363925934], [1400, 0.1011996790766716], [1410, 0.08474846929311752], [1420, 0.1414550244808197], [1430, 0.04632902890443802], [1440, 0.1646251380443573], [1450, 0.002596375998109579], [1460, 0.002764388918876648], [1470, 0.0024751878809183836], [1480, 0.1551796793937683], [1490, 0.0028123368974775076], [1500, 0.0014754701405763626], [1510, 0.0017101152334362268], [1520, 0.0376008078455925], [1530, 0.014504078775644302], [1540, 0.0015787699958309531], [1550, 0.009386458434164524], [1560, 0.009748023934662342], [1570, 0.0039207772351801395], [1580, 0.0014279027236625552], [1590, 0.042599163949489594], [1600, 0.03455725312232971], [1610, 0.04286038875579834], [1620, 0.0012401093263179064], [1630, 0.06183965504169464], [1640, 0.03487734496593475], [1650, 0.2920137643814087], [1660, 0.005689278244972229], [1670, 0.04620792716741562], [1680, 0.11585955321788788], [1690, 0.1487751305103302], [1700, 0.0552615225315094], [1710, 0.031992629170417786], [1720, 0.02243576943874359], [1730, 0.0645832046866417], [1740, 0.026689715683460236], [1750, 0.019095659255981445], [1760, 0.002462149830535054], [1770, 0.02769482135772705], [1780, 0.07430089265108109], [1790, 0.0029821940697729588], [1800, 0.029923349618911743], [1810, 0.0033412277698516846], [1820, 0.0573648177087307], [1830, 0.0010727890767157078], [1840, 0.006085386034101248], [1850, 0.08290335536003113], [1860, 0.010114816948771477], [1870, 0.12197007238864899], [1880, 0.0013191970065236092], [1890, 0.024615539237856865], [1900, 0.014230838976800442], [1910, 0.0461261086165905], [1920, 0.00126153533346951], [1930, 0.0016762199811637402], [1940, 0.003918214701116085], [1950, 0.004186056088656187], [1960, 0.008044132962822914], [1970, 0.08111046254634857], [1980, 0.0019316626712679863], [1990, 0.027101200073957443], [2000, 0.0012900393921881914], [2010, 0.10211850702762604], [2020, 0.010104162618517876], [2030, 0.0012552770785987377], [2040, 0.03791932389140129], [2050, 0.4709535241127014], [2060, 0.0358223021030426], [2070, 0.024083836004137993], [2080, 0.00107035250402987], [2090, 0.005498901940882206], [2100, 0.042940154671669006], [2110, 0.0008852437604218721], [2120, 0.06755281984806061], [2130, 0.06174638494849205], [2140, 0.015077872201800346], [2150, 0.0026382929645478725], [2160, 0.0030965711921453476], [2170, 0.0019760052673518658], [2180, 0.11557529866695404], [2190, 0.014720636419951916], [2200, 0.06017593666911125], [2210, 0.003272677306085825], [2220, 0.006768505088984966], [2230, 0.016699936240911484]],