{"num_epochs": 1, "loss": [[0, 0.7992085218429565], [10, 0.3998241424560547], [20, 0.29601216316223145], [30, 0.3179788589477539], [40, 0.09957955777645111], [50, 0.07259924709796906], [60, 0.2071821689605713], [70, 0.32172977924346924], [80, 0.06766995787620544], [90, 0.07878459990024567], [100, 0.2946040630340576], [110, 0.11445599794387817], [120, 0.13965554535388947], [130, 0.10172943770885468], [140, 0.07547840476036072], [150, 0.03610707446932793], [160, 0.020483456552028656], [170, 0.015541696920990944], [180, 0.31236040592193604], [190, 0.13073419034481049], [200, 0.10158615559339523], [210, 0.03730427473783493], [220, 0.06278010457754135], [230, 0.013092382811009884], [240, 0.08303055912256241], [250, 0.2672621011734009], [260, 0.04318997263908386], [270, 0.04162786900997162], [280, 0.1046493873000145], [290, 0.015493481419980526], [300, 0.10489346832036972], [310, 0.053540416061878204], [320, 0.06939230859279633], [330, 0.05699422210454941], [340, 0.0995464026927948], [350, 0.08762291073799133], [360, 0.02736010029911995], [370, 0.059843674302101135], [380, 0.1205737516283989], [390, 0.015540940687060356], [400, 0.018616236746311188], [410, 0.054563503712415695], [420, 0.27427005767822266], [430, 0.12717324495315552], [440, 0.037054434418678284], [450, 0.15797677636146545], [460, 0.029348433017730713], [470, 0.011017262935638428], [480, 0.03650384396314621], [490, 0.046427614986896515], [500, 0.04029771685600281], [510, 0.021628867834806442], [520, 0.0534379705786705], [530, 0.14619773626327515], [540, 0.03463522344827652], [550, 0.08667542785406113], [560, 0.00836513377726078], [570, 0.00535799702629447], [580, 0.007477018982172012], [590, 0.02419256791472435], [600, 0.00656253844499588], [610, 0.04268955439329147], [620, 0.010631139390170574], [630, 0.035449303686618805], [640, 0.007813014090061188], [650, 0.006403914652764797], [660, 0.05208173021674156], [670, 0.07399380952119827], [680, 0.0962480753660202], [690, 0.1547161191701889], [700, 0.007214581128209829], [710, 0.08138223737478256], [720, 0.08992865681648254], [730, 0.009543255902826786], [740, 0.10316406935453415], [750, 0.014961558394134045], [760, 0.031996950507164], [770, 0.01940060779452324], [780, 0.28187477588653564], [790, 0.04247249290347099], [800, 0.06719428300857544], [810, 0.004390991758555174], [820, 0.028475414961576462], [830, 0.04134142026305199], [840, 0.055741213262081146], [850, 0.051242150366306305], [860, 0.0305386483669281], [870, 0.006299370899796486], [880, 0.004430091008543968], [890, 0.006352069787681103], [900, 0.006670725531876087], [910, 0.009552521631121635], [920, 0.03435678407549858], [930, 0.0818638950586319], [940, 0.09054639935493469], [950, 0.01470419391989708], [960, 0.009099477902054787], [970, 0.0224134624004364], [980, 0.11958760023117065], [990, 0.0030557960271835327], [1000, 0.012009324505925179], [1010, 0.07396983355283737], [1020, 0.11664354801177979], [1030, 0.0076170614920556545], [1040, 0.10809846967458725], [1050, 0.016141783446073532], [1060, 0.0028988299891352654], [1070, 0.27502068877220154], [1080, 0.03548019379377365], [1090, 0.0072263190522789955], [1100, 0.12328016012907028], [1110, 0.0038594864308834076], [1120, 0.032284654676914215], [1130, 0.002793466206640005], [1140, 0.049027495086193085], [1150, 0.03061298280954361], [1160, 0.039127133786678314], [1170, 0.33801528811454773], [1180, 0.05395431071519852], [1190, 0.08334024995565414], [1200, 0.016803475096821785], [1210, 0.002495049498975277], [1220, 0.01227778010070324], [1230, 0.034061554819345474], [1240, 0.019903840497136116], [1250, 0.019216548651456833], [1260, 0.010674904100596905], [1270, 0.13416467607021332], [1280, 0.04130484163761139], [1290, 0.005521472543478012], [1300, 0.006755394395440817], [1310, 0.006418813019990921], [1320, 0.0275504719465971], [1330, 0.04069870337843895], [1340, 0.004321562126278877], [1350, 0.0037876106798648834], [1360, 0.05646340548992157], [1370, 0.05120764672756195], [1380, 0.041036613285541534], [1390, 0.19961433112621307], [1400, 0.21013903617858887], [1410, 0.01732223480939865], [1420, 0.006284735165536404], [1430, 0.0059050265699625015], [1440, 0.006156481336802244], [1450, 0.20157146453857422], [1460, 0.019374236464500427], [1470, 0.08605634421110153], [1480, 0.017338529229164124], [1490, 0.05948184058070183], [1500, 0.021824931725859642], [1510, 0.0023545355070382357], [1520, 0.023831937462091446], [1530, 0.005584781523793936], [1540, 0.07256029546260834], [1550, 0.02684926800429821], [1560, 0.04204908013343811], [1570, 0.0034465964417904615], [1580, 0.11451321840286255], [1590, 0.0037333646323531866], [1600, 0.006099147256463766], [1610, 0.01686934009194374], [1620, 0.008764742873609066], [1630, 0.04633331298828125], [1640, 0.2127966731786728], [1650, 0.026138361543416977], [1660, 0.017936980351805687], [1670, 0.3419923782348633], [1680, 0.12163740396499634], [1690, 0.007390440441668034], [1700, 0.01570415310561657], [1710, 0.02202295884490013], [1720, 0.015974340960383415], [1730, 0.030779141932725906], [1740, 0.014340043067932129], [1750, 0.03530624136328697], [1760, 0.0033720291685312986], [1770, 0.08266717195510864], [1780, 0.0022340035066008568], [1790, 0.02039746567606926], [1800, 0.017112676054239273], [1810, 0.009201227687299252], [1820, 0.0040780529379844666], [1830, 0.06315460801124573], [1840, 0.00850206334143877], [1850, 0.0978085994720459], [1860, 0.0017000946681946516], [1870, 0.004417057149112225], [1880, 0.05819739028811455], [1890, 0.04724091291427612], [1900, 0.13724371790885925], [1910, 0.005976599641144276], [1920, 0.04552924633026123], [1930, 0.010921168141067028], [1940, 0.00914674997329712], [1950, 0.041927456855773926], [1960, 0.15560759603977203], [1970, 0.07222428917884827], [1980, 0.09226920455694199], [1990, 0.04322291538119316], [2000, 0.0645812526345253], [2010, 0.02552207186818123], [2020, 0.002731447573751211], [2030, 0.02956291288137436], [2040, 0.07110200077295303], [2050, 0.10779283940792084], [2060, 0.002342826686799526], [2070, 0.36639603972435], [2080, 0.13232183456420898], [2090, 0.0014381170039996505], [2100, 0.037397805601358414], [2110, 0.027067748829722404], [2120, 0.11972792446613312], [2130, 0.030731655657291412], [2140, 0.026408350095152855], [2150, 0.002659901510924101], [2160, 0.006687821354717016], [2170, 0.02828032337129116], [2180, 0.37474876642227173], [2190, 0.05078725516796112], [2200, 0.0668763741850853], [2210, 0.04274327680468559], [2220, 0.0932510644197464], [2230, 0.0300355963408947], [2240, 0.0070246076211333275], [2250, 0.00614396296441555], [2260, 0.005238925106823444], [2270, 0.10973319411277771], [2280, 0.00258374004624784], [2290, 0.07378572225570679], [2300, 0.011204260401427746], [2310, 0.18633171916007996], [2320, 0.025326184928417206], [2330, 0.013427595607936382], [2340, 0.10925646126270294], [2350, 0.001958393258973956], [2360, 0.00882162805646658], [2370, 0.03847663104534149], [2380, 0.052163876593112946], [2390, 0.01592167280614376], [2400, 0.0798245519399643], [2410, 0.008348915725946426], [2420, 0.0889287143945694], [2430, 0.003273649839684367], [2440, 0.019413426518440247], [2450, 0.032378554344177246], [2460, 0.0015122214099392295], [2470, 0.001880767522379756], [2480, 0.026832755655050278], [2490, 0.0016578182112425566], [2500, 0.3974003791809082], [2510, 0.014644069597125053], [2520, 0.01724224165081978], [2530, 0.0015465224860236049], [2540, 0.0018876887625083327], [2550, 0.02263534814119339], [2560, 0.005735145416110754], [2570, 0.050662025809288025], [2580, 0.0141677875071764], [2590, 0.0016669763717800379], [2600, 0.0693230926990509], [2610, 0.002889846218749881], [2620, 0.05114833265542984], [2630, 0.12089776992797852], [2640, 0.009841546416282654], [2650, 0.2012869119644165], [2660, 0.01493462361395359], [2670, 0.08310439437627792], [2680, 0.013855800032615662], [2690, 0.0014269554521888494], [2700, 0.0033623292110860348], [2710, 0.07077367603778839], [2720, 0.007303137332201004], [2730, 0.004874131642282009], [2740, 0.1964016854763031], 