{"jigsaw": {"precision": 0.8995, "recall": 0.7138, "f_beta": 0.7446, "specificity": 1.0, "fpr": 0.0088, "tpr": 0.7138, "confusion_matrix": {"tp": 1594, "fp": 178, "tn": 19944, "fn": 639}, "auc": 0.9890486557383512, "class_auc": {"toxicity": 0.987335659137235, "severe_toxicity": 0.9917200207237139, "obscene": 0.9924107775510637, "threat": 0.9846537787555831, "insult": 0.9867485769777983, "identity_attack": 0.991423121284713}}, "secondary_neutral": {"precision": 0.8226, "recall": 0.779, "f_beta": 0.7874, "specificity": 0.9946, "fpr": 0.0149, "tpr": 0.779, "confusion_matrix": {"tp": 4396, "fp": 948, "tn": 62599, "fn": 1247}, "auc": 0.9917568955699264, "class_auc": {"toxicity": 0.9901247136400433, "severe_toxicity": 0.9898767897340202, "obscene": 0.9987698872938343, "threat": 0.9831731047695426, "insult": 0.9936788456631378, "identity_attack": 0.9949180323189807}}, "secondary_positive": {"topic_4": {"precision": 1.0, "recall": 0.7429, "f_beta": 0.7831, "specificity": 0, "fpr": 0, "tpr": 0.7429, "confusion_matrix": {"tp": 78, "fp": 0, "tn": 0, "fn": 27}}, "topic_6": {"precision": 1.0, "recall": 0.5992, "f_beta": 0.6514, "specificity": 0, "fpr": 0, "tpr": 0.5992, "confusion_matrix": {"tp": 151, "fp": 0, "tn": 0, "fn": 101}}, "topic_7": {"precision": 1.0, "recall": 0.6098, "f_beta": 0.6614, "specificity": 0, "fpr": 0, "tpr": 0.6098, "confusion_matrix": {"tp": 25, "fp": 0, "tn": 0, "fn": 16}}, "topic_10": {"precision": 1.0, "recall": 0.92, "f_beta": 0.935, "specificity": 0, "fpr": 0, "tpr": 0.92, "confusion_matrix": {"tp": 23, "fp": 0, "tn": 0, "fn": 2}}, "mean": {"precision": 1.0, "recall": 0.7179749999999999, "f_beta": 0.757725, "specificity": 0.0}}}