{
    "CLEAN": {
        "mean_auc": 0.9775988196399313,
        "mean_f1": 0.3766798772896858,
        "mean_accuracy": 0.9805167049374249,
        "mean_recall": 0.31711708113143167,
        "mean_precision": 0.6460100679742876,
        "scores": {
            "toxicity": {
                "auc": 0.9775492664181191,
                "f1": 0.7253924284395199,
                "recall": 0.6185826771653543,
                "precision": 0.8767857142857143,
                "accuracy": 0.9556556228193123
            },
            "severe_toxicity": {
                "auc": 0.9864090513917748,
                "f1": 0.11147540983606558,
                "recall": 0.06093189964157706,
                "precision": 0.6538461538461539,
                "accuracy": 0.9919184087316971
            },
            "obscene": {
                "auc": 0.9890428209282249,
                "f1": 0.7574812967581047,
                "recall": 0.6650246305418719,
                "precision": 0.8797972483707458,
                "accuracy": 0.9767989741448723
            },
            "threat": {
                "auc": 0.9512245813534026,
                "f1": 0.0,
                "recall": 0.0,
                "precision": 0.0,
                "accuracy": 0.9970775057406137
            },
            "insult": {
                "auc": 0.9829758281839271,
                "f1": 0.6525722339675828,
                "recall": 0.5515187611673615,
                "precision": 0.7989646246764452,
                "accuracy": 0.9705961291861748
            },
            "identity_attack": {
                "auc": 0.9783913695641395,
                "f1": 0.013157894736842105,
                "recall": 0.006644518272425249,
                "precision": 0.6666666666666666,
                "accuracy": 0.9910535890018788
            }
        }
    },
    "DIRTY": {
        "mean_auc": NaN,
        "mean_f1": 0.0010447161471786924,
        "mean_accuracy": 0.4966429426939378,
        "mean_recall": 0.0005240003685277317,
        "mean_precision": 0.16666666666666666,
        "scores": {
            "toxicity": {
                "auc": NaN,
                "f1": 0.0,
                "recall": 0.0,
                "precision": 0.0,
                "accuracy": 0.9822070204532891
            },
            "severe_toxicity": {
                "auc": NaN,
                "f1": 0.0,
                "recall": 0.0,
                "precision": 0.0,
                "accuracy": 0.0
            },
            "obscene": {
                "auc": NaN,
                "f1": 0.0,
                "recall": 0.0,
                "precision": 0.0,
                "accuracy": 0.9945066334991708
            },
            "threat": {
                "auc": NaN,
                "f1": 0.0,
                "recall": 0.0,
                "precision": 0.0,
                "accuracy": 0.0
            },
            "insult": {
                "auc": NaN,
                "f1": 0.006268296883072154,
                "recall": 0.0031440022111663903,
                "precision": 1.0,
                "accuracy": 0.0031440022111663903
            },
            "identity_attack": {
                "auc": NaN,
                "f1": 0.0,
                "recall": 0.0,
                "precision": 0.0,
                "accuracy": 1.0
            }
        }
    },
    "BOTH": {
        "mean_auc": 0.7332390404323887,
        "mean_f1": 0.24370690364895942,
        "mean_accuracy": 0.756350336923988,
        "mean_recall": 0.22067398194149987,
        "mean_precision": 0.6059932536509669,
        "scores": {
            "toxicity": {
                "auc": 0.9666725930025332,
                "f1": 0.6623946037099495,
                "recall": 0.6185826771653543,
                "precision": 0.712885662431942,
                "accuracy": 0.9679562078845015
            },
            "severe_toxicity": {
                "auc": 0.3213889921373921,
                "f1": 0.0011624329036890148,
                "recall": 0.0005817335660267597,
                "precision": 0.6538461538461539,
                "accuracy": 0.5323879187541015
            },
            "obscene": {
                "auc": 0.9888974352379418,
                "f1": 0.7217107217107217,
                "recall": 0.6650246305418719,
                "precision": 0.788961038961039,
                "accuracy": 0.9850024809129759
            },
            "threat": {
                "auc": 0.45253818598265305,
                "f1": 0.0,
                "recall": 0.0,
                "precision": 0.0,
                "accuracy": 0.5351569377530931
            },
            "insult": {
                "auc": 0.6877078845640479,
                "f1": 0.0638157688325542,
                "recall": 0.033210332103321034,
                "precision": 0.8136,
                "accuracy": 0.5224002432895305
            },
            "identity_attack": {
                "auc": 0.9822291516697643,
                "f1": 0.013157894736842105,
                "recall": 0.006644518272425249,
                "precision": 0.6666666666666666,
                "accuracy": 0.9951982329497255
            }
        }
    }
}