{
    "CLEAN": {
        "mean_auc": 0.8999418927737451,
        "mean_f1": 0.029338076865036995,
        "mean_accuracy": 0.952713247646597,
        "mean_recall": 0.05206709541841547,
        "mean_precision": 0.029857786435316974,
        "scores": {
            "toxicity": {
                "auc": 0.8675025120180024,
                "f1": 0.0,
                "recall": 0.0,
                "precision": 0.0,
                "accuracy": 0.9053171502698834
            },
            "severe_toxicity": {
                "auc": 0.9219256346233067,
                "f1": 0.029673590504451036,
                "recall": 0.053763440860215055,
                "precision": 0.020491803278688523,
                "accuracy": 0.9707452360361435
            },
            "obscene": {
                "auc": 0.9019348484646036,
                "f1": 0.0,
                "recall": 0.0,
                "precision": 0.0,
                "accuracy": 0.9455163570214415
            },
            "threat": {
                "auc": 0.913949698318089,
                "f1": 0.04197530864197531,
                "recall": 0.17346938775510204,
                "precision": 0.023876404494382022,
                "accuracy": 0.9768586168848596
            },
            "insult": {
                "auc": 0.893423802307079,
                "f1": 0.10437956204379562,
                "recall": 0.0851697438951757,
                "precision": 0.1347785108388313,
                "accuracy": 0.9268183580353682
            },
            "identity_attack": {
                "auc": 0.90091486091139,
                "f1": 0.0,
                "recall": 0.0,
                "precision": 0.0,
                "accuracy": 0.991023767631885
            }
        }
    },
    "DIRTY": {
        "mean_auc": NaN,
        "mean_f1": 0.4795626203864935,
        "mean_accuracy": 0.960751796572692,
        "mean_recall": 0.4607517965726921,
        "mean_precision": 0.5,
        "scores": {
            "toxicity": {
                "auc": NaN,
                "f1": 0.0,
                "recall": 0.0,
                "precision": 0.0,
                "accuracy": 1.0
            },
            "severe_toxicity": {
                "auc": NaN,
                "f1": 0.9564464955292761,
                "recall": 0.9165284687672748,
                "precision": 1.0,
                "accuracy": 0.9165284687672748
            },
            "obscene": {
                "auc": NaN,
                "f1": 0.0,
                "recall": 0.0,
                "precision": 0.0,
                "accuracy": 1.0
            },
            "threat": {
                "auc": NaN,
                "f1": 0.954920474445307,
                "recall": 0.9137299613045882,
                "precision": 1.0,
                "accuracy": 0.9137299613045882
            },
            "insult": {
                "auc": NaN,
                "f1": 0.9660087523443779,
                "recall": 0.9342523493642897,
                "precision": 1.0,
                "accuracy": 0.9342523493642897
            },
            "identity_attack": {
                "auc": NaN,
                "f1": 0.0,
                "recall": 0.0,
                "precision": 0.0,
                "accuracy": 1.0
            }
        }
    },
    "BOTH": {
        "mean_auc": 0.9530847360147005,
        "mean_f1": 0.46790455645503837,
        "mean_accuracy": 0.9564373022605652,
        "mean_recall": 0.45120370193401454,
        "mean_precision": 0.48590682794606027,
        "scores": {
            "toxicity": {
                "auc": 0.9099083723856295,
                "f1": 0.0,
                "recall": 0.0,
                "precision": 0.0,
                "accuracy": 0.9491812987179282
            },
            "severe_toxicity": {
                "auc": 0.9882296912128744,
                "f1": 0.939858010374803,
                "recall": 0.9082914142969579,
                "precision": 0.9736977256052824,
                "accuracy": 0.945627991100725
            },
            "obscene": {
                "auc": 0.9316466612608978,
                "f1": 0.0,
                "recall": 0.0,
                "precision": 0.0,
                "accuracy": 0.9707572386638282
            },
            "threat": {
                "auc": 0.9884201247623027,
                "f1": 0.9417626020889307,
                "recall": 0.9112320088148199,
                "precision": 0.9744099561839538,
                "accuracy": 0.9476127214815052
            },
            "insult": {
                "auc": 0.9844345052398095,
                "f1": 0.9258067262664964,
                "recall": 0.8876987884923097,
                "precision": 0.9673332858871255,
                "accuracy": 0.9302623365398467
            },
            "identity_attack": {
                "auc": 0.9158690612266882,
                "f1": 0.0,
                "recall": 0.0,
                "precision": 0.0,
                "accuracy": 0.995182227059558
            }
        }
    }
}