{
    "CLEAN": {
        "mean_auc": 0.9663392961121224,
        "mean_f1": 0.41351827691275034,
        "mean_accuracy": 0.9790156959810735,
        "mean_recall": 0.37834755398590425,
        "mean_precision": 0.48413175493979904,
        "scores": {
            "toxicity": {
                "auc": 0.9759306397722093,
                "f1": 0.7467600700525394,
                "recall": 0.6714960629921259,
                "precision": 0.841025641025641,
                "accuracy": 0.9568782989890555
            },
            "severe_toxicity": {
                "auc": 0.9782936614950032,
                "f1": 0.3212996389891697,
                "recall": 0.31899641577060933,
                "precision": 0.3236363636363636,
                "accuracy": 0.9887871648823547
            },
            "obscene": {
                "auc": 0.989510531400786,
                "f1": 0.7582383738835847,
                "recall": 0.6737821565407772,
                "precision": 0.8669014084507042,
                "accuracy": 0.9765902245549161
            },
            "threat": {
                "auc": 0.9147447224740053,
                "f1": 0.0,
                "recall": 0.0,
                "precision": 0.0,
                "accuracy": 0.9944830465511586
            },
            "insult": {
                "auc": 0.9758257999861115,
                "f1": 0.6419910657306955,
                "recall": 0.5991661703394878,
                "precision": 0.6914089347079038,
                "accuracy": 0.9665404228670265
            },
            "identity_attack": {
                "auc": 0.9637304215446186,
                "f1": 0.01282051282051282,
                "recall": 0.006644518272425249,
                "precision": 0.18181818181818182,
                "accuracy": 0.9908150180419288
            }
        }
    },
    "DIRTY": {
        "mean_auc": NaN,
        "mean_f1": 0.4424963180649182,
        "mean_accuracy": 0.8948198820711258,
        "mean_recall": 0.39685830108715675,
        "mean_precision": 0.5,
        "scores": {
            "toxicity": {
                "auc": NaN,
                "f1": 0.0,
                "recall": 0.0,
                "precision": 0.0,
                "accuracy": 0.9908789386401327
            },
            "severe_toxicity": {
                "auc": NaN,
                "f1": 0.8864051709212627,
                "recall": 0.7959853510226644,
                "precision": 1.0,
                "accuracy": 0.7959853510226644
            },
            "obscene": {
                "auc": NaN,
                "f1": 0.0,
                "recall": 0.0,
                "precision": 0.0,
                "accuracy": 0.9968905472636815
            },
            "threat": {
                "auc": NaN,
                "f1": 0.881996214608521,
                "recall": 0.7889027086788281,
                "precision": 1.0,
                "accuracy": 0.7889027086788281
            },
            "insult": {
                "auc": NaN,
                "f1": 0.8865765228597258,
                "recall": 0.7962617468214483,
                "precision": 1.0,
                "accuracy": 0.7962617468214483
            },
            "identity_attack": {
                "auc": NaN,
                "f1": 0.0,
                "recall": 0.0,
                "precision": 0.0,
                "accuracy": 1.0
            }
        }
    },
    "BOTH": {
        "mean_auc": 0.9796023846873885,
        "mean_f1": 0.682723673884614,
        "mean_accuracy": 0.9400099236519038,
        "mean_recall": 0.6191750230481706,
        "mean_precision": 0.7881086429509324,
        "scores": {
            "toxicity": {
                "auc": 0.9748739044798586,
                "f1": 0.7137596250418479,
                "recall": 0.6714960629921259,
                "precision": 0.7617006073597713,
                "accuracy": 0.9726299278134354
            },
            "severe_toxicity": {
                "auc": 0.98869906260279,
                "f1": 0.8804461617526695,
                "recall": 0.7914314067686411,
                "precision": 0.9920219610534443,
                "accuracy": 0.8994670038574195
            },
            "obscene": {
                "auc": 0.9892222416252322,
                "f1": 0.7377884327240035,
                "recall": 0.6737821565407772,
                "precision": 0.8152317880794702,
                "accuracy": 0.9859948461033661
            },
            "threat": {
                "auc": 0.9907132908907154,
                "f1": 0.8788561091545908,
                "recall": 0.7862406170373941,
                "precision": 0.9962043540857729,
                "accuracy": 0.8992429213950733
            },
            "insult": {
                "auc": 0.9837341382655105,
                "f1": 0.872671201814059,
                "recall": 0.7854553766776606,
                "precision": 0.9816749653089544,
                "accuracy": 0.8876546569137442
            },
            "identity_attack": {
                "auc": 0.9503716702602236,
                "f1": 0.01282051282051282,
                "recall": 0.006644518272425249,
                "precision": 0.18181818181818182,
                "accuracy": 0.9950701858283848
            }
        }
    }
}