{"CLEAN": {"mean_auc": 0.9275681023549945, "mean_f1": 0.3185988414015761, "mean_accuracy": 0.9690305072615036, "mean_recall": 0.2837293384412364, "mean_precision": 0.4037517996463045, "scores": {"toxicity": {"auc": 0.9648305392914891, "f1": 0.6951456310679612, "recall": 0.5637795275590551, "precision": 0.9063291139240506, "accuracy": 0.9531804491098321}, "severe_toxicity": {"auc": 0.9011383652232098, "f1": 0.04558969276511397, "recall": 0.08243727598566308, "precision": 0.031506849315068496, "accuracy": 0.9712820206960308}, "obscene": {"auc": 0.9800347030709172, "f1": 0.7077024358130348, "recall": 0.5883962780514504, "precision": 0.8876961189099918, "accuracy": 0.9735186234455611}, "threat": {"auc": 0.840530972371003, "f1": 0.014962593516209474, "recall": 0.061224489795918366, "precision": 0.008522727272727272, "accuracy": 0.9764411177049473}, "insult": {"auc": 0.9280993935515721, "f1": 0.4417618270799347, "recall": 0.4032162001191185, "precision": 0.4884559884559885, "accuracy": 0.9489756359407151}, "identity_attack": {"auc": 0.9507746406217759, "f1": 0.006430868167202573, "recall": 0.0033222591362126247, "precision": 0.1, "accuracy": 0.9907851966719351}}}, "DIRTY": {"mean_auc": NaN, "mean_f1": 0.4950364141231369, "mean_accuracy": 0.9899461028192372, "mean_recall": 0.490170674405749, "mean_precision": 0.5, "scores": {"toxicity": {"auc": NaN, "f1": 0.0, "recall": 0.0, "precision": 0.0, "accuracy": 0.9988253178551686}, "severe_toxicity": {"auc": NaN, "f1": 0.9904253649348611, "recall": 0.9810323383084577, "precision": 1.0, "accuracy": 0.9810323383084577}, "obscene": {"auc": NaN, "f1": 0.0, "recall": 0.0, "precision": 0.0, "accuracy": 0.9998272526257601}, "threat": {"auc": NaN, "f1": 0.9904605779459723, "recall": 0.9811014372581537, "precision": 1.0, "accuracy": 0.9811014372581537}, "insult": {"auc": NaN, "f1": 0.9893325418579884, "recall": 0.9788902708678828, "precision": 1.0, "accuracy": 0.9788902708678828}, "identity_attack": {"auc": NaN, "f1": 0.0, "recall": 0.0, "precision": 0.0, "accuracy": 1.0}}}, "BOTH": {"mean_auc": 0.9879333184379053, "mean_f1": 0.7193612854429445, "mean_accuracy": 0.9787201690222002, "mean_recall": 0.6755459708168967, "mean_precision": 0.8004866158455418, "scores": {"toxicity": {"auc": 0.9783534142731838, "f1": 0.6905864197530865, "recall": 0.5637795275590551, "precision": 0.8909905425584869, "accuracy": 0.974326552171199}, "severe_toxicity": {"auc": 0.9971861204391841, "f1": 0.9740865153904161, "recall": 0.9724532046675564, "precision": 0.975725321888412, "accuracy": 0.9757990940666165}, "obscene": {"auc": 0.9882679564704752, "f1": 0.7065395990798554, "recall": 0.5883962780514504, "precision": 0.884046052631579, "accuracy": 0.9857067400803495}, "threat": {"auc": 0.997545411740387, "f1": 0.9770049705037579, "recall": 0.9779973831003375, "precision": 0.97601456994605, "accuracy": 0.9786001248459433}, "insult": {"auc": 0.9940333110368911, "f1": 0.9615193397633489, "recall": 0.9473271723867681, "precision": 0.976143208048723, "accuracy": 0.9628343230308753}, "identity_attack": {"auc": 0.9722136966673107, "f1": 0.006430868167202573, "recall": 0.0033222591362126247, "precision": 0.1, "accuracy": 0.9950541799382172}}}}