{"jigsaw": {"precision": 0.9038, "recall": 0.6476, "f_beta": 0.6865, "specificity": 1.0, "fpr": 0.0077, "tpr": 0.6476, "confusion_matrix": {"tp": 1446, "fp": 154, "tn": 19968, "fn": 787}, "auc": 0.9837120950651294, "class_auc": {"toxicity": 0.9832726073950788, "severe_toxicity": 0.989386658439404, "obscene": 0.990068872730608, "threat": 0.9776606820775956, "insult": 0.9854326806326613, "identity_attack": 0.976451069115429}}, "secondary_neutral": {"precision": 0.7689, "recall": 0.5761, "f_beta": 0.6065, "specificity": 0.9884, "fpr": 0.0154, "tpr": 0.5761, "confusion_matrix": {"tp": 3251, "fp": 977, "tn": 62570, "fn": 2392}, "auc": 0.9779442432423494, "class_auc": {"toxicity": 0.9810616626823899, "severe_toxicity": 0.9689300977218132, "obscene": 0.9959001906355143, "threat": 0.9518828666265677, "insult": 0.9865209081243316, "identity_attack": 0.9833697336634802}}, "secondary_positive": {"topic_4": {"precision": 1.0, "recall": 0.6286, "f_beta": 0.679, "specificity": 0, "fpr": 0, "tpr": 0.6286, "confusion_matrix": {"tp": 66, "fp": 0, "tn": 0, "fn": 39}}, "topic_6": {"precision": 1.0, "recall": 0.7778, "f_beta": 0.814, "specificity": 0, "fpr": 0, "tpr": 0.7778, "confusion_matrix": {"tp": 196, "fp": 0, "tn": 0, "fn": 56}}, "topic_7": {"precision": 1.0, "recall": 0.3902, "f_beta": 0.4444, "specificity": 0, "fpr": 0, "tpr": 0.3902, "confusion_matrix": {"tp": 16, "fp": 0, "tn": 0, "fn": 25}}, "topic_10": {"precision": 1.0, "recall": 0.48, "f_beta": 0.5357, "specificity": 0, "fpr": 0, "tpr": 0.48, "confusion_matrix": {"tp": 12, "fp": 0, "tn": 0, "fn": 13}}, "mean": {"precision": 1.0, "recall": 0.56915, "f_beta": 0.6182749999999999, "specificity": 0.0}}}