{"num_epochs": 1, "loss": [[0, 0.805752158164978], [10, 0.3564178943634033], [20, 0.6364628076553345], [30, 0.20630189776420593], [40, 0.07485036551952362], [50, 0.35297995805740356], [60, 0.23010361194610596], [70, 0.13595357537269592], [80, 0.03980947658419609], [90, 0.304623007774353], [100, 0.10232701152563095], [110, 0.4295787513256073], [120, 0.059641510248184204], [130, 0.04202617332339287], [140, 0.19144129753112793], [150, 0.15191756188869476], [160, 0.025052767246961594], [170, 0.0996944010257721], [180, 0.18665945529937744], [190, 0.13596275448799133], [200, 0.06403225660324097], [210, 0.06914019584655762], [220, 0.07708942145109177], [230, 0.1685497760772705], [240, 0.2844470739364624], [250, 0.04133932292461395], [260, 0.014353613369166851], [270, 0.1559901088476181], [280, 0.12486760318279266], [290, 0.055812619626522064], [300, 0.03900644928216934], [310, 0.02927367389202118], [320, 0.1824597418308258], [330, 0.03416072204709053], [340, 0.11443111300468445], [350, 0.21204665303230286], [360, 0.1670016497373581], [370, 0.04134245961904526], [380, 0.014902870170772076], [390, 0.052956726402044296], [400, 0.13569502532482147], [410, 0.014446841552853584], [420, 0.33963191509246826], [430, 0.04369359463453293], [440, 0.336656779050827], [450, 0.07532568275928497], [460, 0.10882948338985443], [470, 0.1328044980764389], [480, 0.011759631335735321], [490, 0.021975748240947723], [500, 0.006307921372354031], [510, 0.029344499111175537], [520, 0.05166221782565117], [530, 0.038125570863485336], [540, 0.006679944694042206], [550, 0.006481739692389965], [560, 0.03496779501438141], [570, 0.03511876240372658], [580, 0.15748117864131927], [590, 0.01810150407254696], [600, 0.0752161368727684], [610, 0.11133476346731186], [620, 0.014604603871703148], [630, 0.05727871507406235], [640, 0.2228868454694748], [650, 0.15551581978797913], [660, 0.010331319645047188], [670, 0.02772206813097], [680, 0.011260932311415672], [690, 0.07121351361274719], [700, 0.08247676491737366], [710, 0.027544353157281876], [720, 0.0589265301823616], [730, 0.197372168302536], [740, 0.0767999142408371], [750, 0.03219059482216835], [760, 0.005007745232433081], [770, 0.01071670651435852], [780, 0.00568051403388381], [790, 0.06379450857639313], [800, 0.007098189555108547], [810, 0.21319422125816345], [820, 0.02983834221959114], [830, 0.02747984789311886], [840, 0.20676741003990173], [850, 0.13638661801815033], [860, 0.030416026711463928], [870, 0.1508123129606247], [880, 0.17678271234035492], [890, 0.011186300776898861], [900, 0.17811152338981628], [910, 0.07732708007097244], [920, 0.0041532679460942745], [930, 0.03951184079051018], [940, 0.029260601848363876], [950, 0.03350523114204407], [960, 0.06125441938638687], [970, 0.0674198716878891], [980, 0.004284008871763945], [990, 0.07128036022186279], [1000, 0.027562949806451797], [1010, 0.12248282879590988], [1020, 0.016257427632808685], [1030, 0.09996660053730011], [1040, 0.07161732763051987], [1050, 0.03841235861182213], [1060, 0.015190625563263893], [1070, 0.010172948241233826], [1080, 0.031164631247520447], [1090, 0.02361808717250824], [1100, 0.08208008855581284], [1110, 0.09266743063926697], [1120, 0.008346988819539547], [1130, 0.06073395162820816], [1140, 0.05198591947555542], [1150, 0.03836800530552864], [1160, 0.10790687054395676], [1170, 0.010553376749157906], [1180, 0.11440913379192352], [1190, 0.015358413569629192], [1200, 0.011730225756764412], [1210, 0.07501678168773651], [1220, 0.14287984371185303], [1230, 0.05884234234690666], [1240, 0.22928576171398163], [1250, 0.03526262566447258], [1260, 0.0711805447936058], [1270, 0.003891304135322571], [1280, 0.0041163768619298935], [1290, 0.09604077786207199], [1300, 0.006292741280049086], [1310, 0.08459445089101791], [1320, 0.1062510535120964], [1330, 0.03785973787307739], [1340, 0.15007638931274414], [1350, 0.048011526465415955], [1360, 0.03955112025141716], [1370, 0.10864351689815521], [1380, 0.004812145140022039], [1390, 0.04774182289838791], [1400, 0.019535979256033897], [1410, 0.21942293643951416], [1420, 0.08366623520851135], [1430, 0.018945686519145966], [1440, 0.23680177330970764], [1450, 0.0028604683466255665], [1460, 0.026759155094623566], [1470, 0.056287266314029694], [1480, 0.025778234004974365], [1490, 0.024529509246349335], [1500, 0.21516740322113037], [1510, 0.06120278686285019], [1520, 0.0339198112487793], [1530, 0.025277990847826004], [1540, 0.005111140664666891], [1550, 0.06560219824314117], [1560, 0.035350315272808075], [1570, 0.027651740238070488], [1580, 0.3357030153274536], [1590, 0.005177086219191551], [1600, 0.1555291712284088], [1610, 0.08044229447841644], [1620, 0.03160776570439339], [1630, 0.012907076627016068], [1640, 0.011486873030662537], [1650, 0.002344114240258932], [1660, 0.05326052010059357], [1670, 0.04544471949338913], [1680, 0.0023210279177874327], [1690, 0.006322174333035946], [1700, 0.005380362272262573], [1710, 0.05900358781218529], [1720, 0.03787979483604431], [1730, 0.07452619820833206], [1740, 0.2729286551475525], [1750, 0.01997973769903183], [1760, 0.06642504781484604], [1770, 0.05012954771518707], [1780, 0.12974020838737488], [1790, 0.13665835559368134], [1800, 0.005667821504175663], [1810, 0.004948325455188751], [1820, 0.002474219771102071], [1830, 0.031800590455532074], [1840, 0.053173959255218506], [1850, 0.015162940137088299], [1860, 0.03905116021633148], [1870, 0.021828070282936096], [1880, 0.09202182292938232], [1890, 0.016478149220347404], [1900, 0.12503883242607117], [1910, 0.0031250203028321266], [1920, 0.016114402562379837], [1930, 0.062289200723171234], [1940, 0.0071931928396224976], [1950, 0.11248203366994858], [1960, 0.03252452239394188], [1970, 0.0034760679118335247], [1980, 0.040177538990974426], [1990, 0.04836978018283844], [2000, 0.01790769398212433], [2010, 0.06122181564569473], [2020, 0.008729218505322933], [2030, 0.0035787015222012997], [2040, 0.10984238237142563], [2050, 0.15072086453437805], [2060, 0.10910086333751678], [2070, 0.03295058012008667], [2080, 0.05318671092391014], [2090, 0.15333017706871033], [2100, 0.054866667836904526], [2110, 0.015912789851427078], [2120, 0.07076768577098846], [2130, 0.15736240148544312], [2140, 0.002350703813135624], [2150, 0.08437149971723557], [2160, 0.027636483311653137], [2170, 0.10460467636585236], [2180, 0.04183585196733475], [2190, 0.04726288840174675], [2200, 0.007220923900604248], [2210, 0.13376082479953766], [2220, 0.026911769062280655], [2230, 0.005468208342790604], [2240, 0.05999261140823364], [2250, 0.004694703966379166], [2260, 0.06024719029664993], [2270, 0.048420920968055725], [2280, 0.17525359988212585], [2290, 0.04103761166334152], [2300, 0.057722240686416626], [2310, 0.0286518856883049], [2320, 0.0024660350754857063], [2330, 0.015899894759058952], [2340, 0.0025699222460389137], [2350, 0.009518198668956757], [2360, 0.08960513770580292], [2370, 0.00524018332362175], [2380, 0.030582547187805176], [2390, 0.005983616691082716], [2400, 0.09015928208827972], [2410, 0.12795159220695496], [2420, 0.027485601603984833], [2430, 0.028233885765075684], [2440, 0.048739202320575714], [2450, 0.0038104436825960875]],