{"jigsaw": {"precision": 0.9086, "recall": 0.6852, "f1": 0.7812, "auc": 0.9894282673881797, "class_auc": {"toxicity": 0.9872514475484703, "severe_toxicity": 0.990829670170599, "obscene": 0.9920937767939522, "threat": 0.9865201007808065, "insult": 0.9887700042974283, "identity_attack": 0.9911046047378227}}, "secondary_neutral": {"precision": 0.97, "recall": 0.4703, "f1": 0.6335, "auc": 0.9858391203402771, "class_auc": {"toxicity": 0.973299840040613, "severe_toxicity": 0.9982927309855303, "obscene": 0.9969272965515611, "threat": 0.96781082225044, "insult": 0.9940383310424469, "identity_attack": 0.9846657011710716}}, "secondary_positive": {"precision": 0, "recall": 0.0, "f1": 0}}