{"jigsaw": {"precision": 0.8976, "recall": 0.6592, "f1": 0.7601, "auc": 0.98491555214947, "class_auc": {"toxicity": 0.9802412000872013, "severe_toxicity": 0.9910848276574297, "obscene": 0.9897478716620463, "threat": 0.9763773124263294, "insult": 0.9847911029270023, "identity_attack": 0.9872509981368112}}, "secondary_neutral": {"precision": 0.9521, "recall": 0.3769, "f1": 0.5401, "auc": 0.9821267103447145, "class_auc": {"toxicity": 0.9632942127747627, "severe_toxicity": 0.9977259040960343, "obscene": 0.9952707693735684, "threat": 0.9696844438503864, "insult": 0.9907572642794416, "identity_attack": 0.9760276676940943}}, "secondary_positive": {"precision": 0, "recall": 0.0, "f1": 0}}