{"jigsaw": {"precision": 0.9144, "recall": 0.6216, "f1": 0.7401, "auc": 0.9775270783972162, "class_auc": {"toxicity": 0.9778289846633695, "severe_toxicity": 0.9863826705504185, "obscene": 0.988126233445314, "threat": 0.9495110778439623, "insult": 0.9821546004998766, "identity_attack": 0.9811589033803567}}, "secondary_neutral": {"precision": 0.9758, "recall": 0.4288, "f1": 0.5958, "auc": 0.9780153035057704, "class_auc": {"toxicity": 0.969876579904746, "severe_toxicity": 0.9975770964064818, "obscene": 0.9961271157123239, "threat": 0.9381409699480943, "insult": 0.9923680021237903, "identity_attack": 0.9740020569391865}}, "secondary_positive": {"precision": 0, "recall": 0.0, "f1": 0}}