{"jigsaw": {"precision": 0.9926, "recall": 0.2418, "f1": 0.3889, "auc": 0.983874891693096, "class_auc": {"toxicity": 0.9837597566273425, "severe_toxicity": 0.9901372233075237, "obscene": 0.9906143888867749, "threat": 0.9701953939767028, "insult": 0.9856794873691055, "identity_attack": 0.9828630999911276}}, "secondary_neutral": {"precision": 0.9601, "recall": 0.1451, "f1": 0.2522, "auc": 0.9821117716351848, "class_auc": {"toxicity": 0.9826912972298405, "severe_toxicity": 0.9869560145549283, "obscene": 0.9963808824957158, "threat": 0.9520701062621133, "insult": 0.9900662094191158, "identity_attack": 0.9845061198493952}}, "secondary_positive": {"topic_4": {"precision": 0, "recall": 0.0, "f1": 0, "fpr": 0, "tpr": 0.0, "confusion_matrix": {"tp": 0, "fp": 0, "tn": 0, "fn": 105}}, "topic_6": {"precision": 1.0, "recall": 0.2659, "f1": 0.4201, "fpr": 0, "tpr": 0.2659, "confusion_matrix": {"tp": 67, "fp": 0, "tn": 0, "fn": 185}}, "topic_7": {"precision": 1.0, "recall": 0.0244, "f1": 0.0476, "fpr": 0, "tpr": 0.0244, "confusion_matrix": {"tp": 1, "fp": 0, "tn": 0, "fn": 40}}, "topic_10": {"precision": 0, "recall": 0.0, "f1": 0, "fpr": 0, "tpr": 0.0, "confusion_matrix": {"tp": 0, "fp": 0, "tn": 0, "fn": 25}}, "mean": {"precision": 0.5, "recall": 0.072575, "f1": 0.116925}}}