{"jigsaw": {"precision": 0.9102, "recall": 0.6444, "f_beta": 0.6844, "specificity": 1.0, "fpr": 0.0071, "tpr": 0.6444, "confusion_matrix": {"tp": 1439, "fp": 142, "tn": 19980, "fn": 794}, "auc": 0.983874891693096, "class_auc": {"toxicity": 0.9837597566273425, "severe_toxicity": 0.9901372233075237, "obscene": 0.9906143888867749, "threat": 0.9701953939767028, "insult": 0.9856794873691055, "identity_attack": 0.9828630999911276}}, "secondary_neutral": {"precision": 0.8285, "recall": 0.625, "f_beta": 0.6573, "specificity": 0.9943, "fpr": 0.0115, "tpr": 0.625, "confusion_matrix": {"tp": 3527, "fp": 730, "tn": 62817, "fn": 2116}, "auc": 0.9821117716351848, "class_auc": {"toxicity": 0.9826912972298405, "severe_toxicity": 0.9869560145549283, "obscene": 0.9963808824957158, "threat": 0.9520701062621133, "insult": 0.9900662094191158, "identity_attack": 0.9845061198493952}}, "secondary_positive": {"topic_4": {"precision": 1.0, "recall": 0.619, "f_beta": 0.6701, "specificity": 0, "fpr": 0, "tpr": 0.619, "confusion_matrix": {"tp": 65, "fp": 0, "tn": 0, "fn": 40}}, "topic_6": {"precision": 1.0, "recall": 0.6667, "f_beta": 0.7143, "specificity": 0, "fpr": 0, "tpr": 0.6667, "confusion_matrix": {"tp": 168, "fp": 0, "tn": 0, "fn": 84}}, "topic_7": {"precision": 1.0, "recall": 0.3659, "f_beta": 0.419, "specificity": 0, "fpr": 0, "tpr": 0.3659, "confusion_matrix": {"tp": 15, "fp": 0, "tn": 0, "fn": 26}}, "topic_10": {"precision": 1.0, "recall": 0.68, "f_beta": 0.7265, "specificity": 0, "fpr": 0, "tpr": 0.68, "confusion_matrix": {"tp": 17, "fp": 0, "tn": 0, "fn": 8}}, "mean": {"precision": 1.0, "recall": 0.5829, "f_beta": 0.632475, "specificity": 0.0}}}