{"jigsaw": {"precision": 0.8991, "recall": 0.6588, "f_beta": 0.696, "specificity": 1.0, "fpr": 0.0082, "tpr": 0.6588, "confusion_matrix": {"tp": 1471, "fp": 165, "tn": 19957, "fn": 762}, "auc": 0.9845816649579459, "class_auc": {"toxicity": 0.9833442024040812, "severe_toxicity": 0.9901266367564189, "obscene": 0.9908140790750941, "threat": 0.9730559412757096, "insult": 0.9844708408210576, "identity_attack": 0.9856782894153137}}, "secondary_neutral": {"precision": 0.7824, "recall": 0.5614, "f_beta": 0.595, "specificity": 0.9909, "fpr": 0.0139, "tpr": 0.5614, "confusion_matrix": {"tp": 3168, "fp": 881, "tn": 62666, "fn": 2475}, "auc": 0.9754818146671683, "class_auc": {"toxicity": 0.9836279968331313, "severe_toxicity": 0.9698109749333179, "obscene": 0.9965713428038732, "threat": 0.9362056405800976, "insult": 0.9863020932571496, "identity_attack": 0.9803728395954405}}, "secondary_positive": {"topic_4": {"precision": 1.0, "recall": 0.6952, "f_beta": 0.7404, "specificity": 0, "fpr": 0, "tpr": 0.6952, "confusion_matrix": {"tp": 73, "fp": 0, "tn": 0, "fn": 32}}, "topic_6": {"precision": 1.0, "recall": 0.7103, "f_beta": 0.754, "specificity": 0, "fpr": 0, "tpr": 0.7103, "confusion_matrix": {"tp": 179, "fp": 0, "tn": 0, "fn": 73}}, "topic_7": {"precision": 1.0, "recall": 0.0244, "f_beta": 0.0303, "specificity": 0, "fpr": 0, "tpr": 0.0244, "confusion_matrix": {"tp": 1, "fp": 0, "tn": 0, "fn": 40}}, "topic_10": {"precision": 1.0, "recall": 0.32, "f_beta": 0.3704, "specificity": 0, "fpr": 0, "tpr": 0.32, "confusion_matrix": {"tp": 8, "fp": 0, "tn": 0, "fn": 17}}, "mean": {"precision": 1.0, "recall": 0.437475, "f_beta": 0.473775, "specificity": 0.0}}}