{"jigsaw": {"precision": 0.9053, "recall": 0.6207, "f_beta": 0.6623, "specificity": 1.0, "fpr": 0.0072, "tpr": 0.6207, "confusion_matrix": {"tp": 1386, "fp": 145, "tn": 19977, "fn": 847}, "auc": 0.983662107868101, "class_auc": {"toxicity": 0.9804788395470495, "severe_toxicity": 0.9897221872938052, "obscene": 0.9895528516937931, "threat": 0.974512739258228, "insult": 0.9844232683475028, "identity_attack": 0.9832827610682282}}, "secondary_neutral": {"precision": 0.7221, "recall": 0.5369, "f_beta": 0.566, "specificity": 0.9861, "fpr": 0.0183, "tpr": 0.5369, "confusion_matrix": {"tp": 3030, "fp": 1166, "tn": 62381, "fn": 2613}, "auc": 0.9693850343087602, "class_auc": {"toxicity": 0.9764765338973459, "severe_toxicity": 0.9635353277136548, "obscene": 0.9937217317989022, "threat": 0.9247587382209451, "insult": 0.9801843016143703, "identity_attack": 0.9776335726073437}}, "secondary_positive": {"topic_4": {"precision": 1.0, "recall": 0.6952, "f_beta": 0.7404, "specificity": 0, "fpr": 0, "tpr": 0.6952, "confusion_matrix": {"tp": 73, "fp": 0, "tn": 0, "fn": 32}}, "topic_6": {"precision": 1.0, "recall": 0.7857, "f_beta": 0.8209, "specificity": 0, "fpr": 0, "tpr": 0.7857, "confusion_matrix": {"tp": 198, "fp": 0, "tn": 0, "fn": 54}}, "topic_7": {"precision": 1.0, "recall": 0.2683, "f_beta": 0.3143, "specificity": 0, "fpr": 0, "tpr": 0.2683, "confusion_matrix": {"tp": 11, "fp": 0, "tn": 0, "fn": 30}}, "topic_10": {"precision": 1.0, "recall": 0.56, "f_beta": 0.614, "specificity": 0, "fpr": 0, "tpr": 0.56, "confusion_matrix": {"tp": 14, "fp": 0, "tn": 0, "fn": 11}}, "mean": {"precision": 1.0, "recall": 0.5773, "f_beta": 0.6224, "specificity": 0.0}}}