{"num_epochs": 1, "loss": [[0, 0.8280160427093506], [10, 0.1599428355693817], [20, 0.28180843591690063], [30, 0.4716753661632538], [40, 0.1913003921508789], [50, 0.04347297176718712], [60, 0.09196489304304123], [70, 0.03411872684955597], [80, 0.03473277390003204], [90, 0.03574228286743164], [100, 0.09615009278059006], [110, 0.06371519714593887], [120, 0.0889991745352745], [130, 0.09808039665222168], [140, 0.16602319478988647], [150, 0.026781316846609116], [160, 0.013626660220324993], [170, 0.014858062379062176], [180, 0.03073575347661972], [190, 0.13463634252548218], [200, 0.16597795486450195], [210, 0.07290086895227432], [220, 0.039999544620513916], [230, 0.011447723023593426], [240, 0.03321441262960434], [250, 0.010127909481525421], [260, 0.009113838896155357], [270, 0.05661226436495781], [280, 0.006844605319201946], [290, 0.10979919135570526], [300, 0.07637942582368851], [310, 0.009933950379490852], [320, 0.03354843705892563], [330, 0.0862615630030632], [340, 0.06758202612400055], [350, 0.0264277420938015], [360, 0.013070523738861084], [370, 0.006853860802948475], [380, 0.02921547368168831], [390, 0.0058017922565341], [400, 0.03205301985144615], [410, 0.025271940976381302], [420, 0.0075811720453202724], [430, 0.13209161162376404], [440, 0.07580266147851944], [450, 0.19641631841659546], [460, 0.029062576591968536], [470, 0.2061566561460495], [480, 0.032028358429670334], [490, 0.042857855558395386], [500, 0.07214953750371933], [510, 0.060446809977293015], [520, 0.17059992253780365], [530, 0.040035322308540344], [540, 0.05251612886786461], [550, 0.012647850438952446], [560, 0.09536214172840118], [570, 0.05789891630411148], [580, 0.08702993392944336], [590, 0.09408000111579895], [600, 0.004053489305078983], [610, 0.01779722236096859], [620, 0.04573062062263489], [630, 0.015994098037481308], [640, 0.04661179706454277], [650, 0.05088797211647034], [660, 0.22693657875061035], [670, 0.0732366070151329], [680, 0.03262007236480713], [690, 0.00865742564201355], [700, 0.03021845780313015], [710, 0.0028671305626630783], [720, 0.079557403922081], [730, 0.016344834119081497], [740, 0.016210004687309265], [750, 0.009008030407130718], [760, 0.039894215762615204], [770, 0.033622857183218], [780, 0.07898258417844772], [790, 0.01217697374522686], [800, 0.002815080573782325], [810, 0.06575746834278107], [820, 0.04184769093990326], [830, 0.10741817951202393], [840, 0.005257028620690107], [850, 0.0031419347506016493], [860, 0.045320119708776474], [870, 0.013370640575885773], [880, 0.022490717470645905], [890, 0.011000830680131912], [900, 0.14103588461875916], [910, 0.009683359414339066], [920, 0.025197111070156097], [930, 0.00880961213260889], [940, 0.07493560016155243], [950, 0.005060663912445307], [960, 0.060502491891384125], [970, 0.002720970194786787], [980, 0.13887642323970795], [990, 0.10565673559904099], [1000, 0.0029100864194333553], [1010, 0.0920790359377861], [1020, 0.13736514747142792], [1030, 0.004106886684894562], [1040, 0.0025831302627921104], [1050, 0.04523985832929611], [1060, 0.043049704283475876], [1070, 0.08093687146902084], [1080, 0.004956369288265705], [1090, 0.14850647747516632], [1100, 0.07504108548164368], [1110, 0.1356528103351593], [1120, 0.11987514793872833], [1130, 0.002008720301091671], [1140, 0.01697644591331482], [1150, 0.004480188712477684], [1160, 0.0657559484243393], [1170, 0.1858568638563156], [1180, 0.07905801385641098], [1190, 0.2113647162914276], [1200, 0.21953897178173065], [1210, 0.017235886305570602], [1220, 0.03890788555145264], [1230, 0.001541550038382411], [1240, 0.039420317858457565], [1250, 0.07222452014684677], [1260, 0.05025416612625122], [1270, 0.002521062735468149], [1280, 0.04137422889471054], [1290, 0.11177393049001694], [1300, 0.07434629648923874], [1310, 0.013271354138851166], [1320, 0.01235582958906889], [1330, 0.017279652878642082], [1340, 0.008525841869413853], [1350, 0.09046585857868195], [1360, 0.061691489070653915], [1370, 0.00328074861317873], [1380, 0.07225905358791351], [1390, 0.011423512361943722], [1400, 0.07713691890239716], [1410, 0.03916754946112633], [1420, 0.042968519032001495], [1430, 0.0018873540684580803], [1440, 0.007188430987298489], [1450, 0.01773144118487835], [1460, 0.020236104726791382], [1470, 0.06011812016367912], [1480, 0.012775599025189877], [1490, 0.012310437858104706], [1500, 0.07801025360822678], [1510, 0.18604633212089539], [1520, 0.07992488145828247], [1530, 0.007297794800251722], [1540, 0.12630876898765564], [1550, 0.01685505360364914], [1560, 0.14904771745204926], [1570, 0.015773387625813484], [1580, 0.03635556250810623], [1590, 0.05491602420806885], [1600, 0.07191254943609238], [1610, 0.04099158197641373], [1620, 0.23078152537345886], [1630, 0.04066501557826996], [1640, 0.13689273595809937], [1650, 0.0012438219273462892], [1660, 0.13434070348739624], [1670, 0.07268501818180084], [1680, 0.10497253388166428], [1690, 0.08363008499145508], [1700, 0.031838394701480865], [1710, 0.0014521962730214], [1720, 0.04462309926748276], [1730, 0.001451332587748766], [1740, 0.0018154130084440112], [1750, 0.05661565810441971], [1760, 0.1454063206911087], [1770, 0.019303085282444954], [1780, 0.06810306012630463], [1790, 0.08917509764432907], [1800, 0.1610541045665741], [1810, 0.08318109810352325], [1820, 0.02086303010582924], [1830, 0.028288431465625763], [1840, 0.005850665271282196], [1850, 0.017255503684282303], [1860, 0.028114696964621544], [1870, 0.06188414990901947], [1880, 0.040282271802425385], [1890, 0.0704541802406311], [1900, 0.009147392585873604], [1910, 0.021134279668331146], [1920, 0.03045627474784851], [1930, 0.023480413481593132], [1940, 0.07303637266159058], [1950, 0.008876411244273186], [1960, 0.04680602252483368], [1970, 0.1341305375099182], [1980, 0.0062628453597426414], [1990, 0.004065971355885267], [2000, 0.1083444356918335], [2010, 0.03741578385233879], [2020, 0.0010573600884526968], [2030, 0.007160739507526159], [2040, 0.03149528428912163], [2050, 0.029612546786665916], [2060, 0.004786851815879345], [2070, 0.03666793555021286], [2080, 0.006079073995351791], [2090, 0.036955416202545166], [2100, 0.12292905151844025], [2110, 0.001031424617394805], [2120, 0.0014544114237651229], [2130, 0.07941892743110657], [2140, 0.04583624005317688], [2150, 0.07085070759057999], [2160, 0.010623453184962273], [2170, 0.0076012564823031425], [2180, 0.001171871554106474], [2190, 0.0022008910309523344], [2200, 0.09527790546417236], [2210, 0.03341827541589737], [2220, 0.07772717624902725], [2230, 0.023580994457006454], [2240, 0.11273574829101562], [2250, 0.034526266157627106], [2260, 0.0033300905488431454], [2270, 0.12364806979894638], [2280, 0.001961933681741357], [2290, 0.03407017141580582]],