{"num_epochs": 1, "loss": [[0, 0.8053311109542847], [10, 0.5094881057739258], [20, 0.34238529205322266], [30, 0.3589540719985962], [40, 0.17777538299560547], [50, 0.23742341995239258], [60, 0.2538645267486572], [70, 0.14236560463905334], [80, 0.2941165566444397], [90, 0.3065972924232483], [100, 0.4912761151790619], [110, 0.09139180183410645], [120, 0.2466009110212326], [130, 0.16041485965251923], [140, 0.2214885950088501], [150, 0.029487039893865585], [160, 0.2735334634780884], [170, 0.562237024307251], [180, 0.09829684346914291], [190, 0.13661324977874756], [200, 0.09732148051261902], [210, 0.07936789095401764], [220, 0.18496708571910858], [230, 0.09050484746694565], [240, 0.22102878987789154], [250, 0.06216157600283623], [260, 0.11057614535093307], [270, 0.03004743531346321], [280, 0.18941573798656464], [290, 0.10858845710754395], [300, 0.01552269421517849], [310, 0.1417061984539032], [320, 0.2832343280315399], [330, 0.18550914525985718], [340, 0.05125580355525017], [350, 0.07624739408493042], [360, 0.14188872277736664], [370, 0.22369810938835144], [380, 0.14713922142982483], [390, 0.061606526374816895], [400, 0.34019607305526733], [410, 0.10399814695119858], [420, 0.1695716381072998], [430, 0.07886180281639099], [440, 0.22751134634017944], [450, 0.015057421289384365], [460, 0.21340762078762054], [470, 0.1742919534444809], [480, 0.3043077290058136], [490, 0.018204182386398315], [500, 0.01864440366625786], [510, 0.14451465010643005], [520, 0.12755537033081055], [530, 0.2654373049736023], [540, 0.08681732416152954], [550, 0.07524679601192474], [560, 0.04459930211305618], [570, 0.0634097009897232], [580, 0.15967164933681488], [590, 0.0758870542049408], [600, 0.08734928071498871], [610, 0.23320822417736053], [620, 0.029725780710577965], [630, 0.10580366849899292], [640, 0.008271978236734867], [650, 0.052068136632442474], [660, 0.03127004951238632], [670, 0.08239208906888962], [680, 0.08961133658885956], [690, 0.013559828512370586], [700, 0.03434334322810173], [710, 0.22464899718761444], [720, 0.03470844775438309], [730, 0.020350666716694832], [740, 0.11357948184013367], [750, 0.02293851040303707], [760, 0.050991129130125046], [770, 0.3458671271800995], [780, 0.12233929336071014], [790, 0.05701295658946037], [800, 0.03752240538597107], [810, 0.15463370084762573], [820, 0.10719503462314606], [830, 0.05874745175242424], [840, 0.0850982815027237], [850, 0.11463302373886108], [860, 0.00850553996860981], [870, 0.05230375751852989], [880, 0.053793780505657196], [890, 0.01077322568744421], [900, 0.0377761535346508], [910, 0.09944792836904526], [920, 0.043972983956336975], [930, 0.04331517964601517], [940, 0.039407290518283844], [950, 0.056296586990356445], [960, 0.18903982639312744], [970, 0.14032571017742157], [980, 0.11465959995985031], [990, 0.27565521001815796], [1000, 0.16663873195648193], [1010, 0.01276819221675396], [1020, 0.23752790689468384], [1030, 0.13983392715454102], [1040, 0.09877443313598633], [1050, 0.01821005903184414], [1060, 0.058286458253860474], [1070, 0.00715589476749301], [1080, 0.04405328258872032], [1090, 0.22086672484874725], [1100, 0.08920782804489136], [1110, 0.12072410434484482], [1120, 0.02403677999973297], [1130, 0.014441490173339844], [1140, 0.09322111308574677], [1150, 0.11798052489757538], [1160, 0.29726842045783997], [1170, 0.0392206609249115], [1180, 0.006791623309254646], [1190, 0.10553901642560959], [1200, 0.05882568657398224], [1210, 0.18054065108299255], [1220, 0.04174083098769188], [1230, 0.017382975667715073], [1240, 0.06130079925060272], [1250, 0.1419345587491989], [1260, 0.020888756960630417], [1270, 0.024548543617129326], [1280, 0.27992886304855347], [1290, 0.05156818777322769], [1300, 0.09711264073848724], [1310, 0.04541040584445], [1320, 0.007938122376799583], [1330, 0.023994795978069305], [1340, 0.03924475237727165], [1350, 0.041833095252513885], [1360, 0.13816756010055542], [1370, 0.0506768599152565], [1380, 0.005600006319582462], [1390, 0.007500780746340752], [1400, 0.024552103132009506], [1410, 0.021210400387644768], [1420, 0.013651258312165737], [1430, 0.026996511965990067], [1440, 0.022526554763317108], [1450, 0.018539734184741974], [1460, 0.049600519239902496], [1470, 0.028588976711034775], [1480, 0.2595093846321106], [1490, 0.2872949242591858], [1500, 0.12240175902843475], [1510, 0.029596930369734764], [1520, 0.0783693790435791], [1530, 0.018294304609298706], [1540, 0.09416122734546661], [1550, 0.031033186241984367], [1560, 0.005971250589936972], [1570, 0.2553746700286865], [1580, 0.010334998369216919], [1590, 0.04014331102371216], [1600, 0.021836429834365845], [1610, 0.030664801597595215], [1620, 0.11104362457990646], [1630, 0.05602158233523369], [1640, 0.10857313871383667], [1650, 0.03753327578306198], [1660, 0.256584107875824], [1670, 0.03121807426214218], [1680, 0.026927553117275238], [1690, 0.02665269933640957], [1700, 0.21306024491786957], [1710, 0.0465330146253109], [1720, 0.2116912305355072], [1730, 0.0048440671525895596], [1740, 0.021466802805662155], [1750, 0.042800650000572205], [1760, 0.13695365190505981], [1770, 0.011613605543971062], [1780, 0.038911450654268265], [1790, 0.006045225076377392], [1800, 0.012916577979922295], [1810, 0.2087879180908203], [1820, 0.053329646587371826], [1830, 0.029019497334957123], [1840, 0.005751251708716154], [1850, 0.020955495536327362], [1860, 0.004450438544154167], [1870, 0.09036898612976074], [1880, 0.03491447865962982], [1890, 0.06772392243146896], [1900, 0.005639453884214163], [1910, 0.02044476568698883], [1920, 0.020877014845609665], [1930, 0.009480945765972137], [1940, 0.00590213667601347], [1950, 0.02423623949289322], [1960, 0.03020811639726162], [1970, 0.021596556529402733], [1980, 0.11270066350698471], [1990, 0.04896944761276245], [2000, 0.011429836973547935], [2010, 0.023346377536654472], [2020, 0.036942072212696075], [2030, 0.010800032876431942], [2040, 0.018905948847532272], [2050, 0.057576410472393036], [2060, 0.015011670999228954], [2070, 0.02621934935450554], [2080, 0.0060966117307543755], [2090, 0.02263420633971691], [2100, 0.03902464359998703], [2110, 0.00588345667347312], [2120, 0.18869686126708984], [2130, 0.10656626522541046], [2140, 0.0025769833009690046], [2150, 0.011158322915434837], [2160, 0.10831912606954575], [2170, 0.04281514510512352], [2180, 0.0923931747674942], [2190, 0.04363065958023071], [2200, 0.008439801633358002], [2210, 0.022023875266313553], [2220, 0.13975152373313904], [2230, 0.10390129685401917], [2240, 0.006708142813295126], [2250, 0.00511325104162097], [2260, 0.023731030523777008], [2270, 0.011154613457620144], [2280, 0.0032810154370963573], [2290, 0.08033448457717896], [2300, 0.05139520391821861], [2310, 0.0474703274667263], [2320, 0.00700193177908659], [2330, 0.03095889464020729], [2340, 0.007651869207620621], [2350, 0.2746812105178833], [2360, 0.0041155507788062096], [2370, 0.0036210096441209316], [2380, 0.012739097699522972], [2390, 0.006932849995791912], [2400, 0.01789153181016445], [2410, 0.03292970359325409], [2420, 0.0041641960851848125], [2430, 0.15393005311489105], [2440, 0.007817793637514114], [2450, 0.06207917258143425], [2460, 0.19446423649787903], [2470, 0.07435211539268494], [2480, 0.006903990171849728], [2490, 0.22702795267105103], [2500, 0.07719699293375015], [2510, 0.17325876653194427], [2520, 0.06897898018360138], [2530, 0.15286819636821747], [2540, 0.26157066226005554], [2550, 0.03715667501091957], [2560, 0.04834095761179924], [2570, 0.03489828482270241], [2580, 0.014494916424155235], [2590, 0.034983448684215546], [2600, 0.08986932039260864], [2610, 0.019257668405771255], [2620, 0.02086649090051651], [2630, 0.01665828935801983], [2640, 0.02113477885723114], [2650, 0.02266184240579605], [2660, 0.0022579992655664682], [2670, 0.06962405145168304], [2680, 0.12208110094070435], [2690, 0.07973291724920273], [2700, 0.07387673854827881], [2710, 0.018888691440224648], [2720, 0.04277786612510681], [2730, 0.00934785045683384], [2740, 0.009378837421536446], [2750, 0.17447903752326965], [2760, 