{"jigsaw": {"precision": 0.908, "recall": 0.6229, "f1": 0.7389, "auc": 0.9847501625662588, "class_auc": {"toxicity": 0.9821768772654457, "severe_toxicity": 0.989828268856916, "obscene": 0.9900738683348591, "threat": 0.9772980857009944, "insult": 0.9851570577431089, "identity_attack": 0.9839668174962293}}, "secondary_neutral": {"precision": 0.9861, "recall": 0.3771, "f1": 0.5456, "auc": 0.9826239762539256, "class_auc": {"toxicity": 0.9708050267279988, "severe_toxicity": 0.99732074702532, "obscene": 0.9959759274523058, "threat": 0.9553093185412906, "insult": 0.9939500176632686, "identity_attack": 0.9823828201133695}}, "secondary_positive": {"precision": 0, "recall": 0.0, "f1": 0, "fpr": 0, "tpr": 0.0, "confusion_matrix": {"tp": 0, "fp": 0, "tn": 0, "fn": 5405}}}