{"jigsaw": {"precision": 0.907, "recall": 0.721, "f_beta": 0.7518, "specificity": 1.0, "fpr": 0.0082, "tpr": 0.721, "confusion_matrix": {"tp": 1610, "fp": 165, "tn": 19957, "fn": 623}, "auc": 0.988560402870785, "class_auc": {"toxicity": 0.9874151365934825, "severe_toxicity": 0.9917070575999122, "obscene": 0.9928261017527641, "threat": 0.9831905682969513, "insult": 0.9873955874062297, "identity_attack": 0.9888279655753704}}, "secondary_neutral": {"precision": 0.9203, "recall": 0.7494, "f_beta": 0.7783, "specificity": 0.9995, "fpr": 0.0058, "tpr": 0.7494, "confusion_matrix": {"tp": 4229, "fp": 366, "tn": 63181, "fn": 1414}, "auc": 0.9964620171469898, "class_auc": {"toxicity": 0.9921654231375845, "severe_toxicity": 0.9984436823632876, "obscene": 0.9989978410427964, "threat": 0.996400008910869, "insult": 0.9972123236144225, "identity_attack": 0.9955528238129787}}, "secondary_positive": {"precision": 1.0, "recall": 0.6095, "f_beta": 0.6612, "specificity": 0, "fpr": 0, "tpr": 0.6095, "confusion_matrix": {"tp": 64, "fp": 0, "tn": 0, "fn": 41}}}