{"jigsaw": {"precision": 0.8969, "recall": 0.6467, "f1": 0.7515, "auc": 0.9827909461920195, "class_auc": {"toxicity": 0.9820650071487733, "severe_toxicity": 0.9890610679799176, "obscene": 0.9905284683217059, "threat": 0.9642454905719112, "insult": 0.9859431500058623, "identity_attack": 0.9849024931239465}}, "secondary_neutral": {"precision": 0.7463, "recall": 0.6647, "f1": 0.7032, "auc": 0.97478282800452, "class_auc": {"toxicity": 0.982182702742852, "severe_toxicity": 0.9683563038456515, "obscene": 0.9966893049533704, "threat": 0.9328932477889906, "insult": 0.9786491643866805, "identity_attack": 0.9899262443095744}}, "secondary_positive": {"topic_4": {"precision": 0, "recall": 0, "f1": 0, "fpr": 0, "tpr": 0, "confusion_matrix": {"tp": 0, "fp": 0, "tn": 0, "fn": 0}}, "topic_6": {"precision": 1.0, "recall": 0.7896, "f1": 0.8824, "fpr": 0, "tpr": 0.7896, "confusion_matrix": {"tp": 334, "fp": 0, "tn": 0, "fn": 89}}, "topic_7": {"precision": 0, "recall": 0, "f1": 0, "fpr": 0, "tpr": 0, "confusion_matrix": {"tp": 0, "fp": 0, "tn": 0, "fn": 0}}, "topic_10": {"precision": 0, "recall": 0, "f1": 0, "fpr": 0, "tpr": 0, "confusion_matrix": {"tp": 0, "fp": 0, "tn": 0, "fn": 0}}, "mean": {"precision": 0.25, "recall": 0.1974, "f1": 0.2206}}}