{"jigsaw": {"precision": 0.8969, "recall": 0.6467, "f_beta": 0.6849, "specificity": 1.0, "fpr": 0.0082, "tpr": 0.6467, "confusion_matrix": {"tp": 1444, "fp": 166, "tn": 19956, "fn": 789}, "auc": 0.9827909461920195, "class_auc": {"toxicity": 0.9820650071487733, "severe_toxicity": 0.9890610679799176, "obscene": 0.9905284683217059, "threat": 0.9642454905719112, "insult": 0.9859431500058623, "identity_attack": 0.9849024931239465}}, "secondary_neutral": {"precision": 0.7463, "recall": 0.6647, "f_beta": 0.6796, "specificity": 0.9874, "fpr": 0.0201, "tpr": 0.6647, "confusion_matrix": {"tp": 3751, "fp": 1275, "tn": 62272, "fn": 1892}, "auc": 0.97478282800452, "class_auc": {"toxicity": 0.982182702742852, "severe_toxicity": 0.9683563038456515, "obscene": 0.9966893049533704, "threat": 0.9328932477889906, "insult": 0.9786491643866805, "identity_attack": 0.9899262443095744}}, "secondary_positive": {"topic_4": {"precision": 1.0, "recall": 0.8, "f_beta": 0.8333, "specificity": 0, "fpr": 0, "tpr": 0.8, "confusion_matrix": {"tp": 84, "fp": 0, "tn": 0, "fn": 21}}, "topic_6": {"precision": 1.0, "recall": 0.7937, "f_beta": 0.8278, "specificity": 0, "fpr": 0, "tpr": 0.7937, "confusion_matrix": {"tp": 200, "fp": 0, "tn": 0, "fn": 52}}, "topic_7": {"precision": 1.0, "recall": 0.7317, "f_beta": 0.7732, "specificity": 0, "fpr": 0, "tpr": 0.7317, "confusion_matrix": {"tp": 30, "fp": 0, "tn": 0, "fn": 11}}, "topic_10": {"precision": 1.0, "recall": 0.8, "f_beta": 0.8333, "specificity": 0, "fpr": 0, "tpr": 0.8, "confusion_matrix": {"tp": 20, "fp": 0, "tn": 0, "fn": 5}}, "mean": {"precision": 1.0, "recall": 0.78135, "f_beta": 0.8169, "specificity": 0.0}}}