{"jigsaw": {"precision": 0.8969, "recall": 0.6467, "f1": 0.7515, "fpr": 0.0082, "tpr": 0.6467, "confusion_matrix": {"tp": 1444, "fp": 166, "tn": 19956, "fn": 789}, "auc": 0.9827909461920195, "class_auc": {"toxicity": 0.9820650071487733, "severe_toxicity": 0.9890610679799176, "obscene": 0.9905284683217059, "threat": 0.9642454905719112, "insult": 0.9859431500058623, "identity_attack": 0.9849024931239465}}, "secondary_neutral": {"precision": 0.7463, "recall": 0.6647, "f1": 0.7032, "fpr": 0.0201, "tpr": 0.6647, "confusion_matrix": {"tp": 3751, "fp": 1275, "tn": 62272, "fn": 1892}, "auc": 0.97478282800452, "class_auc": {"toxicity": 0.982182702742852, "severe_toxicity": 0.9683563038456515, "obscene": 0.9966893049533704, "threat": 0.9328932477889906, "insult": 0.9786491643866805, "identity_attack": 0.9899262443095744}}, "secondary_positive": {"precision": 1.0, "recall": 0.7896, "f1": 0.8824, "fpr": 0, "tpr": 0.7896, "confusion_matrix": {"tp": 334, "fp": 0, "tn": 0, "fn": 89}}, "secondary": {"precision": 0.2763, "recall": 0.7896, "f1": 0.4093, "fpr": 0.0126, "tpr": 0.7896, "confusion_matrix": {"tp": 334, "fp": 875, "tn": 68315, "fn": 89}, "auc": 0.9827261758057594, "class_auc": {"toxicity": 0.9822156717406028, "severe_toxicity": 0.9787626723554028, "obscene": 0.9966895315181186, "threat": 0.969660027787248, "insult": 0.9790618823138847, "identity_attack": 0.9899672691192989}}}