{"jigsaw": {"precision": 0.8944, "recall": 0.6825, "f_beta": 0.7164, "fpr": 0.0089, "tpr": 0.6825, "confusion_matrix": {"tp": 1524, "fp": 180, "tn": 19942, "fn": 709}, "specificity": 1.0, "auc": 0.9814315700694122, "class_auc": {"toxicity": 0.9824129192470796, "severe_toxicity": 0.9884088068006276, "obscene": 0.9908879221448285, "threat": 0.966619564114851, "insult": 0.9848752378313828, "identity_attack": 0.9753849702777039}}, "secondary_neutral": {"precision": 0.9619, "recall": 0.5727, "f_beta": 0.6232, "fpr": 0.002, "tpr": 0.5727, "confusion_matrix": {"tp": 3232, "fp": 128, "tn": 63419, "fn": 2411}, "specificity": 1.0, "auc": 0.9923613868939009, "class_auc": {"toxicity": 0.9880430778877513, "severe_toxicity": 0.9988408006032339, "obscene": 0.9981456757585956, "threat": 0.9830137115997237, "insult": 0.9967089005904544, "identity_attack": 0.9894161549236469}}, "secondary_positive": {"precision": 0, "recall": 0.0, "f_beta": 0, "fpr": 0, "tpr": 0.0, "confusion_matrix": {"tp": 0, "fp": 0, "tn": 0, "fn": 252}, "specificity": 0}}