{"jigsaw": {"precision": 0.9132, "recall": 0.631, "f1": 0.7463, "auc": 0.9840012335649962, "class_auc": {"toxicity": 0.9823119982694064, "severe_toxicity": 0.9890615000840443, "obscene": 0.9891920580534385, "threat": 0.9752052866784888, "insult": 0.9835723758895516, "identity_attack": 0.9846641824150475}}, "secondary_neutral": {"precision": 0.7586, "recall": 0.6403, "f1": 0.6944, "auc": 0.9787760304245993, "class_auc": {"toxicity": 0.985101427113139, "severe_toxicity": 0.9692266412568158, "obscene": 0.9979562739872658, "threat": 0.9481252645414244, "insult": 0.9791090651732933, "identity_attack": 0.9931375104756568}}, "secondary_positive": {"precision": 1.0, "recall": 0.9789, "f1": 0.9893, "fpr": 0, "tpr": 0.9789, "confusion_matrix": {"tp": 1344, "fp": 0, "tn": 0, "fn": 29}}}