{"jigsaw": {"precision": 0.9086, "recall": 0.6852, "f1": 0.7812, "auc": 0.9882206559672281, "class_auc": {"toxicity": 0.9851046233957937, "severe_toxicity": 0.9908091452245796, "obscene": 0.9912292310145794, "threat": 0.9850962396074165, "insult": 0.9876791424841647, "identity_attack": 0.9894055540768344}}, "secondary_neutral": {"precision": 0.8508, "recall": 0.7994, "f1": 0.8243, "auc": 0.9937231240712022, "class_auc": {"toxicity": 0.9908734730951236, "severe_toxicity": 0.9932784656337306, "obscene": 0.9989038535910437, "threat": 0.9881790639132082, "insult": 0.9944873927759419, "identity_attack": 0.9966164954181659}}, "secondary_positive": {"precision": 1.0, "recall": 0.9563, "f1": 0.9777, "fpr": 0, "tpr": 0.9563, "confusion_matrix": {"tp": 1313, "fp": 0, "tn": 0, "fn": 60}}}