{"jigsaw": {"precision": 0.9231, "recall": 0.597, "f1": 0.725, "auc": 0.9825711214329981, "class_auc": {"toxicity": 0.982180002259324, "severe_toxicity": 0.990067006386931, "obscene": 0.9884090880032536, "threat": 0.9683643405701039, "insult": 0.984834647336144, "identity_attack": 0.9815716440422323}}, "secondary_neutral": {"precision": 0.4624, "recall": 0.4496, "f1": 0.4559, "auc": 0.9480293394351423, "class_auc": {"toxicity": 0.9567687598296155, "severe_toxicity": 0.9367274348680533, "obscene": 0.9870466284278036, "threat": 0.883088841364254, "insult": 0.948669031280025, "identity_attack": 0.9758753408411025}}, "secondary_positive": {"precision": 1.0, "recall": 0.9722, "f1": 0.9859}}