{"jigsaw": {"precision": 0.9007, "recall": 0.7026, "f_beta": 0.735, "fpr": 0.0086, "tpr": 0.7026, "confusion_matrix": {"tp": 1569, "fp": 173, "tn": 19949, "fn": 664}, "specificity": 1.0, "auc": 0.9874614297491869, "class_auc": {"toxicity": 0.9858124228487986, "severe_toxicity": 0.9906909647459206, "obscene": 0.9919554885153546, "threat": 0.9802192600468926, "insult": 0.9872928201218466, "identity_attack": 0.9887976222163074}}, "secondary_neutral": {"precision": 0.9178, "recall": 0.7122, "f_beta": 0.7456, "fpr": 0.0057, "tpr": 0.7122, "confusion_matrix": {"tp": 4019, "fp": 360, "tn": 63187, "fn": 1624}, "specificity": 0.9991, "auc": 0.9929301028017031, "class_auc": {"toxicity": 0.9900953398821163, "severe_toxicity": 0.9974081023196673, "obscene": 0.998844602075068, "threat": 0.9799689233442491, "insult": 0.9964513248424017, "identity_attack": 0.9948123243467173}}, "secondary_positive": {"precision": 1.0, "recall": 0.3415, "f_beta": 0.3933, "fpr": 0, "tpr": 0.3415, "confusion_matrix": {"tp": 14, "fp": 0, "tn": 0, "fn": 27}, "specificity": 0}}