{"jigsaw": {"precision": 0.9007, "recall": 0.7026, "f1": 0.7894, "auc": 0.9874614297491869, "class_auc": {"toxicity": 0.9858124228487986, "severe_toxicity": 0.9906909647459206, "obscene": 0.9919554885153546, "threat": 0.9802192600468926, "insult": 0.9872928201218466, "identity_attack": 0.9887976222163074}}, "secondary_neutral": {"precision": 0.9178, "recall": 0.7122, "f1": 0.802, "auc": 0.9929301028017031, "class_auc": {"toxicity": 0.9900953398821163, "severe_toxicity": 0.9974081023196673, "obscene": 0.998844602075068, "threat": 0.9799689233442491, "insult": 0.9964513248424017, "identity_attack": 0.9948123243467173}}, "secondary_positive": {"precision": 1.0, "recall": 0.3415, "f1": 0.5091, "fpr": 0, "tpr": 0.3415, "confusion_matrix": {"tp": 14, "fp": 0, "tn": 0, "fn": 27}}}