{"jigsaw": {"precision": 0.9136, "recall": 0.6064, "f1": 0.7289, "auc": 0.9763113529615602, "class_auc": {"toxicity": 0.97687371601231, "severe_toxicity": 0.9855519503667917, "obscene": 0.9880683533408878, "threat": 0.952290011810615, "insult": 0.978416887232457, "identity_attack": 0.9766671990062995}}, "secondary_neutral": {"precision": 0.8979, "recall": 0.5625, "f1": 0.6917, "auc": 0.9819499283763026, "class_auc": {"toxicity": 0.9835133592305895, "severe_toxicity": 0.9756803932381642, "obscene": 0.9979287918493116, "threat": 0.9570095123526923, "insult": 0.9885744284038975, "identity_attack": 0.9889930851831605}}, "secondary_positive": {"precision": 1.0, "recall": 0.5642, "f1": 0.7214, "fpr": 0, "tpr": 0.5642, "confusion_matrix": {"tp": 123, "fp": 0, "tn": 0, "fn": 95}}}