{"num_epochs": 3, "loss": [0.8132282495498657, 0.05012168735265732, 0.06486435234546661, 0.1618209332227707, 0.05653434246778488, 0.048056766390800476, 0.0395084023475647, 0.16588746011257172, 0.05589628219604492, 0.01461335550993681, 0.06982173770666122, 0.2998908758163452, 0.14557170867919922, 0.045729827135801315, 0.12908770143985748, 0.052151646465063095, 0.08824992179870605, 0.06783484667539597, 0.254372239112854, 0.22496306896209717, 0.04941518232226372, 0.19260355830192566, 0.027753688395023346, 0.041983556002378464, 0.015732578933238983, 0.02238227054476738, 0.02366711013019085, 0.05811939388513565, 0.02731451392173767, 0.044324394315481186, 0.03610139712691307, 0.06551817804574966, 0.029490932822227478, 0.02839793637394905, 0.07169756293296814, 0.11423498392105103, 0.12643931806087494, 0.08494050800800323, 0.05553966015577316, 0.011777376756072044, 0.013728071004152298, 0.0050916364416480064, 0.05620364472270012, 0.00195317342877388, 0.10001671314239502, 0.13469654321670532, 0.002337136771529913, 0.037392809987068176, 0.12279854714870453, 0.08485880494117737, 0.03450174629688263, 0.008190756663680077, 0.003809352871030569, 0.05739181488752365, 0.02000996097922325, 0.03322956711053848, 0.06701602041721344, 0.06801588833332062, 0.03694950416684151, 0.04364010691642761, 0.004610741510987282, 0.08414608240127563, 0.04279087111353874, 0.07724153250455856, 0.0595967099070549, 0.039362139999866486, 0.032148875296115875, 0.020203720778226852, 0.003710533957928419, 0.05298120900988579, 0.07529571652412415, 0.06977079808712006, 0.01437972392886877, 0.011991685256361961, 0.0226229690015316, 0.08166032284498215, 0.12885448336601257, 0.029732588678598404, 0.03956858068704605, 0.021708045154809952, 0.08643245697021484, 0.004896431230008602, 0.030493980273604393, 0.07138025760650635, 0.04258915036916733, 0.009959707967936993, 0.03304342180490494, 0.015431350097060204, 0.0763610452413559, 0.11574794352054596, 0.03527001291513443, 0.011285759508609772, 0.022699788212776184, 0.029079636558890343, 0.13269942998886108, 0.006045855116099119, 0.05841702222824097, 0.019931722432374954, 0.011389683000743389, 0.08215652406215668, 0.022319629788398743, 0.04576320946216583, 0.001400178181938827, 0.022645531222224236, 0.0244579017162323, 0.1030673012137413, 0.06424996256828308, 0.002621592953801155, 0.1891411393880844, 0.01770763471722603, 0.060074783861637115, 0.07685479521751404, 0.05154586583375931, 0.03509750962257385, 0.03217431902885437, 0.07943083345890045, 0.06231958791613579, 0.03389960527420044, 0.03067067638039589, 0.09402617067098618, 0.09462377429008484, 0.05440226197242737, 0.028536539524793625, 0.0041768476366996765, 0.07219220697879791, 0.009704342111945152, 0.029092011973261833, 0.06910403817892075, 0.042077284306287766, 0.018109455704689026, 0.05142242833971977, 0.07666431367397308, 0.04230978712439537, 0.09114149212837219, 0.009403204545378685, 0.030630074441432953, 0.08231684565544128, 0.02701033651828766, 0.09438472241163254, 0.20878809690475464, 0.01760750450193882, 0.09831192344427109, 0.1195565015077591, 0.06617973744869232, 0.025844912976026535, 0.15633141994476318, 0.07062333077192307, 0.05031755194067955, 0.023367829620838165, 0.055630844086408615, 0.04807168245315552, 0.09146033227443695, 0.007373698055744171, 0.17727749049663544, 0.14478664100170135, 0.08348309993743896, 0.044764772057533264, 0.014889414422214031, 0.05481644719839096, 0.03784970939159393, 0.05687832087278366, 0.09189240634441376, 0.024583283811807632, 0.09954385459423065, 0.029606372117996216, 0.11870862543582916, 0.01599298045039177, 0.18391506373882294, 0.10773803293704987, 0.05054977163672447, 0.06150174140930176, 0.047016408294439316, 0.08425229787826538, 0.04370331019163132, 0.009003885090351105, 0.07795965671539307, 0.1328292340040207, 0.10044504702091217, 0.04594273120164871, 0.045571863651275635, 0.007365409284830093, 0.024653296917676926, 0.0014674142003059387, 0.10795971006155014, 0.07742805778980255, 0.03564378619194031, 0.032652199268341064, 0.04099181294441223, 0.12903203070163727, 0.044171400368213654, 0.05665101855993271, 0.0752270519733429, 0.10242831707000732, 0.031023375689983368, 0.011535989120602608, 0.0949520468711853, 0.06374772638082504, 0.01932317018508911, 0.08825921267271042, 0.06904994696378708, 0.049837157130241394, 0.0052941530011594296, 0.10815988481044769, 0.13644033670425415, 0.12077821791172028, 0.03839617967605591, 0.039637140929698944, 0.08997011184692383, 0.05483534187078476, 0.0853198766708374, 0.010409901849925518, 0.04668989032506943, 0.03467045724391937, 0.020605724304914474, 0.13690373301506042, 0.030995965003967285, 0.025992166250944138, 0.11120184510946274, 0.02263476699590683, 0.04011298716068268, 0.030708514153957367, 0.025988055393099785, 0.04339855536818504, 0.05098381265997887, 0.06503826379776001, 0.021023331210017204, 0.045701101422309875, 0.06681113690137863, 0.026139918714761734, 0.05809734761714935, 0.07494737207889557, 0.04882170259952545, 0.00364489434286952, 0.029728692024946213, 0.08769768476486206, 0.0111879026517272, 0.03215208649635315, 0.10773409903049469, 0.01853664591908455, 0.21787159144878387, 0.002684688661247492, 0.04230755567550659, 0.0146052036434412, 0.03328315168619156, 0.0677759125828743, 0.01668885350227356, 0.03441711515188217, 0.034164778888225555, 0.06202923506498337, 0.00036584350164048374, 0.059074800461530685, 0.03321881592273712, 0.0024884308222681284, 0.0770363137125969, 0.020967431366443634, 0.041537657380104065, 0.03423263877630234, 0.002836513100191951, 0.019428543746471405, 0.012154120951890945, 0.06124856695532799, 0.06865610182285309, 0.028760597109794617, 0.036435455083847046, 0.051998063921928406, 0.02592639997601509, 0.02529112994670868, 0.1403137445449829, 0.024546563625335693, 0.10271357744932175, 0.00965697318315506, 0.09346051514148712, 0.034145548939704895, 0.02845202013850212, 0.10723801702260971, 0.05067012831568718, 0.06917273998260498, 0.01870090328156948, 0.06301456689834595, 0.03385889157652855, 0.016249239444732666, 0.01759413257241249, 0.011933857575058937, 0.01836206018924713, 0.02395796775817871, 0.03617272898554802, 0.049282729625701904, 0.0011104451259598136, 0.054319918155670166, 0.08499883115291595, 0.056136325001716614, 0.036591917276382446, 0.009900551289319992, 0.0007860665209591389, 0.03125610947608948, 0.004925105720758438, 0.058675169944763184, 0.03979955613613129, 0.06502627581357956, 0.029309093952178955, 0.058546032756567, 0.07857542484998703, 0.07641251385211945, 0.030881231650710106, 0.041078705340623856, 0.07784168422222137, 0.05488152801990509, 0.053878240287303925, 0.004699442535638809, 0.005142629146575928, 0.006552261300384998, 0.022131506353616714, 0.047466181218624115, 0.0044343010522425175, 0.014154444448649883, 0.009950005449354649, 0.005613431334495544, 0.04518378898501396, 0.01717720925807953, 0.032816626131534576, 0.038685984909534454, 0.001381011912599206, 0.02979070320725441, 0.029975559562444687, 0.10127152502536774, 0.05628842115402222, 0.05006454512476921, 0.0017270981334149837, 0.10910358279943466, 0.06396670639514923, 0.07031044363975525, 0.05842795595526695, 0.03674084693193436, 0.04592273384332657, 0.01524120569229126, 0.03575515002012253],