{"num_epochs": 3, "loss": [[0, 0.8062667846679688], [10, 0.25284022092819214], [20, 0.1759030818939209], [30, 0.06403712928295135], [40, 0.1741161197423935], [50, 0.06303374469280243], [60, 0.08326521515846252], [70, 0.10070189088582993], [80, 0.12066137790679932], [90, 0.05883932113647461], [100, 0.14156514406204224], [110, 0.033491041511297226], [120, 0.09092134237289429], [130, 0.10014819353818893], [140, 0.1012846976518631], [150, 0.08618460595607758], [156, 0.07471977174282074], [166, 0.050930269062519073], [176, 0.2223976105451584], [186, 0.10406806319952011], [196, 0.037212345749139786], [206, 0.04277680069208145], [216, 0.09466578811407089], [226, 0.010681855492293835], [236, 0.058580365031957626], [246, 0.010790685191750526], [256, 0.07364340126514435], [266, 0.027116989716887474], [276, 0.021643798798322678], [286, 0.06144815310835838], [296, 0.07650431245565414], [306, 0.008978085592389107], [312, 0.008505770936608315], [322, 0.05223948508501053], [332, 0.013808045536279678], [342, 0.07460466772317886], [352, 0.045334529131650925], [362, 0.06946350634098053], [372, 0.06514280289411545], [382, 0.015505967661738396], [392, 0.0059050023555755615], [402, 0.020537137985229492], [412, 0.12797826528549194], [422, 0.06818816065788269], [432, 0.04740189015865326], [442, 0.007506161462515593], [452, 0.08127757906913757], [462, 0.1371825933456421]], "acc": [[0, 0.1875], [10, 0.875], [20, 0.8125], [30, 1.0], [40, 0.8125], [50, 1.0], [60, 0.875], [70, 0.8125], [80, 0.875], [90, 0.9375], [100, 0.8125], [110, 1.0], [120, 0.875], [130, 0.9375], [140, 0.875], [150, 1.0], [156, 0.875], [166, 0.9375], [176, 0.8125], [186, 0.8125], [196, 0.9375], [206, 0.9375], [216, 0.875], [226, 1.0], [236, 0.9375], [246, 1.0], [256, 0.875], [266, 0.9375], [276, 1.0], [286, 0.8125], [296, 0.9375], [306, 1.0], [312, 1.0], [322, 0.9375], [332, 1.0], [342, 0.875], [352, 0.9375], [362, 0.875], [372, 0.9375], [382, 1.0], [392, 1.0], [402, 0.9375], [412, 0.8125], [422, 0.875], [432, 0.9375], [442, 1.0], [452, 0.875], [462, 0.75]], "acc_flag": [[0, 0.3125], [10, 0.875], [20, 0.8125], [30, 1.0], [40, 0.8125], [50, 1.0], [60, 0.875], [70, 0.8125], [80, 0.9375], [90, 0.9375], [100, 0.8125], [110, 1.0], [120, 0.875], [130, 0.9375], [140, 0.875], [150, 1.0], [156, 1.0], [166, 0.9375], [176, 0.9375], [186, 0.8125], [196, 0.9375], [206, 0.9375], [216, 1.0], [226, 1.0], [236, 1.0], [246, 1.0], [256, 0.9375], [266, 1.0], [276, 1.0], [286, 0.9375], [296, 0.9375], [306, 1.0], [312, 1.0], [322, 0.9375], [332, 1.0], [342, 1.0], [352, 1.0], [362, 0.875], [372, 0.9375], [382, 1.0], [392, 1.0], [402, 0.9375], [412, 0.875], [422, 1.0], [432, 1.0], [442, 1.0], [452, 0.9375], [462, 0.9375]], "auc": [{"batch_idx": 0, "mean_auc": 0.49139608628076736, "class_auc": {"toxicity": 0.5966990509147985, "severe_toxicity": 0.5475061311653374, "obscene": 0.37761329003131416, "threat": 0.4977628839621608, "insult": 0.42835762795455845, "identity_attack": 0.5004375336564351}}, {"batch_idx": 50, "mean_auc": 0.9300729514686205, "class_auc": {"toxicity": 0.9179398945029897, "severe_toxicity": 0.9686528076577166, "obscene": 0.9235542681703036, "threat": 0.9422732751378794, "insult": 0.9298912853676051, "identity_attack": 0.8981261779752288}}, {"batch_idx": 100, "mean_auc": 0.7525564031370745, "class_auc": {"toxicity": 0.784783513171426, "severe_toxicity": 0.8179192469066835, "obscene": 0.7977172675712976, "threat": 0.691095365060813, "insult": 0.7319476895478755, "identity_attack": 0.6918753365643511}}, {"batch_idx": 150, "mean_auc": 0.9285621710565951, "class_auc": {"toxicity": 0.9249551732370258, "severe_toxicity": 0.9545877757043412, "obscene": 0.9429440878562944, "threat": 0.9265495452719238, "insult": 0.9324602999511922, "identity_attack": 0.8898761443187937}}, {"batch_idx": 156, "mean_auc": 0.8625777573247971, "class_auc": {"toxicity": 0.9044027431254471, "severe_toxicity": 0.9664499463151599, "obscene": 0.9048114990573208, "threat": 0.7876565981226487, "insult": 0.8817716660519543, "identity_attack": 0.7303740912762519}}, {"batch_idx": 206, "mean_auc": 0.9496215158395235, "class_auc": {"toxicity": 0.9579120217920639, "severe_toxicity": 0.9852297354585399, "obscene": 0.9777592832384455, "threat": 0.8685580189196099, "insult": 0.9698234483910012, "identity_attack": 0.9384465872374798}}, {"batch_idx": 256, "mean_auc": 0.9497289192034474, "class_auc": {"toxicity": 0.9648053920488892, "severe_toxicity": 0.9816877245947884, "obscene": 0.9829759831875339, "threat": 0.8770681909492677, "insult": 0.9691156065080567, "identity_attack": 0.9227206179321485}}, {"batch_idx": 306, "mean_auc": 0.9265478821137728, "class_auc": {"toxicity": 0.9614455205330356, "severe_toxicity": 0.9437438341673303, "obscene": 0.9815168260270862, "threat": 0.8170039081047519, "insult": 0.9659324475230219, "identity_attack": 0.8896447563274097}}, {"batch_idx": 312, "mean_auc": 0.9247329778361699, "class_auc": {"toxicity": 0.9593015013675453, "severe_toxicity": 0.9705822923228697, "obscene": 0.9823684530686857, "threat": 0.7565287263961431, "insult": 0.968671821163876, "identity_attack": 0.9109450726978998}}, {"batch_idx": 362, "mean_auc": 0.9624432246910719, "class_auc": {"toxicity": 0.9699158508265071, "severe_toxicity": 0.9837836124548829, "obscene": 0.9865994663963777, "threat": 0.9274443916870595, "insult": 0.972983608903305, "identity_attack": 0.9339324178782983}}, {"batch_idx": 412, "mean_auc": 0.932653459203664, "class_auc": {"toxicity": 0.9703189799954653, "severe_toxicity": 0.986663972519701, "obscene": 0.9820189682681749, "threat": 0.7570491982906608, "insult": 0.9757102056148643, "identity_attack": 0.9241594305331179}}, {"batch_idx": 462, "mean_auc": 0.9265787944523383, "class_auc": {"toxicity": 0.9587796961431206, "severe_toxicity": 0.9874325968010966, "obscene": 0.986103523442216, "threat": 0.7341119105884071, "insult": 0.9694367333310051, "identity_attack": 0.9236083064081851}}], "f1": [[0, 0.18313953488372092], [50, 0.10467289719626167], [100, 0.03118908382066277], [150, 0.5229759299781181], [156, 0.612565445026178], [206, 0.6031746031746031], [256, 0.7200000000000001], [306, 0.7187500000000001], [312, 0.7098265895953757], [362, 0.7426400759734093], [412, 0.7089820359281438], [462, 0.6649810366624526]], "precision": [[0, 0.1008], [50, 0.9032258064516129], [100, 0.8888888888888888], [150, 0.5829268292682926], [156, 0.9], [206, 0.9047619047619048], [256, 0.7258064516129032], [306, 0.756578947368421], [312, 0.850415512465374], [362, 0.7122040072859745], [412, 0.8942598187311178], [462, 0.9163763066202091]], "recall": [[0, 1.0], [50, 0.05555555555555555], [100, 0.015873015873015872], [150, 0.4742063492063492], [156, 0.4642857142857143], [206, 0.4523809523809524], [256, 0.7142857142857143], [306, 0.6845238095238095], [312, 0.6091269841269841], [362, 0.7757936507936508], [412, 0.5873015873015873], [462, 0.5218253968253969]], "epoch_batch_count": [156, 312, 468]}