{"num_epochs": 1, "loss": [[0, 0.7785712480545044], [10, 0.41663092374801636], [20, 0.40239641070365906], [30, 0.48193609714508057], [40, 0.1785368174314499], [50, 0.07272502034902573], [60, 0.18631219863891602], [70, 0.14175403118133545], [80, 0.20339804887771606], [90, 0.13621068000793457], [100, 0.046430349349975586], [110, 0.2236824333667755], [120, 0.047381751239299774], [130, 0.07092830538749695], [140, 0.22109054028987885], [150, 0.16976147890090942], [160, 0.03068535029888153], [170, 0.045179642736911774], [180, 0.38865476846694946], [190, 0.021676935255527496], [200, 0.19448737800121307], [210, 0.08946545422077179], [220, 0.21223732829093933], [230, 0.030041411519050598], [240, 0.021215077489614487], [250, 0.11043953150510788], [260, 0.10213284939527512], [270, 0.32272905111312866], [280, 0.16332390904426575], [290, 0.04302172362804413], [300, 0.07242131233215332], [310, 0.04961484298110008], [320, 0.22249877452850342], [330, 0.11235644668340683], [340, 0.02280968427658081], [350, 0.03351008519530296], [360, 0.016397234052419662], [370, 0.058094363659620285], [380, 0.08678194135427475], [390, 0.021173987537622452], [400, 0.07290421426296234], [410, 0.06284044682979584], [420, 0.012103329412639141], [430, 0.021316543221473694], [440, 0.019619815051555634], [450, 0.011211598291993141], [460, 0.04805348441004753], [470, 0.11478477716445923], [480, 0.026056310161948204], [490, 0.09379275888204575], [500, 0.03821492940187454], [510, 0.021374687552452087], [520, 0.016729269176721573], [530, 0.03260660171508789], [540, 0.04128194600343704], [550, 0.1065126359462738], [560, 0.009565208107233047], [570, 0.12904143333435059], [580, 0.026707813143730164], [590, 0.011099269613623619], [600, 0.0900711640715599], [610, 0.013370534405112267], [620, 0.00863352045416832], [630, 0.0072442456148564816], [640, 0.03837314993143082], [650, 0.006021167151629925], [660, 0.07285724580287933], [670, 0.012840447947382927], [680, 0.015732092782855034], [690, 0.03709050267934799], [700, 0.01204625517129898], [710, 0.2628575265407562], [720, 0.14111004769802094], [730, 0.007429189048707485], [740, 0.08221274614334106], [750, 0.13577251136302948], [760, 0.19010698795318604], [770, 0.023614421486854553], [780, 0.11184357106685638], [790, 0.026188623160123825], [800, 0.009158222004771233], [810, 0.007451248820871115], [820, 0.10726656764745712], [830, 0.0057039386592805386], [840, 0.004931710194796324], [850, 0.004660611040890217], [860, 0.13931697607040405], [870, 0.15186955034732819], [880, 0.009558157995343208], [890, 0.006852940656244755], [900, 0.007795327343046665], [910, 0.009008154273033142], [920, 0.007925516925752163], [930, 0.33836692571640015], [940, 0.11291813850402832], [950, 0.004926243331283331], [960, 0.08448940515518188], [970, 0.01651335321366787], [980, 0.095645472407341], [990, 0.034084394574165344], [1000, 0.018973054364323616], [1010, 0.008719149976968765], [1020, 0.005355393048375845], [1030, 0.03215206414461136], [1040, 0.08380337804555893], [1050, 0.02986786514520645], [1060, 0.2730104327201843], [1070, 0.07263250648975372], [1080, 0.003508360590785742], [1090, 0.01138949953019619], [1100, 0.23257550597190857], [1110, 0.024905551224946976], [1120, 0.05262002348899841], [1130, 0.008335391990840435], [1140, 0.035309940576553345], [1150, 0.016937844455242157], [1160, 0.19063404202461243], [1170, 0.2044038027524948], [1180, 0.0030175833962857723], [1190, 0.0034911874681711197], [1200, 0.050693579018116], [1210, 0.053596626967191696], [1220, 0.11448578536510468], [1230, 0.16950902342796326], [1240, 0.016070270910859108], [1250, 0.2822590470314026], [1260, 0.12714321911334991], [1270, 0.0034358238335698843], [1280, 0.04850223660469055], [1290, 0.0071356515400111675], [1300, 0.04683054983615875], [1310, 0.008430845104157925], [1320, 0.005006271880120039], [1330, 0.007423081435263157], [1340, 0.05327374488115311], [1350, 0.004745743703097105], [1360, 0.06903764605522156], [1370, 0.04461571201682091], [1380, 0.008402837440371513], [1390, 0.007492288947105408], [1400, 0.09824040532112122], [1410, 0.006313104182481766], [1420, 0.2759472131729126], [1430, 0.022815413773059845], [1440, 0.011518104001879692], [1450, 0.00516145396977663], [1460, 0.025677276775240898], [1470, 0.02705216407775879], [1480, 0.05599335581064224], [1490, 0.06394024938344955], [1500, 0.19840465486049652], [1510, 0.0057299076579511166], [1520, 0.005895232316106558], [1530, 0.012261247262358665], [1540, 0.19902025163173676], [1550, 0.06746360659599304], [1560, 0.017252935096621513], [1570, 0.07958847284317017], [1580, 0.003341198666021228], [1590, 0.0027018922846764326], [1600, 0.04512324184179306], [1610, 0.017480164766311646], [1620, 0.022999366745352745], [1630, 0.0033470825292170048], [1640, 0.007415930740535259], [1650, 0.012535291723906994], [1660, 0.0985216498374939], [1670, 0.022304510697722435], [1680, 0.03689040243625641], [1690, 0.04357399791479111], [1700, 0.020724814385175705], [1710, 0.3412027060985565], [1720, 0.06219518184661865], [1730, 0.0975206047296524], [1740, 0.005398905836045742], [1750, 0.004492567852139473], [1760, 0.06314755976200104], [1770, 0.022784648463129997], [1780, 0.03324802219867706], [1790, 0.02324449084699154], [1800, 0.2701459228992462], [1810, 0.06631314754486084], [1820, 0.09981414675712585], [1830, 0.009409300982952118], [1840, 0.013933728449046612], [1850, 0.006589745637029409], [1860, 0.01838352531194687], [1870, 0.020900320261716843], [1880, 0.022171324118971825], [1890, 0.01776449754834175], [1900, 0.06413742154836655], [1910, 0.011273287236690521], [1920, 0.08326311409473419], [1930, 0.11613534390926361], [1940, 0.07765112072229385], [1950, 0.004631838295608759], [1960, 0.0026821568608283997], [1970, 0.01117757149040699], [1980, 0.008762486279010773], [1990, 0.019787054508924484], [2000, 0.0019383106846362352], [2010, 0.03989327698945999], [2020, 0.003730275435373187], [2030, 0.22863522171974182], [2040, 0.022341690957546234], [2050, 0.0026154015213251114], [2060, 0.015027484856545925], [2070, 0.010974663309752941], [2080, 0.0021224303636699915], [2090, 0.027229484170675278], [2100, 0.04904595762491226], [2110, 0.017757661640644073], [2120, 0.0030021481215953827], [2130, 0.01654069498181343], [2140, 0.02080199494957924], [2150, 0.002251391066238284], [2160, 0.054252997040748596], [2170, 0.14548663794994354], [2180, 0.022187596186995506], [2190, 0.03097422420978546], [2200, 0.029091257601976395], [2210, 0.0016916062450036407], [2220, 0.0014255059650167823], [2230, 0.002110300585627556], [2240, 0.034313298761844635], [2250, 0.002483370713889599], [2260, 0.07732953131198883], [2270, 0.036544475704431534], [2280, 0.030639708042144775], [2290, 0.014933868311345577], [2300, 0.011863702908158302], [2310, 0.14952659606933594], [2320, 0.0025521577335894108], [2330, 0.00938806589692831], [2340, 0.0684879720211029], [2350, 0.03809395059943199], [2360, 0.03563059866428375], [2370, 0.04863961786031723], [2380, 0.0022025825455784798], [2390, 0.038605429232120514], [2400, 0.10789215564727783], [2410, 0.002478770911693573], [2420, 0.13174253702163696], [2430, 0.019109897315502167], [2440, 0.0069038597866892815], [2450, 0.0035977233201265335], [2460, 0.03153403848409653], [2470, 0.0037073236890137196], [2480, 0.017959920689463615], [2490, 0.005247385241091251], [2500, 0.005785167217254639], [2510, 0.002760290866717696], [2520, 0.016471989452838898], [2530, 0.010229090228676796], [2540, 0.0011607120977714658], [2550, 0.03330777958035469], [2560, 0.003883420955389738], [2570, 0.06209276616573334], [2580, 0.17067793011665344], [2590, 0.060389816761016846], [2600, 0.04076095670461655], [2610, 0.0065987566486001015], [2620, 0.0029048367869108915], [2630, 0.05308028310537338], [2640, 0.007580320350825787], [2650, 0.03696908429265022], [2660, 0.002578973537310958], [2670, 0.027987025678157806], [2680, 0.0019507938995957375], [2690, 0.015755990520119667], [2700, 0.007169145159423351], [2710, 0.0018322415417060256], [2720, 0.022171631455421448], [2730, 