{"jigsaw": {"precision": 0.9103, "recall": 0.6632, "f1": 0.7674, "auc": 0.9867746269644404, "class_auc": {"toxicity": 0.9841691774670964, "severe_toxicity": 0.9906814584551327, "obscene": 0.9913965741868669, "threat": 0.9790067191090622, "insult": 0.9865758039995911, "identity_attack": 0.9888180285688936}}, "secondary_neutral": {"precision": 0.988, "recall": 0.3656, "f1": 0.5337, "auc": 0.9882875485352495, "class_auc": {"toxicity": 0.9768760172841985, "severe_toxicity": 0.9981619660050352, "obscene": 0.9973515806765435, "threat": 0.9787303125487314, "insult": 0.9944900847508409, "identity_attack": 0.9841153299461477}}, "secondary_positive": {"precision": 0, "recall": 0.0, "f1": 0, "fpr": 0, "tpr": 0.0, "confusion_matrix": {"tp": 0, "fp": 0, "tn": 0, "fn": 5405}}}