{"num_epochs": 1, "loss": [[0, 0.7866925001144409], [10, 0.4941992163658142], [20, 0.3973930776119232], [30, 0.3091946244239807], [40, 0.3351207673549652], [50, 0.11845043301582336], [60, 0.29759395122528076], [70, 0.07095782458782196], [80, 0.17748790979385376], [90, 0.2678884267807007], [100, 0.12093903869390488], [110, 0.12342634797096252], [120, 0.14670613408088684], [130, 0.10562103241682053], [140, 0.10361148416996002], [150, 0.03210591524839401], [160, 0.12716084718704224], [170, 0.13031190633773804], [180, 0.038301996886730194], [190, 0.17189083993434906], [200, 0.170035719871521], [210, 0.17952123284339905], [220, 0.1483890563249588], [230, 0.1380225270986557], [240, 0.19801883399486542], [250, 0.1308944672346115], [260, 0.03585430607199669], [270, 0.14278599619865417], [280, 0.09339891374111176], [290, 0.04425326734781265], [300, 0.036762699484825134], [310, 0.08618243783712387], [320, 0.17723813652992249], [330, 0.07634416222572327], [340, 0.13434165716171265], [350, 0.1352403610944748], [360, 0.11414074897766113], [370, 0.2780429720878601], [380, 0.038062289357185364], [390, 0.2066153883934021], [400, 0.26204025745391846], [410, 0.08896090090274811], [420, 0.038616035133600235], [430, 0.11410078406333923], [440, 0.03161650896072388], [450, 0.06398868560791016], [460, 0.12215142697095871], [470, 0.1332990974187851], [480, 0.009097203612327576], [490, 0.04170677065849304], [500, 0.13747282326221466], [510, 0.06841869652271271], [520, 0.10904908180236816], [530, 0.09760933369398117], [540, 0.12652210891246796], [550, 0.13675370812416077], [560, 0.06711767613887787], [570, 0.28008824586868286], [580, 0.026905542239546776], [590, 0.15548719465732574], [600, 0.026050083339214325], [610, 0.05243321880698204], [620, 0.11606007069349289], [630, 0.05823443457484245], [640, 0.09029853343963623], [650, 0.2764394283294678], [660, 0.29585927724838257], [670, 0.1250133514404297], [680, 0.08562161773443222], [690, 0.02609056606888771], [700, 0.3538591265678406], [710, 0.028518211096525192], [720, 0.014953471720218658], [730, 0.15396547317504883], [740, 0.045638661831617355], [750, 0.10497087240219116], [760, 0.07056733965873718], [770, 0.03996242582798004], [780, 0.02958465926349163], [790, 0.05670197308063507], [800, 0.020823564380407333], [810, 0.18542370200157166], [820, 0.046383053064346313], [830, 0.031613461673259735], [840, 0.11827507615089417], [850, 0.08842447400093079], [860, 0.09435717761516571], [870, 0.06870336830615997], [880, 0.17793433368206024], [890, 0.07741126418113708], [900, 0.11907950043678284], [910, 0.08336366713047028], [920, 0.1530957669019699], [930, 0.11588829755783081], [940, 0.039031051099300385], [950, 0.17945246398448944], [960, 0.06854666769504547], [970, 0.02122461423277855], [980, 0.16855697333812714], [990, 0.01254460122436285], [1000, 0.12564042210578918], [1010, 0.05160217732191086], [1020, 0.05202339217066765], [1030, 0.044536300003528595], [1040, 0.009716727770864964], [1050, 0.2838427424430847], [1060, 0.2713928520679474], [1070, 0.07418892532587051], [1080, 0.06022142991423607], [1090, 0.1814955174922943], [1100, 0.026898376643657684], [1110, 0.05969223380088806], [1120, 0.016145385801792145], [1130, 0.016099337488412857], [1140, 0.14116720855236053], [1150, 0.10701995342969894], [1160, 0.024308836087584496], [1170, 0.020428869873285294], [1180, 0.05433904752135277], [1190, 0.08847766369581223], [1200, 0.005521251820027828], [1210, 0.16567814350128174], [1220, 0.14062178134918213], [1230, 0.020707694813609123], [1240, 0.11625435948371887], [1250, 0.10057853162288666], [1260, 0.12132938951253891], [1270, 0.014120550826191902], [1280, 0.04458904266357422], [1290, 0.014683900400996208], [1300, 0.028548290953040123], [1310, 0.04269201308488846], [1320, 0.30583178997039795], [1330, 0.016530882567167282], [1340, 0.027698000892996788], [1350, 0.5419649481773376], [1360, 0.048519447445869446], [1370, 0.11491351574659348], [1380, 0.017918135970830917], [1390, 0.13040977716445923], [1400, 0.010750427842140198], [1410, 0.011051518842577934], [1420, 0.16083362698554993], [1430, 0.013017021119594574], [1440, 0.009360522031784058], [1450, 0.23290489614009857], [1460, 0.02031482383608818], [1470, 0.038886260241270065], [1480, 0.034381695091724396], [1490, 0.15035150945186615], [1500, 0.04844614490866661], [1510, 0.34483861923217773], [1520, 0.07634285092353821], [1530, 0.008779171854257584], [1540, 0.1585841178894043], [1550, 0.01662544533610344], [1560, 0.030376065522432327], [1570, 0.08102209866046906], [1580, 0.007295567542314529], [1590, 0.0907842367887497], [1600, 0.17168885469436646], [1610, 0.06526261568069458], [1620, 0.032646797597408295], [1630, 0.07096055150032043], [1640, 0.13169145584106445], [1650, 0.029241468757390976], [1660, 0.10854512453079224], [1670, 0.010884921066462994], [1680, 0.14345447719097137], [1690, 0.18637709319591522], [1700, 0.09110575914382935], [1710, 0.035569533705711365], [1720, 0.05959273874759674], [1730, 0.029061656445264816], [1740, 0.03848668560385704], [1750, 0.02100220136344433], [1760, 0.10808004438877106], [1770, 0.01788434386253357], [1780, 0.16968503594398499], [1790, 0.04153278470039368], [1800, 0.011101601645350456], [1810, 0.010052673518657684], [1820, 0.004625529050827026], [1830, 0.01533152163028717], [1840, 0.026884350925683975], [1850, 0.022483324632048607], [1860, 0.01660347357392311], [1870, 0.050550930202007294], [1880, 0.09448717534542084], [1890, 0.005018585827201605], [1900, 0.04035006836056709], [1910, 0.2132079005241394], [1920, 0.019995378330349922], [1930, 0.1648176610469818], [1940, 0.02064443752169609], [1950, 0.02052149921655655], [1960, 0.3484174609184265], [1970, 0.02946159616112709], [1980, 0.08990668505430222], [1990, 0.1554332971572876], [2000, 0.04964495822787285], [2010, 0.01398228108882904], [2020, 0.19119247794151306], [2030, 0.09556909650564194], [2040, 0.00920169334858656], [2050, 0.01166737824678421], [2060, 0.09063151478767395], [2070, 0.07167105376720428], [2080, 0.11202770471572876], [2090, 0.008977876044809818], [2100, 0.17927518486976624], [2110, 0.039586618542671204], [2120, 0.018153320997953415], [2130, 0.02732311747968197], [2140, 0.014154380187392235], [2150, 0.03348672389984131], [2160, 0.014440534636378288], [2170, 0.003960718400776386], [2180, 0.3929221034049988], [2190, 0.057832635939121246], [2200, 0.09085872769355774], [2210, 0.12147732079029083], [2220, 0.021851934492588043], [2230, 0.17754709720611572], [2240, 0.043296098709106445], [2250, 0.0995403528213501], [2260, 0.06470181047916412], [2270, 0.022700447589159012], [2280, 0.014597784727811813], [2290, 0.06301245093345642], [2300, 0.046812113374471664], [2310, 0.11039552092552185], [2320, 0.01839584670960903], [2330, 0.05417659133672714], [2340, 0.22607338428497314], [2350, 0.14973418414592743], [2360, 0.0377139076590538], [2370, 0.006641959305852652], [2380, 0.011850139126181602], [2390, 0.01670088618993759], [2400, 0.09284000843763351], [2410, 0.004813071805983782], [2420, 0.009869629517197609], [2430, 0.013757886365056038], [2440, 0.19451987743377686], [2450, 0.05693621188402176], [2460, 0.001629654667340219], [2470, 0.0032959086820483208], [2480, 0.024819672107696533], [2490, 0.009192432276904583], [2500, 0.2650197744369507], [2510, 0.03470022976398468], [2520, 0.038199182599782944], [2530, 0.007963534444570541], [2540, 0.020220952108502388], [2550, 0.04807233065366745], [2560, 0.023779064416885376], [2570, 0.0071295564994215965], [2580, 0.049676358699798584], [2590, 0.11892977356910706], [2600, 0.06903357803821564], [2610, 0.031895965337753296], [2620, 0.03546307981014252], [2630, 0.012454614043235779], [2640, 0.19507353007793427], [2650, 0.004768059588968754], [2660, 0.23513834178447723], [2670, 0.006840820424258709], [2680, 0.0012035525869578123], [2690, 0.0639447271823883], [2700, 0.037465665489435196], [2710, 0.016618674620985985], [2720, 0.0601520836353302], [2730, 0.029346339404582977], [2740, 0.028376873582601547], [2750, 0.003339197486639023], [2760, 