{"jigsaw": {"precision": 0.9048, "recall": 0.6426, "f1": 0.7515, "auc": 0.9770465460585674, "class_auc": {"toxicity": 0.9809991160465077, "severe_toxicity": 0.9903230280820151, "obscene": 0.9887306632792003, "threat": 0.9501896344072481, "insult": 0.9825010346961356, "identity_attack": 0.969535799840298}}, "secondary_neutral": {"precision": 0.9814, "recall": 0.384, "f1": 0.552, "auc": 0.9740735573457681, "class_auc": {"toxicity": 0.9641762556738771, "severe_toxicity": 0.9977864632878211, "obscene": 0.9922670002325263, "threat": 0.9242714807636614, "insult": 0.991144292001055, "identity_attack": 0.9747958521156681}}, "secondary_positive": {"precision": 0, "recall": 0.0, "f1": 0, "fpr": 0, "tpr": 0.0, "confusion_matrix": {"tp": 0, "fp": 0, "tn": 0, "fn": 5405}}}