{"jigsaw": {"precision": 0.9072, "recall": 0.6171, "f1": 0.7345, "auc": 0.9840475895700131, "class_auc": {"toxicity": 0.9792651642193613, "severe_toxicity": 0.9888519295825832, "obscene": 0.9885326765727902, "threat": 0.9814766883175179, "insult": 0.9836183991075627, "identity_attack": 0.9825406796202645}}, "secondary_neutral": {"precision": 0.8243, "recall": 0.6394, "f1": 0.7202, "auc": 0.9828754370025617, "class_auc": {"toxicity": 0.9792332191521568, "severe_toxicity": 0.9802285850460956, "obscene": 0.9977662019198885, "threat": 0.9618677181492126, "insult": 0.9874631408452296, "identity_attack": 0.9906937569027883}}, "secondary_positive": {"precision": 1.0, "recall": 0.9403, "f1": 0.9692, "fpr": 0, "tpr": 0.9403, "confusion_matrix": {"tp": 1291, "fp": 0, "tn": 0, "fn": 82}}}