{"jigsaw": {"precision": 0.9086, "recall": 0.6632, "f_beta": 0.7011, "specificity": 1.0, "fpr": 0.0074, "tpr": 0.6632, "confusion_matrix": {"tp": 1481, "fp": 149, "tn": 19973, "fn": 752}, "auc": 0.9800360877093982, "class_auc": {"toxicity": 0.9827115077479793, "severe_toxicity": 0.9897887313293208, "obscene": 0.990254226874544, "threat": 0.9485454172365025, "insult": 0.9851576154751047, "identity_attack": 0.9837590275929375}}, "secondary_neutral": {"precision": 0.7052, "recall": 0.5371, "f_beta": 0.564, "specificity": 0.9836, "fpr": 0.0199, "tpr": 0.5371, "confusion_matrix": {"tp": 3031, "fp": 1267, "tn": 62280, "fn": 2612}, "auc": 0.9702741996733429, "class_auc": {"toxicity": 0.9792710535792551, "severe_toxicity": 0.9632552191215559, "obscene": 0.9939840597892394, "threat": 0.9247311145269443, "insult": 0.9802728403130333, "identity_attack": 0.9801309107100287}}, "secondary_positive": {"topic_4": {"precision": 1.0, "recall": 0.6476, "f_beta": 0.6967, "specificity": 0, "fpr": 0, "tpr": 0.6476, "confusion_matrix": {"tp": 68, "fp": 0, "tn": 0, "fn": 37}}, "topic_6": {"precision": 1.0, "recall": 0.8413, "f_beta": 0.8689, "specificity": 0, "fpr": 0, "tpr": 0.8413, "confusion_matrix": {"tp": 212, "fp": 0, "tn": 0, "fn": 40}}, "topic_7": {"precision": 1.0, "recall": 0.3659, "f_beta": 0.419, "specificity": 0, "fpr": 0, "tpr": 0.3659, "confusion_matrix": {"tp": 15, "fp": 0, "tn": 0, "fn": 26}}, "topic_10": {"precision": 1.0, "recall": 0.56, "f_beta": 0.614, "specificity": 0, "fpr": 0, "tpr": 0.56, "confusion_matrix": {"tp": 14, "fp": 0, "tn": 0, "fn": 11}}, "mean": {"precision": 1.0, "recall": 0.6037, "f_beta": 0.64965, "specificity": 0.0}}}