{"num_epochs": 1, "loss": [[0, 0.7818162441253662], [10, 0.412223219871521], [20, 0.4473007619380951], [30, 0.597256600856781], [40, 0.23104101419448853], [50, 0.23419201374053955], [60, 0.24163025617599487], [70, 0.20368719100952148], [80, 0.25334596633911133], [90, 0.18434035778045654], [100, 0.11516503989696503], [110, 0.24429181218147278], [120, 0.15939925611019135], [130, 0.07689043879508972], [140, 0.3510076403617859], [150, 0.16459739208221436], [160, 0.21164433658123016], [170, 0.13186012208461761], [180, 0.3994521498680115], [190, 0.046991389244794846], [200, 0.15187332034111023], [210, 0.16461646556854248], [220, 0.2571321427822113], [230, 0.1188899427652359], [240, 0.014720646664500237], [250, 0.09022517502307892], [260, 0.15324610471725464], [270, 0.3558298349380493], [280, 0.3105493187904358], [290, 0.06940978765487671], [300, 0.09842552989721298], [310, 0.08440376818180084], [320, 0.17910179495811462], [330, 0.10403826087713242], [340, 0.11821745336055756], [350, 0.0370950847864151], [360, 0.04392620921134949], [370, 0.05888419598340988], [380, 0.09849704802036285], [390, 0.05711018666625023], [400, 0.09695615619421005], [410, 0.13518652319908142], [420, 0.20870232582092285], [430, 0.14493632316589355], [440, 0.07538497447967529], [450, 0.04243115708231926], [460, 0.10957129299640656], [470, 0.10892830789089203], [480, 0.031346287578344345], [490, 0.3033592402935028], [500, 0.07406246662139893], [510, 0.04429454728960991], [520, 0.022734707221388817], [530, 0.018796199932694435], [540, 0.07855422794818878], [550, 0.10922958701848984], [560, 0.021415531635284424], [570, 0.1405695676803589], [580, 0.03826305270195007], [590, 0.013065816834568977], [600, 0.1427898406982422], [610, 0.011642860248684883], [620, 0.06445509195327759], [630, 0.07443628460168839], [640, 0.06213129311800003], [650, 0.008723138831555843], [660, 0.07884100079536438], [670, 0.025741657242178917], [680, 0.026949193328619003], [690, 0.1028776690363884], [700, 0.009324374608695507], [710, 0.1025768518447876], [720, 0.1868574321269989], [730, 0.01250108890235424], [740, 0.2912520170211792], [750, 0.08872409164905548], [760, 0.3293127417564392], [770, 0.012401330284774303], [780, 0.02852010354399681], [790, 0.006514732725918293], [800, 0.00872124545276165], [810, 0.0336858369410038], [820, 0.07059057801961899], [830, 0.008939575403928757], [840, 0.016604548320174217], [850, 0.02162865176796913], [860, 0.3070366084575653], [870, 0.19701814651489258], [880, 0.010719459503889084], [890, 0.009251519106328487], [900, 0.040332842618227005], [910, 0.08573385328054428], [920, 0.04843032360076904], [930, 0.320538729429245], [940, 0.13990925252437592], [950, 0.03119952604174614], [960, 0.07310561835765839], [970, 0.01757865957915783], [980, 0.09533777087926865], [990, 0.049400895833969116], [1000, 0.032832156866788864], [1010, 0.04779377579689026], [1020, 0.07011882960796356], [1030, 0.05500386655330658], [1040, 0.23475956916809082], [1050, 0.07487770169973373], [1060, 0.1924455761909485], [1070, 0.13543498516082764], [1080, 0.07670912146568298], [1090, 0.059487901628017426], [1100, 0.15204066038131714], [1110, 0.057067058980464935], [1120, 0.15783800184726715], [1130, 0.07015467435121536], [1140, 0.27545109391212463], [1150, 0.022367026656866074], [1160, 0.22612640261650085], [1170, 0.19137892127037048], [1180, 0.031004726886749268], [1190, 0.01205318234860897], [1200, 0.027527090162038803], [1210, 0.05331467092037201], [1220, 0.11663960665464401], [1230, 0.19535979628562927], [1240, 0.05823484808206558], [1250, 0.2933615744113922], [1260, 0.13044342398643494], [1270, 0.060849033296108246], [1280, 0.07057738304138184], [1290, 0.04200304299592972], [1300, 0.126973494887352], [1310, 0.06734690070152283], [1320, 0.36522459983825684], [1330, 0.022336632013320923], [1340, 0.12107561528682709], [1350, 0.11629118770360947], [1360, 0.053876545280218124], [1370, 0.070193350315094], [1380, 0.012619512155652046], [1390, 0.030576279386878014], [1400, 0.16507872939109802], [1410, 0.2658368945121765], [1420, 0.18885159492492676], [1430, 0.07437723875045776], [1440, 0.0357842892408371], [1450, 0.02128475531935692], [1460, 0.010755462571978569], [1470, 0.032439302653074265], [1480, 0.07043763995170593], [1490, 0.33930665254592896], [1500, 0.26283198595046997], [1510, 0.05717993900179863], [1520, 0.01336390059441328], [1530, 0.08106286823749542], [1540, 0.16283150017261505], [1550, 0.04663153737783432], [1560, 0.09476850926876068], [1570, 0.05941387638449669], [1580, 0.004573360085487366], [1590, 0.010707138106226921], [1600, 0.0889585018157959], [1610, 0.04795776307582855], [1620, 0.00940295122563839], [1630, 0.01604645512998104], [1640, 0.019776998087763786], [1650, 0.1636849343776703], [1660, 0.1610025316476822], [1670, 0.06477399915456772], [1680, 0.03957716375589371], [1690, 0.0271767508238554], [1700, 0.02649597078561783], [1710, 0.2603989243507385], [1720, 0.16499900817871094], [1730, 0.26791736483573914], [1740, 0.015080511569976807], [1750, 0.008647628128528595], [1760, 0.05940065532922745], [1770, 0.030881892889738083], [1780, 0.06019296497106552], [1790, 0.03325716033577919], [1800, 0.12436467409133911], [1810, 0.08477292954921722], [1820, 0.10232722759246826], [1830, 0.018194980919361115], [1840, 0.016665957868099213], [1850, 0.010777395218610764], [1860, 0.13324807584285736], [1870, 0.050249915570020676], [1880, 0.046301767230033875], [1890, 0.2814638316631317], [1900, 0.05154414102435112], [1910, 0.05371285602450371], [1920, 0.04938817769289017], [1930, 0.13643410801887512], [1940, 0.0863390564918518], [1950, 0.006504300981760025], [1960, 0.012353962287306786], [1970, 0.0224953331053257], [1980, 0.19883093237876892], [1990, 0.018410462886095047], [2000, 0.0038713831454515457], [2010, 0.030770283192396164], [2020, 0.08121056854724884], [2030, 0.16209205985069275], [2040, 0.10278954356908798], [2050, 0.027223577722907066], [2060, 0.09782092273235321], [2070, 0.007781622465699911], [2080, 0.0156185207888484], [2090, 0.040600426495075226], [2100, 0.09041601419448853], [2110, 0.017410747706890106], [2120, 0.008701140992343426], [2130, 0.08449040353298187], [2140, 0.006478466093540192], [2150, 0.03225307911634445], [2160, 0.0320722758769989], [2170, 0.19901323318481445], [2180, 0.01984841749072075], [2190, 0.030827080830931664], [2200, 0.03048306703567505], [2210, 0.038181371986866], [2220, 0.007965022698044777], [2230, 0.007600483950227499], [2240, 0.047130029648542404], [2250, 0.027543677017092705], [2260, 0.1323358416557312], [2270, 0.03908509016036987], [2280, 0.1944810003042221], [2290, 0.010611338540911674], [2300, 0.017782950773835182], [2310, 0.0480501763522625], [2320, 0.04868157207965851], [2330, 0.06245039403438568], [2340, 0.07214916497468948], [2350, 0.03575383871793747], [2360, 0.027268748730421066], [2370, 0.0939052626490593], [2380, 0.003995043225586414], [2390, 0.0325298011302948], [2400, 0.10023879259824753], [2410, 0.18962089717388153], [2420, 0.09622487425804138], [2430, 0.05060994252562523], [2440, 0.007855433970689774], [2450, 0.008312051184475422], [2460, 0.044561173766851425], [2470, 0.05442456528544426], [2480, 0.058871474117040634], [2490, 0.007730364799499512], [2500, 0.007887138053774834], [2510, 0.006163714453577995], [2520, 0.022192036733031273], [2530, 0.13660165667533875], [2540, 0.0013425496872514486], [2550, 0.11043085157871246], [2560, 0.010622730478644371], [2570, 0.1552746593952179], [2580, 0.050001274794340134], [2590, 0.05147377401590347], [2600, 0.05812350660562515], [2610, 0.0022148569114506245], [2620, 0.007043912541121244], [2630, 0.3480132818222046], [2640, 0.00998335424810648], [2650, 0.03139929473400116], [2660, 0.04480326920747757], [2670, 0.013377582654356956], [2680, 0.014401756227016449], [2690, 0.07965156435966492], [2700, 0.030380375683307648], [2710, 0.01644090563058853], [2720, 0.014608252793550491], [2730, 0.06451453268527985], [2740, 0.017947103828191757], [2750, 0.07144713401794434], [2760, 0.03365670517086983], [2770, 