{"jigsaw": {"precision": 0.9025, "recall": 0.6422, "f1": 0.7504, "fpr": 0.0077, "tpr": 0.6422, "confusion_matrix": {"tp": 1434, "fp": 155, "tn": 19967, "fn": 799}, "auc": 0.9851496806753955, "class_auc": {"toxicity": 0.9827363910947563, "severe_toxicity": 0.9904708076933548, "obscene": 0.989576777001509, "threat": 0.9822630910699859, "insult": 0.9855456316901502, "identity_attack": 0.9803053855026174}}, "secondary_neutral": {"precision": 0.8432, "recall": 0.5688, "f1": 0.6794, "fpr": 0.0094, "tpr": 0.5688, "confusion_matrix": {"tp": 3210, "fp": 597, "tn": 62950, "fn": 2433}, "auc": 0.9851931799626062, "class_auc": {"toxicity": 0.981814651076827, "severe_toxicity": 0.9860928227711135, "obscene": 0.996683093100889, "threat": 0.970594243578605, "insult": 0.9874242673046165, "identity_attack": 0.988550001943586}}, "secondary_positive": {"precision": 1.0, "recall": 0.7897, "f1": 0.8825, "fpr": 0, "tpr": 0.7897, "confusion_matrix": {"tp": 199, "fp": 0, "tn": 0, "fn": 53}}, "secondary": {"precision": 0.3273, "recall": 0.7897, "f1": 0.4628, "fpr": 0.0059, "tpr": 0.7897, "confusion_matrix": {"tp": 199, "fp": 409, "tn": 68781, "fn": 53}}}