{"jigsaw": {"precision": 0.9609, "recall": 0.4837, "f1": 0.6434, "auc": 0.9851496806753955, "class_auc": {"toxicity": 0.9827363910947563, "severe_toxicity": 0.9904708076933548, "obscene": 0.989576777001509, "threat": 0.9822630910699859, "insult": 0.9855456316901502, "identity_attack": 0.9803053855026174}}, "secondary_neutral": {"precision": 0.8821, "recall": 0.3275, "f1": 0.4776, "auc": 0.9851931799626062, "class_auc": {"toxicity": 0.981814651076827, "severe_toxicity": 0.9860928227711135, "obscene": 0.996683093100889, "threat": 0.970594243578605, "insult": 0.9874242673046165, "identity_attack": 0.988550001943586}}, "secondary_positive": {"precision": 1.0, "recall": 0.6865, "f1": 0.8141, "fpr": 0, "tpr": 0.6865, "confusion_matrix": {"tp": 173, "fp": 0, "tn": 0, "fn": 79}}}