{"num_epochs": 1, "loss": [[0, 0.7931529879570007], [50, 0.06683192402124405], [100, 0.02532743662595749], [150, 0.20436972379684448], [200, 0.026167457923293114], [250, 0.015630271285772324], [300, 0.13220292329788208], [350, 0.07151099294424057], [400, 0.08245284110307693], [450, 0.006536995526403189], [500, 0.0072238086722791195], [550, 0.10787966847419739], [600, 0.049147069454193115], [650, 0.013534403406083584], [700, 0.05683111399412155], [750, 0.00597307039424777], [800, 0.018252858892083168], [850, 0.03005753830075264], [900, 0.07122871279716492], [950, 0.02031121775507927], [1000, 0.3250123858451843], [1050, 0.007152329199016094], [1100, 0.009892648085951805], [1150, 0.008578960783779621], [1200, 0.010607801377773285], [1250, 0.0036434594076126814], [1300, 0.011970564723014832], [1350, 0.005429235752671957], [1400, 0.005708313547074795], [1450, 0.10083400458097458], [1500, 0.009636091068387032], [1550, 0.00875694677233696], [1600, 0.004270601086318493], [1650, 0.08059053122997284], [1700, 0.3932248055934906], [1750, 0.05114291235804558], [1800, 0.025464212521910667], [1850, 0.09579172730445862], [1900, 0.005010029301047325], [1950, 0.2460900992155075], [2000, 0.13260063529014587], [2050, 0.003200878156349063], [2100, 0.08824780583381653], [2150, 0.050581928342580795], [2200, 0.0035559535026550293], [2250, 0.11992371082305908], [2300, 0.05456210672855377], [2350, 0.002749694511294365], [2400, 0.0031557101756334305], [2450, 0.025018297135829926], [2500, 0.019300000742077827], [2550, 0.03884214535355568], [2600, 0.06950312852859497], [2650, 0.1387658715248108], [2700, 0.028946485370397568], [2750, 0.026556823402643204], [2800, 0.0030389465391635895], [2850, 0.05435314401984215], [2900, 0.001951591926626861], [2950, 0.031864624470472336], [3000, 0.0034657735377550125], [3050, 0.054905086755752563], [3100, 0.02809886261820793], [3150, 0.023239312693476677], [3200, 0.015618170611560345], [3250, 0.017930131405591965], [3300, 0.002595428377389908], [3350, 0.004336432553827763], [3400, 0.07767222821712494], [3450, 0.009293531998991966], [3500, 0.035645756870508194], [3550, 0.009148014709353447], [3600, 0.03236110508441925], [3650, 0.005984604358673096], [3700, 0.006011669989675283], [3750, 0.0014094546204432845], [3800, 0.0014832532033324242], [3850, 0.1212315484881401], [3900, 0.11595913022756577], [3950, 0.016285084187984467], [4000, 0.01898033171892166], [4050, 0.002996795577928424], [4100, 0.0066431863233447075], [4150, 0.07371770590543747], [4200, 0.06031022593379021], [4250, 0.002244435716420412], [4300, 0.013761499896645546], [4350, 0.07372859865427017], [4400, 0.0608910396695137], [4450, 0.028339175507426262], [4500, 0.006136172916740179], [4550, 0.05371700972318649], [4600, 0.036159537732601166], [4650, 0.0034342657309025526], [4700, 0.05597024783492088], [4750, 0.0979425460100174], [4800, 0.02295490726828575], [4850, 0.006696281023323536], [4900, 0.12049354612827301], [4950, 0.0013198272790759802], [5000, 0.02271150052547455], [5050, 0.016258887946605682], [5100, 0.05846985802054405], [5150, 0.05541963502764702], [5200, 0.12582525610923767], [5250, 0.008785538375377655], [5300, 0.2992216944694519], [5350, 0.030782118439674377], [5400, 0.3641347289085388], [5450, 0.04366602003574371], [5500, 0.0009656711481511593], [5550, 0.0019122156081721187], [5600, 0.04286465793848038], [5650, 0.0025170822627842426], [5700, 0.05353318154811859], [5750, 0.031784817576408386], [5800, 0.06554219126701355], [5850, 0.04770781099796295], [5900, 0.17352446913719177], [5950, 0.07160835713148117], [6000, 0.13111084699630737], [6050, 0.2499990463256836], [6100, 0.004759298637509346], [6150, 0.001618892652913928], [6200, 0.014591707848012447], [6250, 0.07185211032629013], [6300, 0.011201116256415844], [6350, 0.06804405152797699], [6400, 0.002383094746619463], [6450, 0.0030276994220912457], [6500, 0.053427960723638535], [6550, 0.08050520718097687], [6600, 0.015079930424690247], [6650, 0.02692374214529991], [6700, 0.0080519774928689], [6750, 0.0021988367661833763], [6800, 0.005920048803091049], [6850, 0.27556121349334717], [6900, 0.050804074853658676], [6950, 0.015508259646594524], [7000, 0.0015603406354784966], [7050, 0.018533408641815186], [7100, 0.045443080365657806], [7150, 0.019841082394123077], [7200, 0.2163582742214203], [7250, 0.04137310013175011], [7300, 0.0958498939871788], [7350, 0.0769568681716919], [7400, 0.0006795314839109778], [7450, 0.006752602756023407], [7500, 0.008577065542340279], [7550, 0.09612195193767548], [7600, 0.01273178681731224], [7650, 0.013933051377534866], [7700, 0.07039078325033188], [7750, 0.024568848311901093], [7800, 0.0907222256064415], [7850, 0.036691322922706604], [7900, 0.0043391571380198], [7950, 0.0007471702992916107], [8000, 0.057319484651088715], [8050, 0.029593786224722862], [8100, 0.07490451633930206], [8150, 0.0030742157250642776], [8200, 0.052083682268857956], [8250, 0.005038762465119362], [8300, 0.01697104051709175], [8350, 0.0010992948664352298], [8400, 0.03283091261982918], [8450, 0.06267016381025314], [8500, 0.008717885240912437], [8550, 0.03839704394340515], [8600, 0.015437053516507149], [8650, 0.031112518161535263], [8700, 0.05365408584475517], [8750, 0.0007106225239112973], [8800, 0.0016339810099452734], [8850, 0.01417732797563076], [8900, 0.018605271354317665], [8950, 0.015202483162283897], [9000, 0.0020844615064561367], [9050, 0.01598549634218216], [9100, 0.0036425082944333553], [9150, 0.037954866886138916], [9200, 0.037679292261600494], [9250, 0.001037407317198813], [9300, 0.0027253474108874798], [9350, 0.033597588539123535], [9400, 0.0031186449341475964], [9450, 0.1694117784500122], [9500, 0.015318019315600395], [9550, 0.17018145322799683], [9600, 0.19985222816467285], [9650, 0.06302371621131897], [9700, 0.0013176649808883667], [9750, 0.005757741164416075], [9800, 0.03493982553482056], [9850, 0.000960292003583163], [9900, 0.12001319974660873], [9950, 0.08879797905683517], [10000, 0.18278208374977112], [10050, 0.054019853472709656], [10100, 0.013809449970722198], [10150, 0.03659263998270035], [10200, 0.08376358449459076], [10250, 0.02650431916117668], [10300, 0.0014978440012782812], [10350, 0.0012380691478028893], [10400, 0.07074368000030518], [10450, 0.023860393092036247], [10500, 0.03955672308802605], [10550, 0.0825638473033905], [10600, 0.022953741252422333], [10650, 0.12823396921157837], [10700, 0.06843376159667969], [10750, 0.031334951519966125], [10800, 0.07160704582929611], [10850, 0.03747048228979111], [10900, 0.07802966237068176], [10950, 0.001191657385788858], [11000, 0.0014316554879769683], [11050, 0.022413238883018494], [11100, 0.010257105343043804], [11150, 0.14116698503494263], [11200, 0.007020487450063229]],