{"jigsaw": {"precision": 0.9135, "recall": 0.6386, "f1": 0.7517, "auc": 0.9861616091499394, "class_auc": {"toxicity": 0.9808453966648013, "severe_toxicity": 0.9909037760283321, "obscene": 0.9906394817495073, "threat": 0.9834762149601901, "insult": 0.985124482063215, "identity_attack": 0.9859803034335907}}, "secondary_neutral": {"precision": 0.9914, "recall": 0.2846, "f1": 0.4422, "auc": 0.9851959997960927, "class_auc": {"toxicity": 0.9704881381125214, "severe_toxicity": 0.9978438069473006, "obscene": 0.996335146404503, "threat": 0.9749098888369089, "insult": 0.992411868269833, "identity_attack": 0.9791871502054901}}, "secondary_positive": {"precision": 0, "recall": 0.0, "f1": 0, "fpr": 0, "tpr": 0.0, "confusion_matrix": {"tp": 0, "fp": 0, "tn": 0, "fn": 5405}}}