{"num_epochs": 1, "loss": [[0, 0.791284441947937], [10, 0.3918571472167969], [20, 0.07743658870458603], [30, 0.22232067584991455], [40, 0.057239413261413574], [50, 0.243061825633049], [60, 0.42550525069236755], [70, 0.06943826377391815], [80, 0.07604648172855377], [90, 0.2282802164554596], [100, 0.08652006834745407], [110, 0.08287565410137177], [120, 0.032702524214982986], [130, 0.1113911122083664], [140, 0.01977275125682354], [150, 0.05536627769470215], [160, 0.10228066891431808], [170, 0.1594979166984558], [180, 0.13018867373466492], [190, 0.019522037357091904], [200, 0.13035456836223602], [210, 0.17997418344020844], [220, 0.0758289024233818], [230, 0.11981602758169174], [240, 0.07641185820102692], [250, 0.21092593669891357], [260, 0.11567826569080353], [270, 0.10101722925901413], [280, 0.010578028857707977], [290, 0.11911548674106598], [300, 0.07685898244380951], [310, 0.07992380857467651], [320, 0.029854169115424156], [330, 0.16169697046279907], [340, 0.0654124915599823], [350, 0.313393771648407], [360, 0.019738808274269104], [370, 0.07400776445865631], [380, 0.005953160114586353], [390, 0.17819254100322723], [400, 0.06972239911556244], [410, 0.03591861575841904], [420, 0.009063830599188805], [430, 0.09394222497940063], [440, 0.037109214812517166], [450, 0.008799463510513306], [460, 0.006429918110370636], [470, 0.039534687995910645], [480, 0.029030494391918182], [490, 0.06094447895884514], [500, 0.09748849272727966], [510, 0.037761032581329346], [520, 0.06350807100534439], [530, 0.016402468085289], [540, 0.005001552868634462], [550, 0.02965058945119381], [560, 0.06755732744932175], [570, 0.01933983340859413], [580, 0.007410325109958649], [590, 0.052889153361320496], [600, 0.028283406049013138], [610, 0.06862953305244446], [620, 0.07610514014959335], [630, 0.04891723394393921], [640, 0.023111451417207718], [650, 0.009623958729207516], [660, 0.044475656002759933], [670, 0.09131454676389694], [680, 0.0806538462638855], [690, 0.009355875663459301], [700, 0.05140402913093567], [710, 0.10715308785438538], [720, 0.039865899831056595], [730, 0.13285622000694275], [740, 0.051169149577617645], [750, 0.004219983704388142], [760, 0.022467290982604027], [770, 0.003925694618374109], [780, 0.0047265938483178616], [790, 0.11157268285751343], [800, 0.3076811730861664], [810, 0.11024077236652374], [820, 0.13498950004577637], [830, 0.22854256629943848], [840, 0.03347932919859886], [850, 0.1012844443321228], [860, 0.11347655951976776], [870, 0.19042456150054932], [880, 0.07218971848487854], [890, 0.06199005991220474], [900, 0.13052783906459808], [910, 0.03495971858501434], [920, 0.058241210877895355], [930, 0.05810852348804474], [940, 0.025937777012586594], [950, 0.12318424880504608], [960, 0.04341442510485649], [970, 0.09653139114379883], [980, 0.02702593430876732], [990, 0.06438305974006653], [1000, 0.1268324851989746], [1010, 0.002384847728535533], [1020, 0.1223079189658165], [1030, 0.00907051470130682], [1040, 0.013216596096754074], [1050, 0.13550704717636108], [1060, 0.028376352041959763], [1070, 0.03187612071633339], [1080, 0.15384486317634583], [1090, 0.0436868816614151], [1100, 0.09414007514715195], [1110, 0.020871086046099663], [1120, 0.11793455481529236], [1130, 0.07166251540184021], [1140, 0.23391364514827728], [1150, 0.06084957346320152], [1160, 0.24361608922481537], [1170, 0.0345686599612236], [1180, 0.1983969509601593], [1190, 0.006362074054777622], [1200, 0.01089635118842125], [1210, 0.1087278351187706], [1220, 0.04687770828604698], [1230, 0.0215593408793211], [1240, 0.02465997263789177], [1250, 0.033737704157829285], [1260, 0.12807685136795044], [1270, 0.19451221823692322], [1280, 0.026480846107006073], [1290, 0.01575532741844654], [1300, 0.027682766318321228], [1310, 0.001893659122288227], [1320, 0.08470439165830612], [1330, 0.0019795242697000504], [1340, 0.030576877295970917], [1350, 0.0664697214961052], [1360, 0.17465198040008545], [1370, 0.0060036941431462765], [1380, 0.004605030175298452], [1390, 0.08485784381628036], [1400, 0.2084866166114807], [1410, 0.009262665174901485], [1420, 0.0029342002235352993], [1430, 0.15532784163951874], [1440, 0.07049321383237839], [1450, 0.07309187203645706], [1460, 0.02989477477967739], [1470, 0.025235675275325775], [1480, 0.0018282275414094329], [1490, 0.031133364886045456], [1500, 0.12288762629032135], [1510, 0.02201295644044876], [1520, 0.023314138874411583], [1530, 0.013286838307976723], [1540, 0.023907413706183434], [1550, 0.05369539186358452], [1560, 0.07918242365121841], [1570, 0.01222214289009571], [1580, 0.0558740459382534], [1590, 0.029941968619823456], [1600, 0.023678690195083618], [1610, 0.03671642392873764], [1620, 0.035671647638082504], [1630, 0.002052443102002144], [1640, 0.19023673236370087], [1650, 0.04972139745950699], [1660, 0.037384383380413055], [1670, 0.04337814450263977], [1680, 0.012883147224783897], [1690, 0.0013577148783951998], [1700, 0.06045694649219513], [1710, 0.042841337621212006], [1720, 0.0013566960114985704], [1730, 0.029072269797325134], [1740, 0.0038278582505881786], [1750, 0.08874024450778961], [1760, 0.12927275896072388], [1770, 0.043315112590789795], [1780, 0.024395417422056198], [1790, 0.09375731647014618], [1800, 0.0020883260294795036], [1810, 0.004606451373547316], [1820, 0.09344734251499176], [1830, 0.048689212650060654], [1840, 0.015873167663812637], [1850, 0.0025830473750829697], [1860, 0.11207475513219833], [1870, 0.011423702351748943], [1880, 0.3510553240776062], [1890, 0.30138567090034485], [1900, 0.07650140672922134], [1910, 0.0015984269557520747], [1920, 0.15335482358932495], [1930, 0.08417755365371704], [1940, 0.013942433521151543], [1950, 0.026987751945853233], [1960, 0.026741135865449905], [1970, 0.003430382814258337], [1980, 0.017133569344878197], [1990, 0.07955244183540344], [2000, 0.005792056676000357], [2010, 0.10188021510839462], [2020, 0.024495622143149376], [2030, 0.1405458003282547], [2040, 0.10315334796905518], [2050, 0.01064772717654705], [2060, 0.047654420137405396], [2070, 0.0012408830225467682], [2080, 0.29283103346824646], [2090, 0.06062893196940422], [2100, 0.3996395766735077], [2110, 0.013537390157580376], [2120, 0.008976862765848637], [2130, 0.02471804991364479], [2140, 0.0080181285738945], [2150, 0.08029254525899887], [2160, 0.031216531991958618], [2170, 0.0618804395198822], [2180, 0.03390352427959442], [2190, 0.0013810055097565055], [2200, 0.07902746647596359], [2210, 0.016127940267324448], [2220, 0.02898009680211544], [2230, 0.028936296701431274], [2240, 0.05087841674685478], [2250, 0.09239405393600464], [2260, 0.02550637349486351], [2270, 0.018347708508372307], [2280, 0.1237068921327591], [2290, 0.09032802283763885], [2300, 0.05347802862524986], [2310, 0.054670460522174835], [2320, 0.07669171690940857], [2330, 0.19971251487731934], [2340, 0.08033007383346558]],