{"jigsaw": {"precision": 0.9147, "recall": 0.6288, "f1": 0.7452, "auc": 0.9829384318026926, "class_auc": {"toxicity": 0.9816439025632506, "severe_toxicity": 0.9891006055075128, "obscene": 0.989122502398847, "threat": 0.9671937722031985, "insult": 0.9839336622822873, "identity_attack": 0.9866361458610593}}, "secondary_neutral": {"precision": 0.9168, "recall": 0.5914, "f1": 0.7189, "auc": 0.9905051220453339, "class_auc": {"toxicity": 0.9859546892266876, "severe_toxicity": 0.9954430547985657, "obscene": 0.9986613391536799, "threat": 0.9761890440865246, "insult": 0.9939964690539281, "identity_attack": 0.9927861359526168}}, "secondary_positive": {"precision": 1.0, "recall": 0.8807, "f1": 0.9366, "fpr": 0, "tpr": 0.8807, "confusion_matrix": {"tp": 192, "fp": 0, "tn": 0, "fn": 26}}}