{"jigsaw": {"precision": 0.9061, "recall": 0.648, "f1": 0.7556, "auc": 0.9871786659862675, "class_auc": {"toxicity": 0.9842405159467504, "severe_toxicity": 0.990401671033079, "obscene": 0.990676805229544, "threat": 0.980744500135828, "insult": 0.985970086395578, "identity_attack": 0.9910384171768256}}, "secondary_neutral": {"precision": 0.9031, "recall": 0.7402, "f1": 0.8136, "auc": 0.9953754924121853, "class_auc": {"toxicity": 0.9906103580038121, "severe_toxicity": 0.9977962885254266, "obscene": 0.9986779040936301, "threat": 0.9934722315043775, "insult": 0.9967292445681609, "identity_attack": 0.9949669277777038}}, "secondary_positive": {"precision": 1.0, "recall": 0.2927, "f1": 0.4528, "fpr": 0, "tpr": 0.2927, "confusion_matrix": {"tp": 12, "fp": 0, "tn": 0, "fn": 29}}}