{"jigsaw": {"0.05": {"precision": 0.5416, "recall": 0.9899, "f1": 0.7001}, "0.1": {"precision": 0.639, "recall": 0.9628, "f1": 0.7682}, "0.15000000000000002": {"precision": 0.6917, "recall": 0.9324, "f1": 0.7942}, "0.2": {"precision": 0.7248, "recall": 0.8986, "f1": 0.8024}, "0.25": {"precision": 0.7444, "recall": 0.8953, "f1": 0.8129}, "0.30000000000000004": {"precision": 0.7722, "recall": 0.8818, "f1": 0.8233}, "0.35000000000000003": {"precision": 0.784, "recall": 0.8581, "f1": 0.8194}, "0.4": {"precision": 0.8026, "recall": 0.8378, "f1": 0.8198}, "0.45": {"precision": 0.8253, "recall": 0.8142, "f1": 0.8197}, "0.5": {"precision": 0.8453, "recall": 0.7939, "f1": 0.8188}, "0.55": {"precision": 0.855, "recall": 0.777, "f1": 0.8142}, "0.6000000000000001": {"precision": 0.8649, "recall": 0.7568, "f1": 0.8072}, "0.65": {"precision": 0.879, "recall": 0.7365, "f1": 0.8015}, "0.7000000000000001": {"precision": 0.8856, "recall": 0.7061, "f1": 0.7857}, "0.75": {"precision": 0.895, "recall": 0.6622, "f1": 0.7612}, "0.8": {"precision": 0.9086, "recall": 0.6047, "f1": 0.7262}, "0.8500000000000001": {"precision": 0.9213, "recall": 0.5541, "f1": 0.692}, "0.9": {"precision": 0.9317, "recall": 0.5068, "f1": 0.6565}, "0.9500000000000001": {"precision": 0.9636, "recall": 0.3581, "f1": 0.5222}}, "secondary_neutral": {"0.05": {"precision": 0.166, "recall": 0.9953, "f1": 0.2846}, "0.1": {"precision": 0.2008, "recall": 0.9763, "f1": 0.3331}, "0.15000000000000002": {"precision": 0.2152, "recall": 0.9526, "f1": 0.3511}, "0.2": {"precision": 0.2295, "recall": 0.9289, "f1": 0.3681}, "0.25": {"precision": 0.2409, "recall": 0.9052, "f1": 0.3805}, "0.30000000000000004": {"precision": 0.253, "recall": 0.891, "f1": 0.3941}, "0.35000000000000003": {"precision": 0.2564, "recall": 0.8483, "f1": 0.3938}, "0.4": {"precision": 0.2591, "recall": 0.8104, "f1": 0.3927}, "0.45": {"precision": 0.2627, "recall": 0.782, "f1": 0.3933}, "0.5": {"precision": 0.2717, "recall": 0.7725, "f1": 0.402}, "0.55": {"precision": 0.2766, "recall": 0.7393, "f1": 0.4026}, "0.6000000000000001": {"precision": 0.2795, "recall": 0.7062, "f1": 0.4005}, "0.65": {"precision": 0.2812, "recall": 0.673, "f1": 0.3966}, "0.7000000000000001": {"precision": 0.2851, "recall": 0.6351, "f1": 0.3935}, "0.75": {"precision": 0.2817, "recall": 0.5687, "f1": 0.3768}, "0.8": {"precision": 0.2778, "recall": 0.4976, "f1": 0.3565}, "0.8500000000000001": {"precision": 0.2896, "recall": 0.4502, "f1": 0.3525}, "0.9": {"precision": 0.3086, "recall": 0.3555, "f1": 0.3304}, "0.9500000000000001": {"precision": 0.3596, "recall": 0.1943, "f1": 0.2523}}, "secondary_positive": {"precision": 1.0, "recall": 0.932, "f1": 0.9648}}