{"jigsaw": {"0.05": {"precision": 0.6675, "recall": 0.9155, "f1": 0.7721}, "0.1": {"precision": 0.7021, "recall": 0.8919, "f1": 0.7857}, "0.15000000000000002": {"precision": 0.7318, "recall": 0.8851, "f1": 0.8012}, "0.2": {"precision": 0.7565, "recall": 0.8818, "f1": 0.8144}, "0.25": {"precision": 0.7685, "recall": 0.875, "f1": 0.8183}, "0.30000000000000004": {"precision": 0.7818, "recall": 0.8716, "f1": 0.8243}, "0.35000000000000003": {"precision": 0.7937, "recall": 0.8581, "f1": 0.8247}, "0.4": {"precision": 0.8071, "recall": 0.848, "f1": 0.827}, "0.45": {"precision": 0.8173, "recall": 0.8311, "f1": 0.8241}, "0.5": {"precision": 0.8339, "recall": 0.8142, "f1": 0.8239}, "0.55": {"precision": 0.8351, "recall": 0.8041, "f1": 0.8193}, "0.6000000000000001": {"precision": 0.8524, "recall": 0.7804, "f1": 0.8148}, "0.65": {"precision": 0.8692, "recall": 0.7635, "f1": 0.8129}, "0.7000000000000001": {"precision": 0.8795, "recall": 0.7399, "f1": 0.8037}, "0.75": {"precision": 0.8947, "recall": 0.6892, "f1": 0.7786}, "0.8": {"precision": 0.9087, "recall": 0.6385, "f1": 0.75}, "0.8500000000000001": {"precision": 0.9158, "recall": 0.5878, "f1": 0.716}, "0.9": {"precision": 0.9342, "recall": 0.4797, "f1": 0.6339}, "0.9500000000000001": {"precision": 0.9623, "recall": 0.3446, "f1": 0.5075}}, "secondary_neutral": {"0.05": {"precision": 0.238, "recall": 0.891, "f1": 0.3756}, "0.1": {"precision": 0.2566, "recall": 0.872, "f1": 0.3966}, "0.15000000000000002": {"precision": 0.2734, "recall": 0.8578, "f1": 0.4147}, "0.2": {"precision": 0.2832, "recall": 0.8389, "f1": 0.4234}, "0.25": {"precision": 0.2886, "recall": 0.8057, "f1": 0.425}, "0.30000000000000004": {"precision": 0.2968, "recall": 0.782, "f1": 0.4302}, "0.35000000000000003": {"precision": 0.3074, "recall": 0.7678, "f1": 0.439}, "0.4": {"precision": 0.3124, "recall": 0.7536, "f1": 0.4417}, "0.45": {"precision": 0.3204, "recall": 0.7441, "f1": 0.4479}, "0.5": {"precision": 0.3226, "recall": 0.7109, "f1": 0.4438}, "0.55": {"precision": 0.3208, "recall": 0.6872, "f1": 0.4374}, "0.6000000000000001": {"precision": 0.331, "recall": 0.6777, "f1": 0.4448}, "0.65": {"precision": 0.3253, "recall": 0.6398, "f1": 0.4313}, "0.7000000000000001": {"precision": 0.3282, "recall": 0.6019, "f1": 0.4247}, "0.75": {"precision": 0.3242, "recall": 0.5592, "f1": 0.4104}, "0.8": {"precision": 0.3423, "recall": 0.5403, "f1": 0.4191}, "0.8500000000000001": {"precision": 0.3433, "recall": 0.4882, "f1": 0.4031}, "0.9": {"precision": 0.356, "recall": 0.4218, "f1": 0.3861}, "0.9500000000000001": {"precision": 0.5, "recall": 0.2701, "f1": 0.3508}}, "secondary_positive": {"precision": 1.0, "recall": 0.8793, "f1": 0.9358}}