{"jigsaw": {"0.05": {"precision": 0.6038, "recall": 0.9628, "f1": 0.7422}, "0.1": {"precision": 0.6511, "recall": 0.9392, "f1": 0.769}, "0.15000000000000002": {"precision": 0.6849, "recall": 0.9324, "f1": 0.7897}, "0.2": {"precision": 0.6947, "recall": 0.9223, "f1": 0.7925}, "0.25": {"precision": 0.7189, "recall": 0.8986, "f1": 0.7988}, "0.30000000000000004": {"precision": 0.7245, "recall": 0.8885, "f1": 0.7982}, "0.35000000000000003": {"precision": 0.7373, "recall": 0.8818, "f1": 0.8031}, "0.4": {"precision": 0.7649, "recall": 0.8682, "f1": 0.8133}, "0.45": {"precision": 0.7841, "recall": 0.8345, "f1": 0.8085}, "0.5": {"precision": 0.8046, "recall": 0.8209, "f1": 0.8127}, "0.55": {"precision": 0.8166, "recall": 0.7973, "f1": 0.8068}, "0.6000000000000001": {"precision": 0.8375, "recall": 0.7838, "f1": 0.8098}, "0.65": {"precision": 0.8464, "recall": 0.7635, "f1": 0.8028}, "0.7000000000000001": {"precision": 0.8725, "recall": 0.7399, "f1": 0.8007}, "0.75": {"precision": 0.8952, "recall": 0.6926, "f1": 0.781}, "0.8": {"precision": 0.919, "recall": 0.652, "f1": 0.7628}, "0.8500000000000001": {"precision": 0.9418, "recall": 0.6014, "f1": 0.734}, "0.9": {"precision": 0.9464, "recall": 0.5372, "f1": 0.6853}, "0.9500000000000001": {"precision": 0.9549, "recall": 0.4291, "f1": 0.5921}}, "secondary_neutral": {"0.05": {"precision": 0.1933, "recall": 0.9289, "f1": 0.32}, "0.1": {"precision": 0.2075, "recall": 0.891, "f1": 0.3366}, "0.15000000000000002": {"precision": 0.2155, "recall": 0.872, "f1": 0.3455}, "0.2": {"precision": 0.2284, "recall": 0.8626, "f1": 0.3611}, "0.25": {"precision": 0.2342, "recall": 0.8436, "f1": 0.3666}, "0.30000000000000004": {"precision": 0.236, "recall": 0.8199, "f1": 0.3665}, "0.35000000000000003": {"precision": 0.2381, "recall": 0.8057, "f1": 0.3676}, "0.4": {"precision": 0.2439, "recall": 0.8009, "f1": 0.3739}, "0.45": {"precision": 0.2474, "recall": 0.7867, "f1": 0.3764}, "0.5": {"precision": 0.2515, "recall": 0.7773, "f1": 0.3801}, "0.55": {"precision": 0.2496, "recall": 0.7488, "f1": 0.3744}, "0.6000000000000001": {"precision": 0.2504, "recall": 0.7299, "f1": 0.3729}, "0.65": {"precision": 0.2538, "recall": 0.7156, "f1": 0.3747}, "0.7000000000000001": {"precision": 0.2509, "recall": 0.6825, "f1": 0.3669}, "0.75": {"precision": 0.2586, "recall": 0.6398, "f1": 0.3683}, "0.8": {"precision": 0.2669, "recall": 0.5972, "f1": 0.369}, "0.8500000000000001": {"precision": 0.277, "recall": 0.5355, "f1": 0.3651}, "0.9": {"precision": 0.2746, "recall": 0.436, "f1": 0.337}, "0.9500000000000001": {"precision": 0.2311, "recall": 0.2749, "f1": 0.2511}}, "secondary_positive": {"precision": 1.0, "recall": 0.9527, "f1": 0.9758}}