{
    "jigsaw": {
        "precision": 0.9099,
        "recall": 0.674,
        "f1": 0.7744,
        "auc": 0.9881118256932448,
        "class_auc": {
            "toxicity": 0.9879947296745034,
            "severe_toxicity": 0.9900218515056884,
            "obscene": 0.9919152748581458,
            "threat": 0.9810703705128698,
            "insult": 0.9874105428864093,
            "identity_attack": 0.9902581847218526
        }
    },
    "secondary_neutral": {
        "precision": 0.2694,
        "recall": 0.6326,
        "f1": 0.3778,
        "auc": 0.9019913387393727,
        "class_auc": {
            "toxicity": 0.9652498970118627,
            "severe_toxicity": 0.8025720328363014,
            "obscene": 0.9951077679752843,
            "threat": 0.7941108066564192,
            "insult": 0.8806279663532548,
            "identity_attack": 0.9742795616031132
        }
    },
    "secondary_positive": {
        "precision": 1.0,
        "recall": 0.9275,
        "f1": 0.9624
    }
}