{"jigsaw": {"0.05": {"precision": 0.6037, "recall": 0.9831, "f1": 0.7481}, "0.1": {"precision": 0.6843, "recall": 0.9595, "f1": 0.7989}, "0.15000000000000002": {"precision": 0.7432, "recall": 0.9189, "f1": 0.8218}, "0.2": {"precision": 0.7748, "recall": 0.8716, "f1": 0.8203}, "0.25": {"precision": 0.8065, "recall": 0.8446, "f1": 0.8251}, "0.30000000000000004": {"precision": 0.8393, "recall": 0.7939, "f1": 0.816}, "0.35000000000000003": {"precision": 0.8582, "recall": 0.777, "f1": 0.8156}, "0.4": {"precision": 0.8664, "recall": 0.723, "f1": 0.7882}, "0.45": {"precision": 0.8782, "recall": 0.7061, "f1": 0.7828}, "0.5": {"precision": 0.8811, "recall": 0.6757, "f1": 0.7648}, "0.55": {"precision": 0.8863, "recall": 0.6318, "f1": 0.7377}, "0.6000000000000001": {"precision": 0.9176, "recall": 0.5642, "f1": 0.6987}, "0.65": {"precision": 0.9349, "recall": 0.5338, "f1": 0.6796}, "0.7000000000000001": {"precision": 0.9671, "recall": 0.4966, "f1": 0.6562}, "0.75": {"precision": 0.9773, "recall": 0.4358, "f1": 0.6028}, "0.8": {"precision": 0.9818, "recall": 0.3649, "f1": 0.532}, "0.8500000000000001": {"precision": 0.9878, "recall": 0.2736, "f1": 0.4286}, "0.9": {"precision": 0.9844, "recall": 0.2128, "f1": 0.35}, "0.9500000000000001": {"precision": 1.0, "recall": 0.1486, "f1": 0.2588}}, "secondary_neutral": {"0.05": {"precision": 0.1366, "recall": 0.9905, "f1": 0.2401}, "0.1": {"precision": 0.1551, "recall": 0.9289, "f1": 0.2658}, "0.15000000000000002": {"precision": 0.1629, "recall": 0.8768, "f1": 0.2747}, "0.2": {"precision": 0.1701, "recall": 0.8246, "f1": 0.282}, "0.25": {"precision": 0.1712, "recall": 0.7536, "f1": 0.2789}, "0.30000000000000004": {"precision": 0.1806, "recall": 0.7156, "f1": 0.2884}, "0.35000000000000003": {"precision": 0.1897, "recall": 0.6825, "f1": 0.2969}, "0.4": {"precision": 0.2039, "recall": 0.6445, "f1": 0.3098}, "0.45": {"precision": 0.226, "recall": 0.6351, "f1": 0.3333}, "0.5": {"precision": 0.2334, "recall": 0.5829, "f1": 0.3333}, "0.55": {"precision": 0.2463, "recall": 0.5545, "f1": 0.3411}, "0.6000000000000001": {"precision": 0.256, "recall": 0.5024, "f1": 0.3392}, "0.65": {"precision": 0.2693, "recall": 0.4787, "f1": 0.3447}, "0.7000000000000001": {"precision": 0.2644, "recall": 0.436, "f1": 0.3292}, "0.75": {"precision": 0.245, "recall": 0.3507, "f1": 0.2885}, "0.8": {"precision": 0.2481, "recall": 0.3033, "f1": 0.2729}, "0.8500000000000001": {"precision": 0.2296, "recall": 0.2133, "f1": 0.2211}, "0.9": {"precision": 0.2143, "recall": 0.128, "f1": 0.1602}, "0.9500000000000001": {"precision": 0.1562, "recall": 0.0474, "f1": 0.0727}}, "secondary_positive": {"precision": 1.0, "recall": 0.8903, "f1": 0.942}}