{"jigsaw": {"0.05": {"precision": 0.5528, "recall": 0.9899, "f1": 0.7094}, "0.1": {"precision": 0.6134, "recall": 0.9865, "f1": 0.7565}, "0.15000000000000002": {"precision": 0.6567, "recall": 0.9628, "f1": 0.7808}, "0.2": {"precision": 0.7136, "recall": 0.9426, "f1": 0.8122}, "0.25": {"precision": 0.7514, "recall": 0.9088, "f1": 0.8226}, "0.30000000000000004": {"precision": 0.784, "recall": 0.8953, "f1": 0.836}, "0.35000000000000003": {"precision": 0.7969, "recall": 0.8615, "f1": 0.8279}, "0.4": {"precision": 0.8131, "recall": 0.8378, "f1": 0.8253}, "0.45": {"precision": 0.8386, "recall": 0.8074, "f1": 0.8227}, "0.5": {"precision": 0.8566, "recall": 0.7669, "f1": 0.8093}, "0.55": {"precision": 0.8816, "recall": 0.7297, "f1": 0.7985}, "0.6000000000000001": {"precision": 0.8947, "recall": 0.6892, "f1": 0.7786}, "0.65": {"precision": 0.8991, "recall": 0.6622, "f1": 0.7626}, "0.7000000000000001": {"precision": 0.9113, "recall": 0.625, "f1": 0.7415}, "0.75": {"precision": 0.9259, "recall": 0.5912, "f1": 0.7216}, "0.8": {"precision": 0.9326, "recall": 0.5608, "f1": 0.7004}, "0.8500000000000001": {"precision": 0.9371, "recall": 0.5034, "f1": 0.6549}, "0.9": {"precision": 0.9528, "recall": 0.4088, "f1": 0.5721}, "0.9500000000000001": {"precision": 1.0, "recall": 0.3243, "f1": 0.4898}}, "secondary_neutral": {"0.05": {"precision": 0.1798, "recall": 0.9858, "f1": 0.3041}, "0.1": {"precision": 0.2181, "recall": 0.9384, "f1": 0.3539}, "0.15000000000000002": {"precision": 0.2419, "recall": 0.9147, "f1": 0.3826}, "0.2": {"precision": 0.2535, "recall": 0.8578, "f1": 0.3914}, "0.25": {"precision": 0.2685, "recall": 0.8436, "f1": 0.4073}, "0.30000000000000004": {"precision": 0.2766, "recall": 0.8246, "f1": 0.4143}, "0.35000000000000003": {"precision": 0.2862, "recall": 0.7962, "f1": 0.4211}, "0.4": {"precision": 0.296, "recall": 0.763, "f1": 0.4265}, "0.45": {"precision": 0.299, "recall": 0.7156, "f1": 0.4218}, "0.5": {"precision": 0.2966, "recall": 0.6635, "f1": 0.41}, "0.55": {"precision": 0.3054, "recall": 0.6398, "f1": 0.4135}, "0.6000000000000001": {"precision": 0.3005, "recall": 0.5782, "f1": 0.3955}, "0.65": {"precision": 0.2929, "recall": 0.5261, "f1": 0.3763}, "0.7000000000000001": {"precision": 0.2948, "recall": 0.5071, "f1": 0.3728}, "0.75": {"precision": 0.2976, "recall": 0.4739, "f1": 0.3656}, "0.8": {"precision": 0.3014, "recall": 0.4171, "f1": 0.3499}, "0.8500000000000001": {"precision": 0.3462, "recall": 0.3839, "f1": 0.364}, "0.9": {"precision": 0.4733, "recall": 0.3365, "f1": 0.3934}, "0.9500000000000001": {"precision": 0.4156, "recall": 0.1517, "f1": 0.2222}}, "secondary_positive": {"precision": 1.0, "recall": 0.8827, "f1": 0.9377}}