{"jigsaw": {"0.05": {"precision": 0.5613, "recall": 0.9899, "f1": 0.7164}, "0.1": {"precision": 0.6234, "recall": 0.973, "f1": 0.7599}, "0.15000000000000002": {"precision": 0.6566, "recall": 0.9561, "f1": 0.7785}, "0.2": {"precision": 0.6977, "recall": 0.9358, "f1": 0.7994}, "0.25": {"precision": 0.7246, "recall": 0.9155, "f1": 0.809}, "0.30000000000000004": {"precision": 0.7586, "recall": 0.8919, "f1": 0.8199}, "0.35000000000000003": {"precision": 0.7758, "recall": 0.8649, "f1": 0.8179}, "0.4": {"precision": 0.8146, "recall": 0.8311, "f1": 0.8227}, "0.45": {"precision": 0.8362, "recall": 0.8108, "f1": 0.8233}, "0.5": {"precision": 0.8459, "recall": 0.7601, "f1": 0.8007}, "0.55": {"precision": 0.8653, "recall": 0.7162, "f1": 0.7837}, "0.6000000000000001": {"precision": 0.8869, "recall": 0.6622, "f1": 0.7582}, "0.65": {"precision": 0.8957, "recall": 0.6385, "f1": 0.7456}, "0.7000000000000001": {"precision": 0.9167, "recall": 0.5946, "f1": 0.7213}, "0.75": {"precision": 0.9266, "recall": 0.5541, "f1": 0.6934}, "0.8": {"precision": 0.9367, "recall": 0.5, "f1": 0.652}, "0.8500000000000001": {"precision": 0.9433, "recall": 0.4493, "f1": 0.6087}, "0.9": {"precision": 0.9739, "recall": 0.3784, "f1": 0.545}, "0.9500000000000001": {"precision": 1.0, "recall": 0.2703, "f1": 0.4255}}, "secondary_neutral": {"0.05": {"precision": 0.1793, "recall": 0.9431, "f1": 0.3013}, "0.1": {"precision": 0.1931, "recall": 0.9336, "f1": 0.3201}, "0.15000000000000002": {"precision": 0.1981, "recall": 0.8957, "f1": 0.3245}, "0.2": {"precision": 0.2069, "recall": 0.8768, "f1": 0.3348}, "0.25": {"precision": 0.2187, "recall": 0.8768, "f1": 0.35}, "0.30000000000000004": {"precision": 0.225, "recall": 0.8531, "f1": 0.3561}, "0.35000000000000003": {"precision": 0.231, "recall": 0.8341, "f1": 0.3618}, "0.4": {"precision": 0.2416, "recall": 0.8152, "f1": 0.3727}, "0.45": {"precision": 0.2446, "recall": 0.7583, "f1": 0.3699}, "0.5": {"precision": 0.2484, "recall": 0.7204, "f1": 0.3694}, "0.55": {"precision": 0.25, "recall": 0.6825, "f1": 0.3659}, "0.6000000000000001": {"precision": 0.2458, "recall": 0.6209, "f1": 0.3522}, "0.65": {"precision": 0.2429, "recall": 0.564, "f1": 0.3395}, "0.7000000000000001": {"precision": 0.25, "recall": 0.5166, "f1": 0.3369}, "0.75": {"precision": 0.2619, "recall": 0.4692, "f1": 0.3362}, "0.8": {"precision": 0.2896, "recall": 0.4076, "f1": 0.3386}, "0.8500000000000001": {"precision": 0.3281, "recall": 0.2986, "f1": 0.3127}, "0.9": {"precision": 0.3564, "recall": 0.1706, "f1": 0.2308}, "0.9500000000000001": {"precision": 0.5385, "recall": 0.0995, "f1": 0.168}}, "secondary_positive": {"precision": 1.0, "recall": 0.918, "f1": 0.9572}}