{"jigsaw": {"0.05": {"precision": 0.6505, "recall": 0.9493, "f1": 0.772}, "0.1": {"precision": 0.6892, "recall": 0.9291, "f1": 0.7914}, "0.15000000000000002": {"precision": 0.7098, "recall": 0.9088, "f1": 0.797}, "0.2": {"precision": 0.7182, "recall": 0.8953, "f1": 0.797}, "0.25": {"precision": 0.7346, "recall": 0.8885, "f1": 0.8043}, "0.30000000000000004": {"precision": 0.7449, "recall": 0.8682, "f1": 0.8019}, "0.35000000000000003": {"precision": 0.7507, "recall": 0.8547, "f1": 0.7994}, "0.4": {"precision": 0.7723, "recall": 0.848, "f1": 0.8084}, "0.45": {"precision": 0.7806, "recall": 0.8412, "f1": 0.8098}, "0.5": {"precision": 0.7883, "recall": 0.8176, "f1": 0.8027}, "0.55": {"precision": 0.8027, "recall": 0.7973, "f1": 0.8}, "0.6000000000000001": {"precision": 0.8214, "recall": 0.777, "f1": 0.7986}, "0.65": {"precision": 0.8296, "recall": 0.7568, "f1": 0.7915}, "0.7000000000000001": {"precision": 0.8365, "recall": 0.7432, "f1": 0.7871}, "0.75": {"precision": 0.84, "recall": 0.7095, "f1": 0.7692}, "0.8": {"precision": 0.8553, "recall": 0.6791, "f1": 0.7571}, "0.8500000000000001": {"precision": 0.8905, "recall": 0.6318, "f1": 0.7391}, "0.9": {"precision": 0.9213, "recall": 0.5541, "f1": 0.692}, "0.9500000000000001": {"precision": 0.9394, "recall": 0.4189, "f1": 0.5794}}, "secondary_neutral": {"0.05": {"precision": 0.2189, "recall": 0.9242, "f1": 0.3539}, "0.1": {"precision": 0.2301, "recall": 0.8768, "f1": 0.3645}, "0.15000000000000002": {"precision": 0.2405, "recall": 0.8436, "f1": 0.3743}, "0.2": {"precision": 0.2457, "recall": 0.8152, "f1": 0.3776}, "0.25": {"precision": 0.2485, "recall": 0.7915, "f1": 0.3783}, "0.30000000000000004": {"precision": 0.2504, "recall": 0.7678, "f1": 0.3776}, "0.35000000000000003": {"precision": 0.254, "recall": 0.7488, "f1": 0.3794}, "0.4": {"precision": 0.2579, "recall": 0.7346, "f1": 0.3818}, "0.45": {"precision": 0.2573, "recall": 0.7109, "f1": 0.3778}, "0.5": {"precision": 0.2621, "recall": 0.6919, "f1": 0.3802}, "0.55": {"precision": 0.2674, "recall": 0.673, "f1": 0.3827}, "0.6000000000000001": {"precision": 0.2742, "recall": 0.6588, "f1": 0.3872}, "0.65": {"precision": 0.2773, "recall": 0.6493, "f1": 0.3887}, "0.7000000000000001": {"precision": 0.2759, "recall": 0.6303, "f1": 0.3838}, "0.75": {"precision": 0.2727, "recall": 0.5972, "f1": 0.3744}, "0.8": {"precision": 0.2733, "recall": 0.5687, "f1": 0.3692}, "0.8500000000000001": {"precision": 0.2864, "recall": 0.5498, "f1": 0.3766}, "0.9": {"precision": 0.2951, "recall": 0.4882, "f1": 0.3679}, "0.9500000000000001": {"precision": 0.3187, "recall": 0.4123, "f1": 0.3595}}, "secondary_positive": {"precision": 1.0, "recall": 0.9253, "f1": 0.9612}}