{"jigsaw": {"0.05": {"precision": 0.6923, "recall": 0.9426, "f1": 0.7983}, "0.1": {"precision": 0.7193, "recall": 0.9088, "f1": 0.803}, "0.15000000000000002": {"precision": 0.7401, "recall": 0.8851, "f1": 0.8062}, "0.2": {"precision": 0.7581, "recall": 0.8682, "f1": 0.8094}, "0.25": {"precision": 0.7788, "recall": 0.8446, "f1": 0.8104}, "0.30000000000000004": {"precision": 0.8013, "recall": 0.8311, "f1": 0.8159}, "0.35000000000000003": {"precision": 0.8095, "recall": 0.8041, "f1": 0.8068}, "0.4": {"precision": 0.8211, "recall": 0.7905, "f1": 0.8055}, "0.45": {"precision": 0.8242, "recall": 0.7601, "f1": 0.7909}, "0.5": {"precision": 0.8429, "recall": 0.7432, "f1": 0.7899}, "0.55": {"precision": 0.8474, "recall": 0.7128, "f1": 0.7743}, "0.6000000000000001": {"precision": 0.8636, "recall": 0.7061, "f1": 0.777}, "0.65": {"precision": 0.8684, "recall": 0.6689, "f1": 0.7557}, "0.7000000000000001": {"precision": 0.8957, "recall": 0.6385, "f1": 0.7456}, "0.75": {"precision": 0.9067, "recall": 0.5912, "f1": 0.7157}, "0.8": {"precision": 0.9191, "recall": 0.5372, "f1": 0.678}, "0.8500000000000001": {"precision": 0.9363, "recall": 0.4966, "f1": 0.649}, "0.9": {"precision": 0.9531, "recall": 0.4122, "f1": 0.5755}, "0.9500000000000001": {"precision": 0.9787, "recall": 0.3108, "f1": 0.4718}}, "secondary_neutral": {"0.05": {"precision": 0.1732, "recall": 0.9479, "f1": 0.2928}, "0.1": {"precision": 0.1887, "recall": 0.9147, "f1": 0.3128}, "0.15000000000000002": {"precision": 0.1979, "recall": 0.8815, "f1": 0.3232}, "0.2": {"precision": 0.2016, "recall": 0.8483, "f1": 0.3258}, "0.25": {"precision": 0.2083, "recall": 0.8294, "f1": 0.333}, "0.30000000000000004": {"precision": 0.213, "recall": 0.8104, "f1": 0.3373}, "0.35000000000000003": {"precision": 0.2136, "recall": 0.7725, "f1": 0.3347}, "0.4": {"precision": 0.2205, "recall": 0.7536, "f1": 0.3412}, "0.45": {"precision": 0.2279, "recall": 0.7346, "f1": 0.3479}, "0.5": {"precision": 0.2293, "recall": 0.6967, "f1": 0.3451}, "0.55": {"precision": 0.2314, "recall": 0.6493, "f1": 0.3412}, "0.6000000000000001": {"precision": 0.2472, "recall": 0.6303, "f1": 0.3551}, "0.65": {"precision": 0.2587, "recall": 0.5972, "f1": 0.361}, "0.7000000000000001": {"precision": 0.2705, "recall": 0.5782, "f1": 0.3686}, "0.75": {"precision": 0.2712, "recall": 0.5308, "f1": 0.359}, "0.8": {"precision": 0.267, "recall": 0.4645, "f1": 0.3391}, "0.8500000000000001": {"precision": 0.2909, "recall": 0.3791, "f1": 0.3292}, "0.9": {"precision": 0.3539, "recall": 0.2986, "f1": 0.3239}, "0.9500000000000001": {"precision": 0.8049, "recall": 0.1564, "f1": 0.2619}}, "secondary_positive": {"precision": 1.0, "recall": 0.9287, "f1": 0.963}}