{"jigsaw": {"0.05": {"precision": 0.6004, "recall": 0.9696, "f1": 0.7416}, "0.1": {"precision": 0.6278, "recall": 0.9628, "f1": 0.76}, "0.15000000000000002": {"precision": 0.6527, "recall": 0.9459, "f1": 0.7724}, "0.2": {"precision": 0.6731, "recall": 0.9392, "f1": 0.7842}, "0.25": {"precision": 0.696, "recall": 0.9358, "f1": 0.7983}, "0.30000000000000004": {"precision": 0.7065, "recall": 0.9189, "f1": 0.7988}, "0.35000000000000003": {"precision": 0.7181, "recall": 0.9122, "f1": 0.8036}, "0.4": {"precision": 0.7326, "recall": 0.8885, "f1": 0.8031}, "0.45": {"precision": 0.7464, "recall": 0.875, "f1": 0.8056}, "0.5": {"precision": 0.7658, "recall": 0.8615, "f1": 0.8108}, "0.55": {"precision": 0.7823, "recall": 0.8378, "f1": 0.8091}, "0.6000000000000001": {"precision": 0.7896, "recall": 0.8243, "f1": 0.8066}, "0.65": {"precision": 0.8041, "recall": 0.8041, "f1": 0.8041}, "0.7000000000000001": {"precision": 0.8267, "recall": 0.7736, "f1": 0.7993}, "0.75": {"precision": 0.8352, "recall": 0.7365, "f1": 0.7828}, "0.8": {"precision": 0.8506, "recall": 0.6926, "f1": 0.7635}, "0.8500000000000001": {"precision": 0.8925, "recall": 0.6453, "f1": 0.749}, "0.9": {"precision": 0.9071, "recall": 0.5608, "f1": 0.6931}, "0.9500000000000001": {"precision": 0.9496, "recall": 0.4459, "f1": 0.6069}}, "secondary_neutral": {"0.05": {"precision": 0.2056, "recall": 0.9668, "f1": 0.3392}, "0.1": {"precision": 0.2292, "recall": 0.9384, "f1": 0.3684}, "0.15000000000000002": {"precision": 0.2506, "recall": 0.9194, "f1": 0.3939}, "0.2": {"precision": 0.2638, "recall": 0.8863, "f1": 0.4065}, "0.25": {"precision": 0.2822, "recall": 0.8815, "f1": 0.4276}, "0.30000000000000004": {"precision": 0.299, "recall": 0.8389, "f1": 0.4408}, "0.35000000000000003": {"precision": 0.3176, "recall": 0.8294, "f1": 0.4593}, "0.4": {"precision": 0.3314, "recall": 0.8057, "f1": 0.4696}, "0.45": {"precision": 0.3459, "recall": 0.782, "f1": 0.4797}, "0.5": {"precision": 0.3506, "recall": 0.7393, "f1": 0.4756}, "0.55": {"precision": 0.3603, "recall": 0.6967, "f1": 0.475}, "0.6000000000000001": {"precision": 0.3711, "recall": 0.6682, "f1": 0.4772}, "0.65": {"precision": 0.3868, "recall": 0.6398, "f1": 0.4821}, "0.7000000000000001": {"precision": 0.3921, "recall": 0.6114, "f1": 0.4778}, "0.75": {"precision": 0.3955, "recall": 0.5829, "f1": 0.4713}, "0.8": {"precision": 0.4034, "recall": 0.5545, "f1": 0.4671}, "0.8500000000000001": {"precision": 0.4122, "recall": 0.4787, "f1": 0.443}, "0.9": {"precision": 0.4421, "recall": 0.3981, "f1": 0.419}, "0.9500000000000001": {"precision": 0.437, "recall": 0.2464, "f1": 0.3152}}, "secondary_positive": {"precision": 1.0, "recall": 0.7693, "f1": 0.8696}}