{"jigsaw": {"0.05": {"precision": 0.6204, "recall": 0.9662, "f1": 0.7556}, "0.1": {"precision": 0.6549, "recall": 0.9426, "f1": 0.7729}, "0.15000000000000002": {"precision": 0.6904, "recall": 0.9189, "f1": 0.7884}, "0.2": {"precision": 0.7335, "recall": 0.902, "f1": 0.8091}, "0.25": {"precision": 0.7604, "recall": 0.8682, "f1": 0.8107}, "0.30000000000000004": {"precision": 0.7857, "recall": 0.8547, "f1": 0.8188}, "0.35000000000000003": {"precision": 0.7955, "recall": 0.8277, "f1": 0.8113}, "0.4": {"precision": 0.8153, "recall": 0.7905, "f1": 0.8027}, "0.45": {"precision": 0.8419, "recall": 0.7736, "f1": 0.8063}, "0.5": {"precision": 0.8544, "recall": 0.7534, "f1": 0.8007}, "0.55": {"precision": 0.8785, "recall": 0.7331, "f1": 0.7993}, "0.6000000000000001": {"precision": 0.8922, "recall": 0.6993, "f1": 0.7841}, "0.65": {"precision": 0.9151, "recall": 0.6554, "f1": 0.7638}, "0.7000000000000001": {"precision": 0.9119, "recall": 0.5946, "f1": 0.7198}, "0.75": {"precision": 0.9337, "recall": 0.5236, "f1": 0.671}, "0.8": {"precision": 0.963, "recall": 0.4392, "f1": 0.6032}, "0.8500000000000001": {"precision": 0.9722, "recall": 0.3547, "f1": 0.5198}, "0.9": {"precision": 0.9767, "recall": 0.2838, "f1": 0.4398}, "0.9500000000000001": {"precision": 1.0, "recall": 0.1824, "f1": 0.3086}}, "secondary_neutral": {"0.05": {"precision": 0.1402, "recall": 0.981, "f1": 0.2454}, "0.1": {"precision": 0.1587, "recall": 0.9431, "f1": 0.2717}, "0.15000000000000002": {"precision": 0.1726, "recall": 0.891, "f1": 0.2892}, "0.2": {"precision": 0.184, "recall": 0.8626, "f1": 0.3033}, "0.25": {"precision": 0.1911, "recall": 0.8341, "f1": 0.311}, "0.30000000000000004": {"precision": 0.2045, "recall": 0.8104, "f1": 0.3266}, "0.35000000000000003": {"precision": 0.2151, "recall": 0.782, "f1": 0.3374}, "0.4": {"precision": 0.2216, "recall": 0.7393, "f1": 0.341}, "0.45": {"precision": 0.2237, "recall": 0.6967, "f1": 0.3387}, "0.5": {"precision": 0.2278, "recall": 0.6682, "f1": 0.3398}, "0.55": {"precision": 0.2275, "recall": 0.6351, "f1": 0.335}, "0.6000000000000001": {"precision": 0.2256, "recall": 0.5924, "f1": 0.3268}, "0.65": {"precision": 0.2271, "recall": 0.5403, "f1": 0.3198}, "0.7000000000000001": {"precision": 0.2301, "recall": 0.5071, "f1": 0.3166}, "0.75": {"precision": 0.2373, "recall": 0.4645, "f1": 0.3141}, "0.8": {"precision": 0.2432, "recall": 0.4218, "f1": 0.3085}, "0.8500000000000001": {"precision": 0.2567, "recall": 0.3649, "f1": 0.3014}, "0.9": {"precision": 0.2029, "recall": 0.1991, "f1": 0.201}, "0.9500000000000001": {"precision": 0.1181, "recall": 0.0711, "f1": 0.0888}}, "secondary_positive": {"precision": 1.0, "recall": 0.9387, "f1": 0.9684}}