{"jigsaw": {"precision": 0.9055, "recall": 0.6735, "f1": 0.7725, "auc": 0.9850396890731196, "class_auc": {"toxicity": 0.9821973762924532, "severe_toxicity": 0.9909960302593879, "obscene": 0.9902515089595875, "threat": 0.9745004972583748, "insult": 0.9851623871821785, "identity_attack": 0.9871303344867359}}, "secondary_neutral": {"precision": 0.9763, "recall": 0.3718, "f1": 0.5385, "auc": 0.9846025795889802, "class_auc": {"toxicity": 0.9709429855846968, "severe_toxicity": 0.9976087158075032, "obscene": 0.9968572008401212, "threat": 0.9772954398627726, "insult": 0.9928169867743035, "identity_attack": 0.9720941486644846}}, "secondary_positive": {"precision": 0, "recall": 0.0, "f1": 0, "fpr": 0, "tpr": 0.0, "confusion_matrix": {"tp": 0, "fp": 0, "tn": 0, "fn": 5405}}}