{"num_epochs": 1, "loss": [[0, 0.7841338515281677], [10, 0.5009645223617554], [20, 0.3644739091396332], [30, 0.26445335149765015], [40, 0.147785484790802], [50, 0.239974707365036], [60, 0.06890745460987091], [70, 0.19220182299613953], [80, 0.10561838001012802], [90, 0.1644829511642456], [100, 0.12564139068126678], [110, 0.04861222952604294], [120, 0.07882070541381836], [130, 0.044898681342601776], [140, 0.26496028900146484], [150, 0.16772794723510742], [160, 0.3568859100341797], [170, 0.05570540949702263], [180, 0.11359784007072449], [190, 0.17141073942184448], [200, 0.26958057284355164], [210, 0.28019726276397705], [220, 0.024176498875021935], [230, 0.05676256865262985], [240, 0.3652852773666382], [250, 0.17514483630657196], [260, 0.050407372415065765], [270, 0.12669238448143005], [280, 0.039932288229465485], [290, 0.03864212706685066], [300, 0.036432817578315735], [310, 0.023855481296777725], [320, 0.015597145073115826], [330, 0.06218395754694939], [340, 0.13464221358299255], [350, 0.09438058733940125], [360, 0.31088316440582275], [370, 0.1388758420944214], [380, 0.11204832792282104], [390, 0.15866121649742126], [400, 0.12845057249069214], [410, 0.011188390664756298], [420, 0.06947989761829376], [430, 0.1034989058971405], [440, 0.12999556958675385], [450, 0.03309258818626404], [460, 0.08492176234722137], [470, 0.17380452156066895], [480, 0.006587005686014891], [490, 0.015550369396805763], [500, 0.007198955863714218], [510, 0.04711257666349411], [520, 0.23054754734039307], [530, 0.04975876957178116], [540, 0.17317664623260498], [550, 0.01620238646864891], [560, 0.10873672366142273], [570, 0.030170008540153503], [580, 0.010689645074307919], [590, 0.05695825070142746], [600, 0.00794319249689579], [610, 0.0929110050201416], [620, 0.023510996252298355], [630, 0.06373108923435211], [640, 0.052470266819000244], [650, 0.09694115817546844], [660, 0.1337040662765503], [670, 0.027488715946674347], [680, 0.048148013651371], [690, 0.035213060677051544], [700, 0.03395642340183258], [710, 0.008319398388266563], [720, 0.050963565707206726], [730, 0.007488129194825888], [740, 0.011675380170345306], [750, 0.07811559736728668], [760, 0.027289792895317078], [770, 0.005037449765950441], [780, 0.1619400680065155], [790, 0.07065203040838242], [800, 0.23893874883651733], [810, 0.004326566122472286], [820, 0.06602688878774643], [830, 0.01631670817732811], [840, 0.02496156096458435], [850, 0.35852882266044617], [860, 0.1189860925078392], [870, 0.007519303821027279], [880, 0.10171240568161011], [890, 0.10161986202001572], [900, 0.131559818983078], [910, 0.1431468278169632], [920, 0.08933975547552109], [930, 0.00489845871925354], [940, 0.08269552886486053], [950, 0.008375133387744427], [960, 0.02719619870185852], [970, 0.028122365474700928], [980, 0.06509222090244293], [990, 0.009778804145753384], [1000, 0.01413771416991949], [1010, 0.41143056750297546], [1020, 0.0037306693848222494], [1030, 0.12735381722450256], [1040, 0.13016776740550995], [1050, 0.03635113686323166], [1060, 0.04585326835513115], [1070, 0.006380892358720303], [1080, 0.0037503677885979414], [1090, 0.040636733174324036], [1100, 0.003931488376110792], [1110, 0.007801937870681286], [1120, 0.015944136306643486], [1130, 0.05331682786345482], [1140, 0.04092580825090408], [1150, 0.09416186064481735], [1160, 0.0036269929260015488], [1170, 0.08715537190437317], [1180, 0.09462802857160568], [1190, 0.00890171155333519], [1200, 0.0034126609098166227], [1210, 0.1315840780735016], [1220, 0.029593078419566154], [1230, 0.022083375602960587], [1240, 0.024134714156389236], [1250, 0.04200798273086548], [1260, 0.0068822442553937435], [1270, 0.07480184733867645], [1280, 0.023827707394957542], [1290, 0.05064823478460312], [1300, 0.08496084064245224], [1310, 0.010563723742961884], [1320, 0.047198422253131866], [1330, 0.04442434012889862], [1340, 0.05319630354642868], [1350, 0.06949064135551453], [1360, 0.013718458823859692], [1370, 0.2275823950767517], [1380, 0.012533476576209068], [1390, 0.07331114262342453], [1400, 0.062714584171772], [1410, 0.03838203847408295], [1420, 0.06481745094060898], [1430, 0.3714492917060852], [1440, 0.01482217013835907], [1450, 0.009605851955711842], [1460, 0.040736883878707886], [1470, 0.02760809287428856], [1480, 0.2854471206665039], [1490, 0.03366944566369057], [1500, 0.002930218819528818], [1510, 0.13291315734386444], [1520, 0.09380894899368286], [1530, 0.026012133806943893], [1540, 0.12804262340068817], [1550, 0.005945965182036161], [1560, 0.5423087477684021], [1570, 0.03611897677183151], [1580, 0.05506766960024834], [1590, 0.13325504958629608], [1600, 0.02580280601978302], [1610, 0.0018197770696133375], [1620, 0.007392335217446089], [1630, 0.025342702865600586], [1640, 0.007793842814862728], [1650, 0.03304316848516464], [1660, 0.04876404628157616], [1670, 0.002148071303963661], [1680, 0.09397115558385849], [1690, 0.04827074334025383], [1700, 0.003184590023010969], [1710, 0.03657079488039017], [1720, 0.0017789984121918678], [1730, 0.009816213510930538], [1740, 0.004758005496114492], [1750, 0.020195089280605316], [1760, 0.03246030956506729], [1770, 0.03067575767636299], [1780, 0.0035894482862204313], [1790, 0.07703890651464462], [1800, 0.04991934821009636], [1810, 0.00851486250758171], [1820, 0.2041717767715454], [1830, 0.08274082839488983], [1840, 0.07839065045118332], [1850, 0.004409189336001873], [1860, 0.02893514186143875], [1870, 0.011060578748583794], [1880, 0.06716018915176392], [1890, 0.00929291546344757], [1900, 0.04796537384390831], [1910, 0.017484985291957855], [1920, 0.09903471916913986], [1930, 0.0049148984253406525], [1940, 0.08387555927038193], [1950, 0.048300426453351974], [1960, 0.01906273141503334], [1970, 0.004250458441674709], [1980, 0.07527496665716171], [1990, 0.014716556295752525], [2000, 0.019131537526845932], [2010, 0.04829052835702896], [2020, 0.03662804514169693], [2030, 0.09407415241003036], [2040, 0.05974998697638512], [2050, 0.014775708317756653], [2060, 0.10817711800336838], [2070, 0.02250530570745468], [2080, 0.14857321977615356], [2090, 0.002616486046463251], [2100, 0.00644173426553607], [2110, 0.043356865644454956], [2120, 0.003468431532382965], [2130, 0.005606596823781729], [2140, 0.003189783077687025], [2150, 0.040253959596157074], [2160, 0.007847963832318783], [2170, 0.032290779054164886], [2180, 0.03275906294584274], [2190, 0.0015762972179800272], [2200, 0.0039088125340640545], [2210, 0.05760732293128967], [2220, 0.10902489721775055], [2230, 0.0064931875094771385], [2240, 0.1055087298154831], [2250, 0.023216813802719116], [2260, 0.001857781782746315], [2270, 0.19301572442054749], [2280, 0.021120809018611908], [2290, 0.026723917573690414], [2300, 0.06888124346733093], [2310, 0.037173159420490265], [2320, 0.1158878356218338], [2330, 0.1177171915769577], [2340, 0.01996462419629097], [2350, 0.039534907788038254], [2360, 0.03182391822338104], [2370, 0.09939397871494293], [2380, 0.011601272039115429], [2390, 0.05704376846551895], [2400, 0.09724652022123337], [2410, 0.04621930047869682], [2420, 0.12364833056926727], [2430, 0.20676711201667786], [2440, 0.0034203208051621914], [2450, 0.0034175280015915632], [2460, 0.15975992381572723], [2470, 0.02308148890733719], [2480, 0.02000526897609234], [2490, 0.02204476296901703], [2500, 0.11080887168645859], [2510, 0.013269602321088314], [2520, 0.08744589984416962], [2530, 0.018161801621317863], [2540, 0.005735756363719702], [2550, 0.024399470537900925], [2560, 0.03804876655340195], [2570, 0.0014575034147128463], [2580, 0.05690302699804306], [2590, 0.11647374927997589], [2600, 0.014651386067271233], [2610, 0.001577105838805437], [2620, 0.07052779197692871], [2630, 0.024863554164767265], [2640, 0.04762585461139679], [2650, 0.05802009254693985], [2660, 0.03704678267240524], [2670, 0.02552812173962593], [2680, 0.01224053930491209]],