{"num_epochs": 1, "loss": [[0, 0.791284441947937], [10, 0.3881416320800781], [20, 0.08155617117881775], [30, 0.206508070230484], [40, 0.055441759526729584], [50, 0.12729083001613617], [60, 0.285578191280365], [70, 0.09826616942882538], [80, 0.08558931946754456], [90, 0.23075979948043823], [100, 0.08166244626045227], [110, 0.07388010621070862], [120, 0.03173069655895233], [130, 0.10443007200956345], [140, 0.016541093587875366], [150, 0.05712305009365082], [160, 0.04205302521586418], [170, 0.09177941083908081], [180, 0.03047514520585537], [190, 0.01585906557738781], [200, 0.07914422452449799], [210, 0.19097575545310974], [220, 0.06519481539726257], [230, 0.11589520424604416], [240, 0.11585909128189087], [250, 0.16076868772506714], [260, 0.024892643094062805], [270, 0.021238742396235466], [280, 0.018623558804392815], [290, 0.20945487916469574], [300, 0.0849866271018982], [310, 0.06766117364168167], [320, 0.007315482944250107], [330, 0.1344740092754364], [340, 0.33203768730163574], [350, 0.06456462293863297], [360, 0.006768034305423498], [370, 0.03199230134487152], [380, 0.005227562040090561], [390, 0.11004292964935303], [400, 0.049764297902584076], [410, 0.03216012567281723], [420, 0.011626532301306725], [430, 0.08041614294052124], [440, 0.0330473929643631], [450, 0.007172209210693836], [460, 0.005370977334678173], [470, 0.08587666600942612], [480, 0.008788980543613434], [490, 0.013904440216720104], [500, 0.1217266172170639], [510, 0.03926188126206398], [520, 0.07564664632081985], [530, 0.003848029300570488], [540, 0.00511617586016655], [550, 0.027192670851945877], [560, 0.004560145549476147], [570, 0.009995443746447563], [580, 0.009521191008388996], [590, 0.047627612948417664], [600, 0.014900709502398968], [610, 0.031049367040395737], [620, 0.005693341605365276], [630, 0.021025821566581726], [640, 0.0042757438495755196], [650, 0.011297479271888733], [660, 0.08469714969396591], [670, 0.07356744259595871], [680, 0.10305450856685638], [690, 0.007817997597157955], [700, 0.05618962273001671], [710, 0.024537954479455948], [720, 0.04432641714811325], [730, 0.13312989473342896], [740, 0.032422520220279694], [750, 0.004102443344891071], [760, 0.06398767977952957], [770, 0.0034071847330778837], [780, 0.012572511099278927], [790, 0.01471530832350254], [800, 0.2516249418258667], [810, 0.02578798495233059], [820, 0.1539832204580307], [830, 0.1487817019224167], [840, 0.02806321531534195], [850, 0.05954742431640625], [860, 0.11047010123729706], [870, 0.13913899660110474], [880, 0.07440778613090515], [890, 0.0362621434032917], [900, 0.10097366571426392], [910, 0.030537202954292297], [920, 0.018833819776773453], [930, 0.002584296278655529], [940, 0.05010442063212395], [950, 0.10197573900222778], [960, 0.023132404312491417], [970, 0.06568825989961624], [980, 0.029957568272948265], [990, 0.004387039225548506], [1000, 0.002687656320631504], [1010, 0.0021782133262604475], [1020, 0.15468555688858032], [1030, 0.006399665959179401], [1040, 0.011592274531722069], [1050, 0.10863043367862701], [1060, 0.07048378884792328], [1070, 0.01568324863910675], [1080, 0.08805668354034424], [1090, 0.037575747817754745], [1100, 0.053024228662252426], [1110, 0.005271644797176123], [1120, 0.1404935121536255], [1130, 0.0528070330619812], [1140, 0.04691356420516968], [1150, 0.041623592376708984], [1160, 0.015372803434729576], [1170, 0.020091306418180466], [1180, 0.08578948676586151], [1190, 0.0027364999987185], [1200, 0.011149609461426735], [1210, 0.057808857411146164], [1220, 0.051253244280815125], [1230, 0.01179034635424614], [1240, 0.047752782702445984], [1250, 0.04263133928179741], [1260, 0.136949360370636], [1270, 0.09812774509191513], [1280, 0.03711038455367088], [1290, 0.0028344267047941685], [1300, 0.025275159627199173], [1310, 0.001457404112443328], [1320, 0.06708310544490814], [1330, 0.002161548472940922], [1340, 0.04241323471069336], [1350, 0.02143460512161255], [1360, 0.01103181391954422], [1370, 0.016611000522971153], [1380, 0.005788480397313833], [1390, 0.08120132982730865], [1400, 0.0604158416390419], [1410, 0.001491470611654222], [1420, 0.0017448909347876906], [1430, 0.09671293944120407], [1440, 0.10029494017362595], [1450, 0.19005559384822845], [1460, 0.022088920697569847], [1470, 0.009227978065609932], [1480, 0.0019013070268556476], [1490, 0.012406794354319572], [1500, 0.19669756293296814], [1510, 0.03023160807788372], [1520, 0.02003028243780136], [1530, 0.03884684294462204], [1540, 0.004499279428273439], [1550, 0.03759947419166565], [1560, 0.005143378861248493], [1570, 0.01610804907977581], [1580, 0.045989371836185455], [1590, 0.001650624442845583], [1600, 0.04564468562602997], [1610, 0.001514750299975276], [1620, 0.02639731578528881], [1630, 0.00335509330034256], [1640, 0.15397368371486664], [1650, 0.03728232532739639], [1660, 0.0046369703486561775], [1670, 0.0027869443874806166], [1680, 0.025642788037657738], [1690, 0.001639973372220993], [1700, 0.0015692035667598248], [1710, 0.0026748692616820335], [1720, 0.0012356685474514961], [1730, 0.020962020382285118], [1740, 0.006689141504466534], [1750, 0.09684044122695923], [1760, 0.11665582656860352], [1770, 0.05643574893474579], [1780, 0.030304115265607834], [1790, 0.04975125938653946], [1800, 0.0022407961077988148], [1810, 0.0023143466096371412], [1820, 0.09074819087982178], [1830, 0.03001902997493744], [1840, 0.002631476614624262], [1850, 0.0014271761756390333], [1860, 0.16170057654380798], [1870, 0.002283117501065135], [1880, 0.15458111464977264], [1890, 0.005233903881162405], [1900, 0.03847101330757141], [1910, 0.001323239877820015], [1920, 0.02570333145558834], [1930, 0.06917916983366013], [1940, 0.03759928047657013], [1950, 0.03060206025838852], [1960, 0.03520657867193222], [1970, 0.003573366440832615], [1980, 0.01882496103644371], [1990, 0.10457684844732285], [2000, 0.002462915610522032], [2010, 0.09022611379623413], [2020, 0.020001187920570374], [2030, 0.14259524643421173], [2040, 0.08115584403276443], [2050, 0.02560979500412941], [2060, 0.05206447094678879], [2070, 0.0010433814022690058], [2080, 0.03732525557279587], [2090, 0.06157882511615753], [2100, 0.005216924007982016], [2110, 0.029600072652101517], [2120, 0.005166877061128616], [2130, 0.021827390417456627], [2140, 0.007786247413605452], [2150, 0.05106060206890106], [2160, 0.037986960262060165], [2170, 0.06404930353164673], [2180, 0.0122471172362566], [2190, 0.0009133255807682872], [2200, 0.06837190687656403], [2210, 0.017376268282532692], [2220, 0.0012143035419285297], [2230, 0.01495338138192892], [2240, 0.033657535910606384], [2250, 0.010955813340842724], [2260, 0.02119900844991207], [2270, 0.020121915265917778], [2280, 0.03563401848077774], [2290, 0.09268933534622192], [2300, 0.018139993771910667], [2310, 0.0066153910011053085], [2320, 0.06509342789649963], [2330, 0.33244407176971436], [2340, 0.057510923594236374]],