{"num_epochs": 1, "loss": [[0, 0.7931529879570007], [10, 0.15625734627246857], [20, 0.07600118964910507], [30, 0.26781317591667175], [40, 0.050946541130542755], [50, 0.039172857999801636], [60, 0.10642462968826294], [70, 0.10505296289920807], [80, 0.06470105051994324], [90, 0.01985158771276474], [100, 0.01645757630467415], [110, 0.09451650828123093], [120, 0.05264044553041458], [130, 0.013296890072524548], [140, 0.0542503297328949], [150, 0.012833219021558762], [160, 0.06496065109968185], [170, 0.04642178863286972], [180, 0.061361413449048996], [190, 0.03794381767511368], [200, 0.29092937707901], [210, 0.012091150507330894], [220, 0.009757112711668015], [230, 0.00893653929233551], [240, 0.03317143768072128], [250, 0.008090595714747906], [260, 0.0210823155939579], [270, 0.008433404378592968], [280, 0.007859095931053162], [290, 0.04817640781402588], [300, 0.01678433269262314], [310, 0.006884371396154165], [320, 0.006004824303090572], [330, 0.08847346156835556], [340, 0.3512871265411377], [350, 0.038676269352436066], [360, 0.024663176387548447], [370, 0.15026569366455078], [380, 0.005878950469195843], [390, 0.28307294845581055], [400, 0.08932134509086609], [410, 0.0070802136324346066], [420, 0.11665861308574677], [430, 0.03003719449043274], [440, 0.005215655080974102], [450, 0.15372662246227264], [460, 0.052984997630119324], [470, 0.005638350732624531], [480, 0.004991607740521431], [490, 0.016333799809217453], [500, 0.022161241620779037], [510, 0.030509449541568756], [520, 0.06429781764745712], [530, 0.12692975997924805], [540, 0.02789296582341194], [550, 0.025766845792531967], [560, 0.007874704897403717], [570, 0.041021667420864105], [580, 0.0045659299939870834], [590, 0.03633325546979904], [600, 0.005837245844304562], [610, 0.06861867010593414], [620, 0.047194283455610275], [630, 0.02339187264442444], [640, 0.025486666709184647], [650, 0.026018008589744568], [660, 0.0053453510627150536], [670, 0.016419431194663048], [680, 0.029362112283706665], [690, 0.016254356130957603], [700, 0.024479351937770844], [710, 0.00501435250043869], [720, 0.026303155347704887], [730, 0.0037942423950880766], [740, 0.0032492447644472122], [750, 0.00455743633210659], [760, 0.0044402070343494415], [770, 0.12508440017700195], [780, 0.12568120658397675], [790, 0.014351832680404186], [800, 0.019455183297395706], [810, 0.0036829370073974133], [820, 0.0037381495349109173], [830, 0.0721878632903099], [840, 0.06753489375114441], [850, 0.0025209528394043446], [860, 0.017511051148176193], [870, 0.07606455683708191], [880, 0.03988286107778549], [890, 0.02914523147046566], [900, 0.006846982054412365], [910, 0.03684854507446289], [920, 0.008319642394781113], [930, 0.0025900709442794323], [940, 0.036414455622434616], [950, 0.06885629147291183], [960, 0.01640266925096512], [970, 0.004928491543978453], [980, 0.10445787757635117], [990, 0.003020853502675891], [1000, 0.01706550270318985], [1010, 0.07335060834884644], [1020, 0.03873489424586296], [1030, 0.06618503481149673], [1040, 0.10909118503332138], [1050, 0.009545329958200455], [1060, 0.18643933534622192], [1070, 0.03516830503940582], [1080, 0.2964683175086975], [1090, 0.04119810834527016], [1100, 0.002236141823232174], [1110, 0.02028294838964939], [1120, 0.031489938497543335], [1130, 0.0021250247955322266], [1140, 0.039926014840602875], [1150, 0.04119070619344711], [1160, 0.06168010085821152], [1170, 0.05488632246851921], [1180, 0.1595100611448288], [1190, 0.06690921634435654], [1200, 0.11455510556697845], [1210, 0.25033414363861084], [1220, 0.002147210296243429], [1230, 0.002206220058724284], [1240, 0.026560764759778976], [1250, 0.020494794473052025], [1260, 0.01068851724267006], [1270, 0.024044658988714218], [1280, 0.0028103082440793514], [1290, 0.00881246104836464], [1300, 0.06878829002380371], [1310, 0.06170698627829552], [1320, 0.01331637054681778], [1330, 0.060774993151426315], [1340, 0.001649131765589118], [1350, 0.0016721183201298118], [1360, 0.002421111334115267], [1370, 0.32684215903282166], [1380, 0.06089181825518608], [1390, 0.023302804678678513], [1400, 0.002539202570915222], [1410, 0.028641533106565475], [1420, 0.03982297331094742], [1430, 0.012799350544810295], [1440, 0.07638347148895264], [1450, 0.02589711919426918], [1460, 0.07155953347682953], [1470, 0.11266721785068512], [1480, 0.0030369150917977095], [1490, 0.01103186048567295], [1500, 0.009973829612135887], [1510, 0.1037440225481987], [1520, 0.016717039048671722], [1530, 0.010530000552535057], [1540, 0.04899194836616516], [1550, 0.01471590157598257], [1560, 0.10069838166236877], [1570, 0.04727631062269211], [1580, 0.0029569710604846478], [1590, 0.0018688472919166088], [1600, 0.057026639580726624], [1610, 0.023592334240674973], [1620, 0.04066484421491623], [1630, 0.005363538395613432], [1640, 0.0508648157119751], [1650, 0.004323129542171955], [1660, 0.00818009115755558], [1670, 0.009121783077716827], [1680, 0.02852781116962433], [1690, 0.05355212092399597], [1700, 0.025961600244045258], [1710, 0.05945601314306259], [1720, 0.011429717764258385], [1730, 0.015708833932876587], [1740, 0.020445479080080986], [1750, 0.0023126692976802588], [1760, 0.004850445780903101], [1770, 0.01870664581656456], [1780, 0.021614763885736465], [1790, 0.00896206684410572], [1800, 0.0038805361837148666], [1810, 0.01227748766541481], [1820, 0.0055739241652190685], [1830, 0.024200892075896263], [1840, 0.05453779920935631], [1850, 0.001416809274815023], [1860, 0.0037451954558491707], [1870, 0.03763429448008537], [1880, 0.0025912057608366013], [1890, 0.17788660526275635], [1900, 0.02220899425446987], [1910, 0.0760658010840416], [1920, 0.16738438606262207], [1930, 0.07530370354652405], [1940, 0.0013429878745228052], [1950, 0.011572751216590405], [1960, 0.08428210020065308], [1970, 0.0027864889707416296], [1980, 0.09933392703533173], [1990, 0.0635567307472229], [2000, 0.10942870378494263], [2010, 0.04616749286651611], [2020, 0.022546594962477684], [2030, 0.029630817472934723], [2040, 0.06675639748573303], [2050, 0.019879765808582306], [2060, 0.000978458090685308], [2070, 0.001357129542157054], [2080, 0.017471980303525925], [2090, 0.027450857684016228], [2100, 0.04332595318555832], [2110, 0.06324633955955505], [2120, 0.018887583166360855], [2130, 0.3982095718383789], [2140, 0.07380673289299011], [2150, 0.011221492663025856], [2160, 0.0874428078532219], [2170, 0.028200972825288773], [2180, 0.06231739744544029], [2190, 0.011468745768070221], [2200, 0.0014870751183480024], [2210, 0.016453925520181656], [2220, 0.006930188275873661], [2230, 0.10854269564151764], [2240, 0.04068471118807793]],