{"num_epochs": 1, "loss": [[0, 0.7900165915489197], [10, 0.5398868918418884], [20, 0.3787814974784851], [30, 0.1552274525165558], [40, 0.37493032217025757], [50, 0.1587061733007431], [60, 0.0973486453294754], [70, 0.2045983523130417], [80, 0.181606262922287], [90, 0.29470184445381165], [100, 0.30139049887657166], [110, 0.18583905696868896], [120, 0.12857280671596527], [130, 0.0833839699625969], [140, 0.18804973363876343], [150, 0.28698068857192993], [160, 0.039689935743808746], [170, 0.21547600626945496], [180, 0.17546270787715912], [190, 0.182948037981987], [200, 0.21282510459423065], [210, 0.026698406785726547], [220, 0.11749213933944702], [230, 0.0925540030002594], [240, 0.14287424087524414], [250, 0.053883325308561325], [260, 0.15452940762043], [270, 0.06850548088550568], [280, 0.060995250940322876], [290, 0.13660100102424622], [300, 0.2980247735977173], [310, 0.13856816291809082], [320, 0.04203058406710625], [330, 0.022296233102679253], [340, 0.30902299284935], [350, 0.22336940467357635], [360, 0.06298905611038208], [370, 0.06683209538459778], [380, 0.15521258115768433], [390, 0.23551145195960999], [400, 0.15960362553596497], [410, 0.17199677228927612], [420, 0.2259669303894043], [430, 0.1253230720758438], [440, 0.030938848853111267], [450, 0.18022307753562927], [460, 0.25488656759262085], [470, 0.09906801581382751], [480, 0.11282476037740707], [490, 0.020597627386450768], [500, 0.2424515187740326], [510, 0.09485804289579391], [520, 0.13820819556713104], [530, 0.03293640911579132], [540, 0.061667077243328094], [550, 0.02012552134692669], [560, 0.03128066658973694], [570, 0.14106036722660065], [580, 0.08301189541816711], [590, 0.02931974083185196], [600, 0.03693785145878792], [610, 0.04566210135817528], [620, 0.20390141010284424], [630, 0.007360867690294981], [640, 0.3101756274700165], [650, 0.007569888141006231], [660, 0.07499143481254578], [670, 0.035547755658626556], [680, 0.09710469841957092], [690, 0.1287943422794342], [700, 0.19463178515434265], [710, 0.13353461027145386], [720, 0.10030561685562134], [730, 0.03688640147447586], [740, 0.041029177606105804], [750, 0.006111071445047855], [760, 0.009321841411292553], [770, 0.24813465774059296], [780, 0.07837559282779694], [790, 0.03604663908481598], [800, 0.2455574870109558], [810, 0.005882500670850277], [820, 0.016114460304379463], [830, 0.15237224102020264], [840, 0.05466265603899956], [850, 0.0762595683336258], [860, 0.007162117399275303], [870, 0.020375210791826248], [880, 0.07277099788188934], [890, 0.06767118722200394], [900, 0.02126360312104225], [910, 0.04899317026138306], [920, 0.11772444099187851], [930, 0.2648993730545044], [940, 0.022260863333940506], [950, 0.12848010659217834], [960, 0.05502428114414215], [970, 0.0522763654589653], [980, 0.05283452570438385], [990, 0.05381151661276817], [1000, 0.004639963619410992], [1010, 0.02773936092853546], [1020, 0.026767482981085777], [1030, 0.02781061641871929], [1040, 0.002768874866887927], [1050, 0.18815472722053528], [1060, 0.01955261081457138], [1070, 0.012385830283164978], [1080, 0.0035600080154836178], [1090, 0.006582512520253658], [1100, 0.018465761095285416], [1110, 0.090275339782238], [1120, 0.18167835474014282], [1130, 0.2009841501712799], [1140, 0.044517889618873596], [1150, 0.014456626027822495], [1160, 0.16569003462791443], [1170, 0.06947340071201324], [1180, 0.028944890946149826], [1190, 0.0826333537697792], [1200, 0.10415197908878326], [1210, 0.23899225890636444], [1220, 0.04204111546278], [1230, 0.0037895673885941505], [1240, 0.03356790542602539], [1250, 0.05271000787615776], [1260, 0.0530068501830101], [1270, 0.07701565325260162], [1280, 0.0467272624373436], [1290, 0.14714646339416504], [1300, 0.03440201282501221], [1310, 0.030704384669661522], [1320, 0.02078818529844284], [1330, 0.009497178718447685], [1340, 0.02163197658956051], [1350, 0.1516490876674652], [1360, 0.015630513429641724], [1370, 0.030461614951491356], [1380, 0.09705178439617157], [1390, 0.015522917732596397], [1400, 0.13300374150276184], [1410, 0.04866831749677658], [1420, 0.14942920207977295], [1430, 0.03492289036512375], [1440, 0.02346632443368435], [1450, 0.07160308212041855], [1460, 0.08183992654085159], [1470, 0.12361285090446472], [1480, 0.003955906257033348], [1490, 0.10844610631465912], [1500, 0.08422529697418213], [1510, 0.006036035716533661], [1520, 0.09448811411857605], [1530, 0.11789499223232269], [1540, 0.09168204665184021], [1550, 0.11363395303487778], [1560, 0.08507266640663147], [1570, 0.1355830430984497], [1580, 0.4162325859069824], [1590, 0.053821660578250885], [1600, 0.06193412467837334], [1610, 0.08654459565877914], [1620, 0.015818512067198753], [1630, 0.15604348480701447], [1640, 0.08535976707935333], [1650, 0.0166579969227314], [1660, 0.09077288955450058], [1670, 0.012037868611514568], [1680, 0.08890922367572784], [1690, 0.0047320169396698475], [1700, 0.004060816019773483], [1710, 0.15232588350772858], [1720, 0.044077273458242416], [1730, 0.08143055438995361], [1740, 0.003404411254450679], [1750, 0.030535686761140823], [1760, 0.10929947346448898], [1770, 0.03163713216781616], [1780, 0.06008289009332657], [1790, 0.07533401250839233], [1800, 0.016870301216840744], [1810, 0.3551831841468811], [1820, 0.0471937470138073], [1830, 0.007684818468987942], [1840, 0.08796384185552597], [1850, 0.02083628997206688], [1860, 0.07545825839042664], [1870, 0.022420283406972885], [1880, 0.03311888501048088], [1890, 0.12607857584953308], [1900, 0.10959021747112274], [1910, 0.048776231706142426], [1920, 0.03858133405447006], [1930, 0.050135038793087006], [1940, 0.06252709031105042], [1950, 0.016065647825598717], [1960, 0.012700813822448254], [1970, 0.18805792927742004], [1980, 0.01250158529728651], [1990, 0.043613433837890625], [2000, 0.08208533376455307], [2010, 0.1448119431734085], [2020, 0.1477716565132141], [2030, 0.039178214967250824], [2040, 0.11403107643127441], [2050, 0.054684922099113464], [2060, 0.08196018636226654], [2070, 0.027634095400571823], [2080, 0.05539248138666153], [2090, 0.0024329195730388165], [2100, 0.020729076117277145], [2110, 0.007097873371094465], [2120, 0.053086645901203156], [2130, 0.09606379270553589], [2140, 0.012385789304971695], [2150, 0.07275064289569855], [2160, 0.05879581719636917], [2170, 0.027141496539115906], [2180, 0.03213770315051079], [2190, 0.0025347061455249786], [2200, 0.2284821718931198], [2210, 0.18838679790496826], [2220, 0.008232295513153076], [2230, 0.08297812193632126], [2240, 0.00852840393781662], [2250, 0.005818932317197323], [2260, 0.00483745289966464], [2270, 0.03844192624092102], [2280, 0.010099800303578377], [2290, 0.010388217866420746], [2300, 0.2032233327627182], [2310, 0.011093414388597012], [2320, 0.005681486800312996], [2330, 0.17959550023078918], [2340, 0.08713085949420929], [2350, 0.11881870031356812], [2360, 0.022843364626169205], [2370, 0.047053512185811996], [2380, 0.043090686202049255], [2390, 0.07709453999996185], [2400, 0.012798868119716644], [2410, 0.17494194209575653], [2420, 0.003567140083760023], [2430, 0.04226114600896835], [2440, 0.02871996909379959], [2450, 0.07260637730360031], [2460, 0.04155878350138664], [2470, 0.03207297623157501], [2480, 0.07766437530517578], [2490, 0.06298914551734924], [2500, 0.04709642380475998], [2510, 0.16258415579795837], [2520, 0.15184122323989868], [2530, 0.020441733300685883], [2540, 0.02214467152953148], [2550, 0.07575167715549469], [2560, 0.08210144937038422], [2570, 0.06653444468975067], [2580, 0.03029952570796013], [2590, 0.029383666813373566], [2600, 0.01135813444852829], [2610, 0.033554986119270325], [2620, 0.11984048783779144], [2630, 0.06825466454029083], [2640, 0.002393322763964534], [2650, 0.03079381212592125], [2660, 0.05357936769723892], [2670, 0.001439959742128849], [2680, 0.07638727873563766], [2690, 0.10522741079330444], [2700, 0.010291137732565403], [2710, 0.03582828864455223], [2720, 0.05115634202957153], [2730, 0.022046126425266266], [2740, 0.12260667979717255], [2750, 0.022639788687229156], [2760, 0.026277046650648117], [2770, 