{"num_epochs": 1, "loss": [[0, 0.809116780757904], [100, 0.14404834806919098], [200, 0.18263301253318787], [300, 0.24986658990383148], [400, 0.13944193720817566], [500, 0.0778500884771347], [600, 0.02325545623898506], [700, 0.23480556905269623], [800, 0.04574019834399223], [900, 0.04434119164943695], [1000, 0.05656726285815239], [1100, 0.2548312246799469], [1200, 0.12828490138053894], [1300, 0.16218572854995728], [1400, 0.04752379655838013], [1500, 0.19485288858413696], [1600, 0.1412099301815033], [1700, 0.0974152684211731], [1800, 0.12779337167739868], [1900, 0.026310186833143234], [2000, 0.24697694182395935], [2100, 0.16422039270401], [2200, 0.041574954986572266], [2300, 0.11108541488647461], [2400, 0.02445870265364647], [2500, 0.057065531611442566], [2600, 0.08291199803352356], [2700, 0.039305105805397034], [2800, 0.01957022398710251], [2900, 0.028213387355208397], [3000, 0.08052851259708405], [3100, 0.06254550069570541], [3200, 0.04333658143877983], [3300, 0.11525030434131622], [3400, 0.03480371832847595], [3500, 0.08694721758365631], [3600, 0.19258569180965424], [3700, 0.06267265975475311], [3800, 0.15721355378627777], [3900, 0.08232520520687103], [4000, 0.22373521327972412], [4100, 0.1158948466181755], [4200, 0.060368530452251434], [4300, 0.07594957947731018], [4400, 0.019194260239601135], [4500, 0.101235531270504], [4600, 0.0818740725517273], [4700, 0.02962718904018402], [4800, 0.03171832486987114], [4900, 0.10332678258419037], [5000, 0.04193409904837608], [5100, 0.02058577910065651], [5200, 0.01311983447521925], [5300, 0.03343512490391731], [5400, 0.049087073653936386], [5500, 0.05789044499397278], [5600, 0.01031223963946104], [5700, 0.0487992987036705], [5800, 0.0027525662444531918], [5900, 0.02851598523557186], [6000, 0.07433126866817474], [6100, 0.028933312743902206], [6200, 0.10422635078430176], [6300, 0.05904209241271019], [6400, 0.05887478590011597], [6500, 0.044855765998363495], [6600, 0.04535788297653198], [6700, 0.1708948314189911], [6800, 0.017264287918806076], [6900, 0.08496968448162079], [7000, 0.03813372924923897], [7100, 0.014174609445035458], [7200, 0.043572068214416504], [7300, 0.04188735410571098], [7400, 0.07463397830724716], [7500, 0.1258409023284912], [7600, 0.024172868579626083], [7700, 0.02760220132768154], [7800, 0.2239600419998169], [7900, 0.12716808915138245], [8000, 0.005505997687578201], [8100, 0.012262310832738876], [8200, 0.014687282964587212], [8300, 0.013546742498874664], [8400, 0.032648131251335144], [8500, 0.1697353571653366], [8600, 0.01912393793463707], [8700, 0.003954618703573942], [8800, 0.0411134734749794], [8900, 0.007773600518703461], [9000, 0.18172341585159302], [9100, 0.040407437831163406], [9200, 0.04549697786569595], [9300, 0.10448521375656128], [9400, 0.07978732138872147], [9500, 0.03666367754340172], [9600, 0.05030830204486847], [9700, 0.04561195895075798], [9800, 0.05160808563232422], [9900, 0.003574044443666935], [10000, 0.0160322617739439], [10100, 0.005052522756159306], [10200, 0.0021287754643708467], [10300, 0.0041706496849656105], [10400, 0.08268193900585175], [10500, 0.06145597621798515], [10600, 0.007560240104794502], [10700, 0.017648454755544662], [10800, 0.04410455748438835], [10900, 0.013725772500038147], [11000, 0.05742795765399933], [11100, 0.07253551483154297], [11200, 0.014791294001042843], [11300, 0.006148304790258408], [11400, 0.019944367930293083], [11500, 0.0484132319688797], [11600, 0.018521644175052643], [11700, 0.02950318716466427], [11800, 0.06986725330352783], [11900, 0.033243101090192795], [12000, 0.004657093435525894], [12100, 0.012049770914018154], [12200, 0.015004655346274376], [12300, 0.04352904483675957], [12400, 0.028891388326883316], [12500, 0.018482796847820282], [12600, 0.03866247087717056], [12700, 0.0034935367293655872], [12800, 0.0768572986125946], [12900, 0.015321334823966026], [13000, 0.016999714076519012], [13100, 0.06332042813301086], [13200, 0.08630280196666718], [13300, 0.056994013488292694], [13400, 0.14305533468723297], [13500, 0.05892275273799896], [13600, 0.006940727587789297], [13700, 0.024872487410902977], [13800, 0.009213972836732864], [13900, 0.0264977365732193], [14000, 0.023566968739032745], [14100, 0.08600568771362305], [14200, 0.056589096784591675], [14300, 0.01237920206040144], [14400, 0.07606363296508789], [14500, 0.002789776772260666], [14600, 0.04333696886897087], [14700, 0.04601456969976425], [14800, 0.09022857248783112], [14900, 0.05860205739736557], [15000, 0.04028204083442688], [15100, 0.03799804672598839], [15200, 0.0031267921440303326], [15300, 0.06952303647994995], [15400, 0.003934490494430065], [15500, 0.028258271515369415], [15600, 0.07379639893770218], [15700, 0.0031484176870435476], [15800, 0.009059293195605278], [15900, 0.03422621265053749], [16000, 0.010392405092716217], [16100, 0.016643360257148743], [16200, 0.0051654791459441185], [16300, 0.06120409071445465], [16400, 0.03593380004167557], [16500, 0.014640891924500465], [16600, 0.004654110874980688], [16700, 0.021642303094267845], [16800, 0.016213763505220413], [16900, 0.0016222503036260605], [17000, 0.0017318226164206862], [17100, 0.05070618912577629], [17200, 0.007559484802186489], [17300, 0.02084198407828808], [17400, 0.06258874386548996], [17500, 0.0018031569197773933], [17600, 0.10678119957447052], [17700, 0.03525859862565994], [17800, 0.0025415276177227497], [17900, 0.027793038636446], [18000, 0.00265880161896348], [18100, 0.020443560555577278], [18200, 0.029693199321627617], [18300, 0.0270719975233078], [18400, 0.001827967120334506], [18500, 0.018933143466711044], [18600, 0.03805378079414368], [18700, 0.03613249957561493], [18800, 0.009499423205852509], [18900, 0.004167587496340275], [19000, 0.05138875171542168], [19100, 0.08669333159923553], [19200, 0.01575786992907524], [19300, 0.06868281215429306], [19400, 0.04626033455133438], [19500, 0.008250359445810318], [19600, 0.0473870113492012], [19700, 0.013671739026904106], [19800, 0.04737354442477226], [19900, 0.0013184265699237585], [20000, 0.011636508628726006], [20100, 0.01890409179031849], [20200, 0.016463201493024826], [20300, 0.02961767092347145], [20400, 0.002812569960951805], [20500, 0.04352881759405136], [20600, 0.003639375325292349], [20700, 0.0037175545003265142], [20800, 0.027284875512123108], [20900, 0.013236720114946365], [21000, 0.012417478486895561], [21100, 0.0663207545876503], [21200, 0.05794109031558037], [21300, 0.02380560152232647], [21400, 0.09023819863796234], [21500, 0.03129418194293976], [21600, 0.03513550013303757], [21700, 0.11775343120098114], [21800, 0.018529299646615982], [21900, 0.037616193294525146], [22000, 0.04728810116648674], [22100, 0.05919831991195679], [22200, 0.027369484305381775], [22300, 0.01040608249604702]],