{"jigsaw": {"precision": 0.9706, "recall": 0.4734, "f1": 0.6364, "auc": 0.9841408224811241, "class_auc": {"toxicity": 0.9835003354937457, "severe_toxicity": 0.989838423303894, "obscene": 0.9904964658301053, "threat": 0.9743428086412197, "insult": 0.9856708941650243, "identity_attack": 0.9809960074527548}}, "secondary_neutral": {"precision": 0.8597, "recall": 0.4225, "f1": 0.5665, "auc": 0.9817003562052714, "class_auc": {"toxicity": 0.9848787192513587, "severe_toxicity": 0.9815910775409539, "obscene": 0.9976579922460551, "threat": 0.950184844839493, "insult": 0.9858073983984932, "identity_attack": 0.9900821049552745}}, "secondary_positive": {"precision": 1.0, "recall": 0.7738, "f1": 0.8725, "fpr": 0, "tpr": 0.7738, "confusion_matrix": {"tp": 195, "fp": 0, "tn": 0, "fn": 57}}}