{"num_epochs": 1, "loss": [[0, 0.7791451215744019], [100, 0.18024909496307373], [200, 0.1482967585325241], [300, 0.13363799452781677], [400, 0.09359776973724365], [500, 0.030920352786779404], [600, 0.02416754886507988], [700, 0.010081280022859573], [800, 0.021963950246572495], [900, 0.033247947692871094], [1000, 0.21234004199504852], [1100, 0.021104417741298676], [1200, 0.03248308226466179], [1300, 0.06944867968559265], [1400, 0.10031130909919739], [1500, 0.07885110378265381], [1600, 0.04070303961634636], [1700, 0.03912878781557083], [1800, 0.032045625150203705], [1900, 0.048625748604536057], [2000, 0.01546417735517025], [2100, 0.015171388164162636], [2200, 0.029835348948836327], [2300, 0.013139880262315273], [2400, 0.034538429230451584], [2500, 0.0204988531768322], [2600, 0.0337018258869648], [2700, 0.07964888215065002], [2800, 0.10061611980199814], [2900, 0.008789034560322762], [3000, 0.11686673760414124], [3100, 0.031139297410845757], [3200, 0.017609793692827225], [3300, 0.09827421605587006], [3400, 0.03391595557332039], [3500, 0.19275927543640137], [3600, 0.01662983000278473], [3700, 0.053570933640003204], [3800, 0.03251060098409653], [3900, 0.039802175015211105], [4000, 0.0052762581035494804], [4100, 0.09940164536237717], [4200, 0.07481460273265839], [4300, 0.0022970985155552626], [4400, 0.003693416714668274], [4500, 0.024747086688876152], [4600, 0.023919440805912018], [4700, 0.024171456694602966], [4800, 0.10663928836584091], [4900, 0.10634371638298035], [5000, 0.04563932120800018], [5100, 0.06506893038749695], [5200, 0.0019024305511265993], [5300, 0.052741970866918564], [5400, 0.08937349170446396], [5500, 0.10839131474494934], [5600, 0.14649444818496704], [5700, 0.09497521817684174], [5800, 0.03624262660741806], [5900, 0.06794925779104233], [6000, 0.07661441713571548], [6100, 0.07077620178461075], [6200, 0.020690251141786575], [6300, 0.02190842106938362], [6400, 0.02583634853363037], [6500, 0.0075136213563382626], [6600, 0.014333011582493782], [6700, 0.06848667562007904], [6800, 0.0613882914185524], [6900, 0.01200158428400755], [7000, 0.02601836621761322], [7100, 0.02772894874215126], [7200, 0.09618835151195526], [7300, 0.07108768820762634], [7400, 0.04463508725166321], [7500, 0.011776028200984001], [7600, 0.07531342655420303], [7700, 0.16504985094070435], [7800, 0.04793558269739151], [7900, 0.024486694484949112], [8000, 0.039202503859996796], [8100, 0.003518844023346901], [8200, 0.0704801008105278], [8300, 0.053741976618766785], [8400, 0.05926388502120972], [8500, 0.012443284504115582], [8600, 0.01114761084318161], [8700, 0.005543381907045841], [8800, 0.0980478972196579], [8900, 0.012051774188876152], [9000, 0.008754702284932137], [9100, 0.12255840003490448], [9200, 0.0169835202395916], [9300, 0.02605000138282776], [9400, 0.021994177252054214], [9500, 0.01294757705181837], [9600, 0.001878968789242208], [9700, 0.03630725294351578], [9800, 0.010072405450046062], [9900, 0.016359008848667145], [10000, 0.003804829902946949], [10100, 0.0025547845289111137], [10200, 0.004422347526997328], [10300, 0.03798925131559372], [10400, 0.009713991545140743], [10500, 0.013273823074996471], [10600, 0.09536867588758469], [10700, 0.0012884857133030891], [10800, 0.04531906545162201], [10900, 0.03818464279174805], [11000, 0.0021396526135504246], [11100, 0.058992207050323486], [11200, 0.05231253430247307], [11300, 0.1046680435538292], [11400, 0.05431108921766281], [11500, 0.015244681388139725], [11600, 0.04399312287569046], [11700, 0.0010661542182788253], [11800, 0.020229928195476532], [11900, 0.0020700660534203053], [12000, 0.02475797012448311], [12100, 0.09487123787403107], [12200, 0.027549725025892258], [12300, 0.07291674613952637], [12400, 0.007556223310530186], [12500, 0.07416746020317078], [12600, 0.003037883434444666], [12700, 0.0623033307492733], [12800, 0.06358174234628677], [12900, 0.0014330655103549361], [13000, 0.005869632121175528], [13100, 0.04370187222957611], [13200, 0.05492361634969711], [13300, 0.004226705990731716], [13400, 0.054519765079021454], [13500, 0.03378080949187279], [13600, 0.04886700212955475], [13700, 0.023989450186491013], [13800, 0.07338567823171616], [13900, 0.07001899182796478], [14000, 0.04930947721004486], [14100, 0.02082960680127144], [14200, 0.007506851106882095], [14300, 0.010478719137609005], [14400, 0.010288123041391373], [14500, 0.02260224148631096], [14600, 0.02193566784262657], [14700, 0.06958362460136414], [14800, 0.02610711008310318], [14900, 0.037257082760334015], [15000, 0.02489316277205944], [15100, 0.006740540266036987], [15200, 0.06314463913440704], [15300, 0.01647014729678631], [15400, 0.07519515603780746], [15500, 0.011250924319028854], [15600, 0.03245637193322182], [15700, 0.043985217809677124], [15800, 0.012370425276458263], [15900, 0.026833048090338707], [16000, 0.03731454163789749], [16100, 0.0753832459449768], [16200, 0.02729443460702896], [16300, 0.10632537305355072], [16400, 0.039657093584537506], [16500, 0.09623786807060242], [16600, 0.0038166912272572517], [16700, 0.13943295180797577], [16800, 0.04542885348200798], [16900, 0.03142254799604416], [17000, 0.008599604479968548], [17100, 0.0071783484891057014], [17200, 0.06470842659473419], [17300, 0.01290169358253479], [17400, 0.01664113812148571], [17500, 0.01368724089115858], [17600, 0.07963185012340546], [17700, 0.0034329851623624563], [17800, 0.027656611055135727], [17900, 0.00650887843221426], [18000, 0.053466618061065674], [18100, 0.001797761069610715], [18200, 0.026377875357866287], [18300, 0.019045598804950714], [18400, 0.058816175907850266], [18500, 0.03589829429984093], [18600, 0.006162711884826422], [18700, 0.016204895451664925], [18800, 0.037284642457962036], [18900, 0.032498568296432495], [19000, 0.021201206371188164], [19100, 0.0883277878165245], [19200, 0.042148567736148834], [19300, 0.02259094826877117], [19400, 0.005111346952617168], [19500, 0.009646980091929436]],