{"num_epochs": 1, "loss": [[0, 0.8034542798995972], [10, 0.48635488748550415], [20, 0.29032260179519653], [30, 0.16256961226463318], [40, 0.2438543736934662], [50, 0.07586997002363205], [60, 0.08546110987663269], [70, 0.055428534746170044], [80, 0.12491989135742188], [90, 0.23188404738903046], [100, 0.0303767379373312], [110, 0.04270192235708237], [120, 0.14422714710235596], [130, 0.0628204271197319], [140, 0.07004019618034363], [150, 0.1445416361093521], [160, 0.12133687734603882], [170, 0.12762491405010223], [180, 0.020045863464474678], [190, 0.038220420479774475], [200, 0.1712878942489624], [210, 0.14699755609035492], [220, 0.06939997524023056], [230, 0.05706654116511345], [240, 0.0923207551240921], [250, 0.22973987460136414], [260, 0.014327558688819408], [270, 0.1900721788406372], [280, 0.09497209638357162], [290, 0.017165932804346085], [300, 0.017430869862437248], [310, 0.04789119213819504], [320, 0.09605252742767334], [330, 0.06890223920345306], [340, 0.1269785761833191], [350, 0.02579135075211525], [360, 0.06628420948982239], [370, 0.19727152585983276], [380, 0.020421162247657776], [390, 0.014104346744716167], [400, 0.10678420960903168], [410, 0.20296186208724976], [420, 0.0794040784239769], [430, 0.06795935332775116], [440, 0.052181344479322433], [450, 0.06126999109983444], [460, 0.07136540859937668], [470, 0.12555088102817535], [480, 0.007149418815970421], [490, 0.0163120049983263], [500, 0.01115291565656662], [510, 0.05746714025735855], [520, 0.11660059541463852], [530, 0.10157063603401184], [540, 0.10048796981573105], [550, 0.13964027166366577], [560, 0.04268355667591095], [570, 0.03476589545607567], [580, 0.011109418235719204], [590, 0.1791091412305832], [600, 0.028489381074905396], [610, 0.012864138931035995], [620, 0.07175850123167038], [630, 0.055765073746442795], [640, 0.04715779423713684], [650, 0.13550207018852234], [660, 0.11047550290822983], [670, 0.013050834648311138], [680, 0.030142661184072495], [690, 0.032309506088495255], [700, 0.13012799620628357], [710, 0.020235178992152214], [720, 0.01129139494150877], [730, 0.039710789918899536], [740, 0.03771208971738815], [750, 0.026414282619953156], [760, 0.06318209320306778], [770, 0.0657263994216919], [780, 0.013689031824469566], [790, 0.04914072901010513], [800, 0.01107766292989254], [810, 0.039533745497465134], [820, 0.028210896998643875], [830, 0.028197024017572403], [840, 0.00367923267185688], [850, 0.073675736784935], [860, 0.07610459625720978], [870, 0.08297999948263168], [880, 0.3008250892162323], [890, 0.0412491112947464], [900, 0.10824830830097198], [910, 0.09222705662250519], [920, 0.16270405054092407], [930, 0.028102174401283264], [940, 0.04334698244929314], [950, 0.0782955139875412], [960, 0.04224271699786186], [970, 0.007438372354954481], [980, 0.09883959591388702], [990, 0.004836518317461014], [1000, 0.12110256403684616], [1010, 0.05758450925350189], [1020, 0.03748802840709686], [1030, 0.1116454005241394], [1040, 0.010545913130044937], [1050, 0.11430937051773071], [1060, 0.26591330766677856], [1070, 0.06432223320007324], [1080, 0.019358117133378983], [1090, 0.13681088387966156], [1100, 0.003953959792852402], [1110, 0.12101960182189941], [1120, 0.016207851469516754], [1130, 0.00934850238263607], [1140, 0.022497963160276413], [1150, 0.004829840734601021], [1160, 0.028943486511707306], [1170, 0.008065961301326752], [1180, 0.04438842833042145], [1190, 0.09169923514127731], [1200, 0.0054420046508312225], [1210, 0.05727200210094452], [1220, 0.09800873696804047], [1230, 0.008483159355819225], [1240, 0.08528008311986923], [1250, 0.10856394469738007], [1260, 0.05163566395640373], [1270, 0.0027400541584938765], [1280, 0.011695479974150658], [1290, 0.00866897962987423], [1300, 0.020297683775424957], [1310, 0.014393775723874569], [1320, 0.10374540090560913], [1330, 0.0156264528632164], [1340, 0.05179556459188461], [1350, 0.21890908479690552], [1360, 0.040084101259708405], [1370, 0.05974900349974632], [1380, 0.0035528293810784817], [1390, 0.06745719909667969], [1400, 0.005675189197063446], [1410, 0.38532328605651855], [1420, 0.0054459525272250175], [1430, 0.0036033522337675095], [1440, 0.002930678194388747], [1450, 0.20499935746192932], [1460, 0.015431931242346764], [1470, 0.020310599356889725], [1480, 0.0549980029463768], [1490, 0.003572385525330901], [1500, 0.01653037965297699], [1510, 0.027794424444437027], [1520, 0.04325097054243088], [1530, 0.005265829619020224], [1540, 0.1109015941619873], [1550, 0.07221537083387375], [1560, 0.26783251762390137], [1570, 0.002845707116648555], [1580, 0.002997811883687973], [1590, 0.043285004794597626], [1600, 0.002669430337846279], [1610, 0.06438867002725601], [1620, 0.024732744321227074], [1630, 0.002013251418247819], [1640, 0.14525684714317322], [1650, 0.002336404751986265], [1660, 0.06501507759094238], [1670, 0.004369682166725397], [1680, 0.13661640882492065], [1690, 0.0022266004234552383], [1700, 0.03313356265425682], [1710, 0.0028580431826412678], [1720, 0.041744302958250046], [1730, 0.0252859964966774], [1740, 0.002462658565491438], [1750, 0.003363726194947958], [1760, 0.11652986705303192], [1770, 0.0029235815163701773], [1780, 0.007852385751903057], [1790, 0.0057152691297233105], [1800, 0.003110608784481883], [1810, 0.0022626114077866077], [1820, 0.004392419941723347], [1830, 0.004244597628712654], [1840, 0.0055997236631810665], [1850, 0.019757313653826714], [1860, 0.005930223967880011], [1870, 0.0998963937163353], [1880, 0.09716644138097763], [1890, 0.008187517523765564], [1900, 0.029468607157468796], [1910, 0.10680892318487167], [1920, 0.009243931621313095], [1930, 0.04344147443771362], [1940, 0.007965652272105217], [1950, 0.015164252370595932], [1960, 0.08676789700984955], [1970, 0.015476069413125515], [1980, 0.06208346039056778], [1990, 0.04114169254899025], [2000, 0.003135345410555601], [2010, 0.002074373187497258], [2020, 0.023711055517196655], [2030, 0.07080848515033722], [2040, 0.005057927221059799], [2050, 0.004080617800354958], [2060, 0.08975433558225632], [2070, 0.05364613980054855], [2080, 0.13569249212741852], [2090, 0.0021957780700176954], [2100, 0.04124247655272484], [2110, 0.0066631450317800045], [2120, 0.002975733485072851], [2130, 0.02101052924990654], [2140, 0.002409503795206547], [2150, 0.09213182330131531], [2160, 0.0036377417854964733], [2170, 0.0060129314661026], [2180, 0.0023493876215070486], [2190, 0.01664111576974392], [2200, 0.07428835332393646], [2210, 0.10645513236522675], [2220, 0.0528208464384079], [2230, 0.03719785809516907], [2240, 0.03431146219372749], [2250, 0.12877753376960754], [2260, 0.03019535169005394], [2270, 0.024587322026491165], [2280, 0.0028195339255034924], [2290, 0.04885222017765045], [2300, 0.03784839063882828], [2310, 0.06335585564374924], [2320, 0.01790362410247326], [2330, 0.10751315206289291], [2340, 0.2036195993423462], [2350, 0.061061352491378784], [2360, 0.016483120620250702], [2370, 0.013350247405469418], [2380, 0.0020609942730516195], [2390, 0.020163802430033684], [2400, 0.1384463757276535], [2410, 0.0024436740204691887], [2420, 0.003017515642568469], [2430, 0.0030712150037288666], [2440, 0.06722922623157501], [2450, 0.04976106435060501], [2460, 0.0013134710025042295], [2470, 0.0029459185898303986], [2480, 0.013044223189353943], [2490, 0.01888193190097809], [2500, 0.11426883935928345], [2510, 0.0678391307592392], [2520, 0.04998841881752014], [2530, 0.0018654767191037536], [2540, 0.016245637089014053], [2550, 0.020008830353617668], [2560, 0.23421770334243774], [2570, 0.002196389250457287], [2580, 0.056949079036712646], [2590, 0.0696398913860321], [2600, 0.02359551005065441], [2610, 0.034075941890478134], [2620, 0.0012129944516345859], [2630, 0.0647122785449028], [2640, 0.003439463209360838], [2650, 0.0017104437574744225], [2660, 0.0196305550634861], [2670, 0.0028339754790067673], [2680, 0.001375867985188961], [2690, 0.005106796510517597], [2700, 0.0018950095400214195], [2710, 0.017805056646466255], [2720, 0.06294089555740356], [2730, 0.0031443049665540457], [2740, 