{"num_epochs": 1, "loss": [[0, 0.8012320399284363], [10, 0.36371374130249023], [20, 0.1936141848564148], [30, 0.21002034842967987], [40, 0.2983543276786804], [50, 0.08401618897914886], [60, 0.5034135580062866], [70, 0.057084228843450546], [80, 0.1903577297925949], [90, 0.14858953654766083], [100, 0.09299708902835846], [110, 0.025661282241344452], [120, 0.0891171246767044], [130, 0.37448781728744507], [140, 0.14772610366344452], [150, 0.09585249423980713], [160, 0.10631918907165527], [170, 0.46722501516342163], [180, 0.033816203474998474], [190, 0.11781875789165497], [200, 0.29571449756622314], [210, 0.043137699365615845], [220, 0.019023481756448746], [230, 0.07058526575565338], [240, 0.14439883828163147], [250, 0.07992294430732727], [260, 0.05287986248731613], [270, 0.023122597485780716], [280, 0.053375765681266785], [290, 0.07657962292432785], [300, 0.02313688024878502], [310, 0.009498221799731255], [320, 0.011991739273071289], [330, 0.01950222998857498], [340, 0.028817331418395042], [350, 0.020873909816145897], [360, 0.012687001377344131], [370, 0.02782275527715683], [380, 0.1367233246564865], [390, 0.017703324556350708], [400, 0.02144434116780758], [410, 0.046157356351614], [420, 0.013735245913267136], [430, 0.1626259982585907], [440, 0.13656242191791534], [450, 0.013850020244717598], [460, 0.009951748885214329], [470, 0.05287560075521469], [480, 0.11171397566795349], [490, 0.06737460941076279], [500, 0.3602425754070282], [510, 0.018144281581044197], [520, 0.009292044676840305], [530, 0.3632173538208008], [540, 0.038512617349624634], [550, 0.017560437321662903], [560, 0.012204542756080627], [570, 0.09995990991592407], [580, 0.07936688512563705], [590, 0.029647916555404663], [600, 0.09068097174167633], [610, 0.005562966223806143], [620, 0.003912318032234907], [630, 0.011078692972660065], [640, 0.1655759960412979], [650, 0.021059853956103325], [660, 0.09034675359725952], [670, 0.0474194698035717], [680, 0.2395087480545044], [690, 0.01800766959786415], [700, 0.04772444814443588], [710, 0.11564209312200546], [720, 0.008324004709720612], [730, 0.024258971214294434], [740, 0.06503604352474213], [750, 0.3911867141723633], [760, 0.05397045612335205], [770, 0.005899675190448761], [780, 0.08477292954921722], [790, 0.09162978827953339], [800, 0.003435065969824791], [810, 0.26943516731262207], [820, 0.04989389702677727], [830, 0.0029994468204677105], [840, 0.1190563440322876], [850, 0.010182015597820282], [860, 0.008852861821651459], [870, 0.09326229989528656], [880, 0.07103507220745087], [890, 0.23007431626319885], [900, 0.06174350902438164], [910, 0.09337477385997772], [920, 0.1739410012960434], [930, 0.08267869055271149], [940, 0.12907132506370544], [950, 0.05790755897760391], [960, 0.006526811979711056], [970, 0.1280117630958557], [980, 0.03778115659952164], [990, 0.008065418340265751], [1000, 0.03979159891605377], [1010, 0.0058344099670648575], [1020, 0.05606626719236374], [1030, 0.0029166024178266525], [1040, 0.02413477562367916], [1050, 0.04524099826812744], [1060, 0.03375536948442459], [1070, 0.004349604249000549], [1080, 0.07652906328439713], [1090, 0.07115202397108078], [1100, 0.03691122680902481], [1110, 0.05080084130167961], [1120, 0.033698901534080505], [1130, 0.03280948847532272], [1140, 0.005126630421727896], [1150, 0.02467864379286766], [1160, 0.22646772861480713], [1170, 0.008970488794147968], [1180, 0.06252367794513702], [1190, 0.023079000413417816], [1200, 0.09164231270551682], [1210, 0.03335840255022049], [1220, 0.20637649297714233], [1230, 0.028098000213503838], [1240, 0.08873145282268524], [1250, 0.07189181447029114], [1260, 0.0032834336161613464], [1270, 0.06120589002966881], [1280, 0.044793691486120224], [1290, 0.058336205780506134], [1300, 0.03308389335870743], [1310, 0.012086031958460808], [1320, 0.0046300096437335014], [1330, 0.05762901157140732], [1340, 0.0028946043457835913], [1350, 0.13248686492443085], [1360, 0.033634115010499954], [1370, 0.19350239634513855], [1380, 0.06539402902126312], [1390, 0.04346127435564995], [1400, 0.29733532667160034], [1410, 0.014621574431657791], [1420, 0.0039605991914868355], [1430, 0.004328267648816109], [1440, 0.056376270949840546], [1450, 0.02630692347884178], [1460, 0.007686474826186895], [1470, 0.029686322435736656], [1480, 0.05378549546003342], [1490, 0.0018807764863595366], [1500, 0.02228448912501335], [1510, 0.028922155499458313], [1520, 0.3645632863044739], [1530, 0.006634846329689026], [1540, 0.042795609682798386], [1550, 0.09749802947044373], [1560, 0.004599128384143114], [1570, 0.07015255838632584], [1580, 0.017101606354117393], [1590, 0.002774006687104702], [1600, 0.011277629993855953], [1610, 0.05794651433825493], [1620, 0.06449072062969208], [1630, 0.049703653901815414], [1640, 0.005273874849081039], [1650, 0.005049976520240307], [1660, 0.004952630959451199], [1670, 0.05987190455198288], [1680, 0.04897136613726616], [1690, 0.1075579822063446], [1700, 0.03742410987615585], [1710, 0.12807177007198334], [1720, 0.004437105264514685], [1730, 0.22640344500541687], [1740, 0.058734357357025146], [1750, 0.15098437666893005], [1760, 0.004457912407815456], [1770, 0.006741528864949942], [1780, 0.003060409799218178], [1790, 0.06489589810371399], [1800, 0.18512080609798431], [1810, 0.04433045536279678], [1820, 0.0023283623158931732], [1830, 0.03194493055343628], [1840, 0.0493529848754406], [1850, 0.09943141788244247], [1860, 0.028364259749650955], [1870, 0.06948435306549072], [1880, 0.018886476755142212], [1890, 0.016959039494395256], [1900, 0.020913124084472656], [1910, 0.09559182822704315], [1920, 0.02524346485733986], [1930, 0.028577638790011406], [1940, 0.031151678413152695], [1950, 0.0022867005318403244], [1960, 0.0032595403026789427], [1970, 0.16730748116970062], [1980, 0.1310335099697113], [1990, 0.10260283946990967], [2000, 0.0022512730211019516], [2010, 0.019001411274075508], [2020, 0.0037334319204092026], [2030, 0.05826307460665703], [2040, 0.14033201336860657], [2050, 0.00196984875947237], [2060, 0.03584522753953934], [2070, 0.003380180336534977], [2080, 0.0038441959768533707], [2090, 0.009464987553656101], [2100, 0.001296822214499116], [2110, 0.0938713401556015], [2120, 0.0022127600386738777], [2130, 0.03644345700740814], [2140, 0.0012090749805793166], [2150, 0.014878399670124054], [2160, 0.1016969382762909], [2170, 0.002544916234910488], [2180, 0.04703419655561447], [2190, 0.009676322340965271], [2200, 0.01864643767476082], [2210, 0.04862649366259575], [2220, 0.016904491931200027], [2230, 0.002926469314843416], [2240, 0.07852917909622192], [2250, 0.06573203206062317], [2260, 0.03599635511636734], [2270, 0.03235665708780289], [2280, 0.0017423605313524604], [2290, 0.009213196113705635], [2300, 0.03995908424258232], [2310, 0.06673849374055862], [2320, 0.003853714093565941], [2330, 0.04889105260372162], [2340, 0.010184933431446552], [2350, 0.09481798857450485], [2360, 0.03273499011993408], [2370, 0.07973901927471161], [2380, 0.03630413860082626], [2390, 0.047231294214725494], [2400, 0.016410257667303085], [2410, 0.024485066533088684], [2420, 0.02195906639099121], [2430, 0.11166425049304962], [2440, 0.0013110281433910131], [2450, 0.04370761662721634], [2460, 0.03746830299496651], [2470, 0.02965763583779335], [2480, 0.0027893097139894962], [2490, 0.017450612038373947], [2500, 0.0019500625785440207], [2510, 0.03591296076774597], [2520, 0.030507300049066544], [2530, 0.014450453221797943], [2540, 0.032143812626600266], [2550, 0.024988388642668724], [2560, 0.05793197453022003], [2570, 0.002778216963633895]],