{"jigsaw": {"precision": 0.9093, "recall": 0.6601, "f_beta": 0.6984, "specificity": 1.0, "fpr": 0.0073, "tpr": 0.6601, "confusion_matrix": {"tp": 1474, "fp": 147, "tn": 19975, "fn": 759}, "auc": 0.9821608886926284, "class_auc": {"toxicity": 0.9825947868945406, "severe_toxicity": 0.9897061994411165, "obscene": 0.9897508001197106, "threat": 0.9654513275574411, "insult": 0.9851477828665888, "identity_attack": 0.9803144352763731}}, "secondary_neutral": {"precision": 0.9629, "recall": 0.5986, "f_beta": 0.6476, "specificity": 1.0, "fpr": 0.002, "tpr": 0.5986, "confusion_matrix": {"tp": 3378, "fp": 130, "tn": 63417, "fn": 2265}, "auc": 0.9843358303765227, "class_auc": {"toxicity": 0.9846963837383829, "severe_toxicity": 0.992621246558264, "obscene": 0.9967137110297593, "threat": 0.9513784000534652, "insult": 0.9932452776089628, "identity_attack": 0.9873599632703022}}, "secondary_positive": {"topic_4": {"precision": 0, "recall": 0.0, "f_beta": 0, "specificity": 0, "fpr": 0, "tpr": 0.0, "confusion_matrix": {"tp": 0, "fp": 0, "tn": 0, "fn": 105}}, "topic_6": {"precision": 0, "recall": 0.0, "f_beta": 0, "specificity": 0, "fpr": 0, "tpr": 0.0, "confusion_matrix": {"tp": 0, "fp": 0, "tn": 0, "fn": 252}}, "topic_7": {"precision": 0, "recall": 0.0, "f_beta": 0, "specificity": 0, "fpr": 0, "tpr": 0.0, "confusion_matrix": {"tp": 0, "fp": 0, "tn": 0, "fn": 41}}, "topic_10": {"precision": 0, "recall": 0.0, "f_beta": 0, "specificity": 0, "fpr": 0, "tpr": 0.0, "confusion_matrix": {"tp": 0, "fp": 0, "tn": 0, "fn": 25}}, "mean": {"precision": 0.0, "recall": 0.0, "f_beta": 0.0, "specificity": 0.0}}}