{"CLEAN": {"mean_auc": 0.955670627676909, "mean_f1": 0.41541302478680125, "mean_accuracy": 0.9744857156621863, "mean_recall": 0.5124612051200348, "mean_precision": 0.4256339827995994, "scores": {"toxicity": {"auc": 0.9821446783013703, "f1": 0.7855473665288513, "recall": 0.7784111150694691, "precision": 0.7928156748911466, "accuracy": 0.9655152478681891}, "severe_toxicity": {"auc": 0.9206226300402351, "f1": 0.016498625114573787, "recall": 0.1875, "precision": 0.00862895493767977, "accuracy": 0.9689839572192513}, "obscene": {"auc": 0.9978034072727198, "f1": 0.8698501872659177, "recall": 0.8250444049733571, "precision": 0.9198019801980198, "accuracy": 0.991964156670039}, "threat": {"auc": 0.8742787765376818, "f1": 0.021541010770505388, "recall": 0.2, "precision": 0.01138353765323993, "accuracy": 0.9658621188032953}, "insult": {"auc": 0.9689407945757992, "f1": 0.4051948051948052, "recall": 0.7761194029850746, "precision": 0.2741652021089631, "accuracy": 0.9602832779303367}, "identity_attack": {"auc": 0.990233479333648, "f1": 0.3938461538461539, "recall": 0.3076923076923077, "precision": 0.5470085470085471, "accuracy": 0.9943055354820061}}}, "DIRTY": {"mean_auc": NaN, "mean_f1": 0.3937906634491663, "mean_accuracy": 0.8171167838204464, "mean_recall": 0.3248242693303736, "mean_precision": 0.5, "scores": {"toxicity": {"auc": NaN, "f1": 0.0, "recall": 0.0, "precision": 0.0, "accuracy": 0.9696633370329264}, "severe_toxicity": {"auc": NaN, "f1": 0.7788570137790829, "recall": 0.637809840917499, "precision": 1.0, "accuracy": 0.637809840917499}, "obscene": {"auc": NaN, "f1": 0.0, "recall": 0.0, "precision": 0.0, "accuracy": 0.9844617092119867}, "threat": {"auc": NaN, "f1": 0.7881640887693342, "recall": 0.6503884572697003, "precision": 1.0, "accuracy": 0.6503884572697003}, "insult": {"auc": NaN, "f1": 0.7957228781465806, "recall": 0.6607473177950426, "precision": 1.0, "accuracy": 0.6607473177950426}, "identity_attack": {"auc": NaN, "f1": 0.0, "recall": 0.0, "precision": 0.0, "accuracy": 0.9996300406955235}}}, "BOTH": {"mean_auc": 0.9738405957133311, "mean_f1": 0.6559878762829658, "mean_accuracy": 0.963081130355515, "mean_recall": 0.6437838990875974, "mean_precision": 0.6796085724848978, "scores": {"toxicity": {"auc": 0.9817281268636787, "f1": 0.7741364038972541, "recall": 0.7784111150694691, "precision": 0.7699083861874559, "accuracy": 0.9658158614402917}, "severe_toxicity": {"auc": 0.958231531487083, "f1": 0.6281261326567597, "recall": 0.6299527444565612, "precision": 0.6263100831225153, "accuracy": 0.9449836452356695}, "obscene": {"auc": 0.9972522980298, "f1": 0.8530762167125804, "recall": 0.8250444049733571, "precision": 0.8830798479087453, "accuracy": 0.9914204514987399}, "threat": {"auc": 0.9563585070534294, "f1": 0.6249117854622441, "recall": 0.6398121387283237, "precision": 0.6106896551724138, "accuracy": 0.9429996246447531}, "insult": {"auc": 0.9589469478744295, "f1": 0.6630386821591411, "recall": 0.6817906836055656, "precision": 0.6452905811623246, "accuracy": 0.9385757949487908}, "identity_attack": {"auc": 0.990526162971566, "f1": 0.39263803680981596, "recall": 0.3076923076923077, "precision": 0.5423728813559322, "accuracy": 0.9946914043648453}}}}