{"jigsaw": {"precision": 0.9137, "recall": 0.6399, "f1": 0.7527, "auc": 0.9846314004506165, "class_auc": {"toxicity": 0.9825583597270937, "severe_toxicity": 0.9890787842491133, "obscene": 0.9899288044091163, "threat": 0.9754944310559716, "insult": 0.9844276062630247, "identity_attack": 0.986300416999379}}, "secondary_neutral": {"precision": 0.9178, "recall": 0.5991, "f1": 0.725, "auc": 0.993068113078333, "class_auc": {"toxicity": 0.9878609516591379, "severe_toxicity": 0.9958873341790183, "obscene": 0.9986467253725219, "threat": 0.9885517610104926, "insult": 0.9941194697748674, "identity_attack": 0.99334243647396}}, "secondary_positive": {"precision": 1.0, "recall": 0.9762, "f1": 0.988, "fpr": 0, "tpr": 0.9762, "confusion_matrix": {"tp": 533, "fp": 0, "tn": 0, "fn": 13}}}