{"jigsaw": {"precision": 0.912, "recall": 0.6588, "f1": 0.765, "auc": 0.9851341480890411, "class_auc": {"toxicity": 0.9830551404703406, "severe_toxicity": 0.9894987894602889, "obscene": 0.9905085624656864, "threat": 0.9756599895301753, "insult": 0.9853264843293421, "identity_attack": 0.9867559222784136}}, "secondary_neutral": {"precision": 0.8971, "recall": 0.6566, "f1": 0.7582, "auc": 0.9925606902917359, "class_auc": {"toxicity": 0.9883014338526536, "severe_toxicity": 0.9950852375090415, "obscene": 0.9986370359445061, "threat": 0.9842635166744637, "insult": 0.9945055369239401, "identity_attack": 0.9945713808458106}}, "secondary_positive": {"precision": 1.0, "recall": 0.8095, "f1": 0.8947, "fpr": 0, "tpr": 0.8095, "confusion_matrix": {"tp": 85, "fp": 0, "tn": 0, "fn": 20}}}