{"num_epochs": 1, "loss": [[0, 0.8081797957420349], [10, 0.386168897151947], [20, 0.3968484103679657], [30, 0.3667871356010437], [40, 0.25438201427459717], [50, 0.2072194218635559], [60, 0.11027316749095917], [70, 0.19346700608730316], [80, 0.21251866221427917], [90, 0.04543639346957207], [100, 0.3014856278896332], [110, 0.1457030475139618], [120, 0.0937199592590332], [130, 0.1262764185667038], [140, 0.0421142652630806], [150, 0.2908663749694824], [160, 0.08348733186721802], [170, 0.12079364061355591], [180, 0.06993602216243744], [190, 0.219375342130661], [200, 0.023943021893501282], [210, 0.1333654224872589], [220, 0.14039528369903564], [230, 0.07281382381916046], [240, 0.11617682874202728], [250, 0.11208534240722656], [260, 0.1528012454509735], [270, 0.047208547592163086], [280, 0.10101626813411713], [290, 0.20744621753692627], [300, 0.044317033141851425], [310, 0.15849411487579346], [320, 0.2192709743976593], [330, 0.02773379534482956], [340, 0.22245478630065918], [350, 0.44289231300354004], [360, 0.05541347712278366], [370, 0.0624690055847168], [380, 0.07047492265701294], [390, 0.1502033770084381], [400, 0.023476794362068176], [410, 0.1679280400276184], [420, 0.1924256682395935], [430, 0.11033722013235092], [440, 0.23704159259796143], [450, 0.22354523837566376], [460, 0.1377163529396057], [470, 0.13014847040176392], [480, 0.2570149898529053], [490, 0.07162167876958847], [500, 0.0490739643573761], [510, 0.15883350372314453], [520, 0.22361718118190765], [530, 0.006322262808680534], [540, 0.029494214802980423], [550, 0.16379377245903015], [560, 0.1233067438006401], [570, 0.09143008291721344], [580, 0.091880664229393], [590, 0.22031746804714203], [600, 0.09133113920688629], [610, 0.04214121401309967], [620, 0.033084869384765625], [630, 0.031495772302150726], [640, 0.13477280735969543], [650, 0.07551088184118271], [660, 0.21609465777873993], [670, 0.006052595563232899], [680, 0.25851619243621826], [690, 0.038696303963661194], [700, 0.07300443947315216], [710, 0.02960621938109398], [720, 0.017464708536863327], [730, 0.07748463749885559], [740, 0.008414211682975292], [750, 0.06484910845756531], [760, 0.04660866782069206], [770, 0.054557472467422485], [780, 0.08949022740125656], [790, 0.03728519007563591], [800, 0.004193561151623726], [810, 0.186504527926445], [820, 0.03751912713050842], [830, 0.08495243638753891], [840, 0.06143368408083916], [850, 0.04903387650847435], [860, 0.1340198814868927], [870, 0.12259398400783539], [880, 0.1634223461151123], [890, 0.012685018591582775], [900, 0.05973416194319725], [910, 0.0816962718963623], [920, 0.010962940752506256], [930, 0.04513074457645416], [940, 0.19468246400356293], [950, 0.004338792059570551], [960, 0.01925254426896572], [970, 0.047543831169605255], [980, 0.10671468824148178], [990, 0.020393654704093933], [1000, 0.15880832076072693], [1010, 0.02429121546447277], [1020, 0.15197551250457764], [1030, 0.19512037932872772], [1040, 0.0891943871974945], [1050, 0.12075036019086838], [1060, 0.15023808181285858], [1070, 0.0340084433555603], [1080, 0.016988955438137054], [1090, 0.05820342153310776], [1100, 0.0031556652393192053], [1110, 0.047434963285923004], [1120, 0.02939961664378643], [1130, 0.10742788016796112], [1140, 0.11224830150604248], [1150, 0.03944143280386925], [1160, 0.03212356194853783], [1170, 0.006203180178999901], [1180, 0.04657392203807831], [1190, 0.019655847921967506], [1200, 0.022058412432670593], [1210, 0.10250174254179001], [1220, 0.09253331273794174], [1230, 0.07770827412605286], [1240, 0.163156658411026], [1250, 0.05105732008814812], [1260, 0.1886565089225769], [1270, 0.10068340599536896], [1280, 0.0728163942694664], [1290, 0.12312299013137817], [1300, 0.19423705339431763], [1310, 0.13073846697807312], [1320, 0.037824325263500214], [1330, 0.04609166830778122], [1340, 0.02808079682290554], [1350, 0.016723942011594772], [1360, 0.12283053994178772], [1370, 0.1470910757780075], [1380, 0.18127064406871796], [1390, 0.044511016458272934], [1400, 0.10681705921888351], [1410, 0.04898291826248169], [1420, 0.002674888586625457], [1430, 0.0018915729597210884], [1440, 0.026314228773117065], [1450, 0.00233786110766232], [1460, 0.025152534246444702], [1470, 0.11721943318843842], [1480, 0.0510052889585495], [1490, 0.0037617431953549385], [1500, 0.17795667052268982], [1510, 0.17148010432720184], [1520, 0.037559233605861664], [1530, 0.15761947631835938], [1540, 0.04500986263155937], [1550, 0.0016729515045881271], [1560, 0.1772133708000183], [1570, 0.006873482372611761], [1580, 0.04256978631019592], [1590, 0.03305325657129288], [1600, 0.010825147852301598], [1610, 0.06513340026140213], [1620, 0.013809806667268276], [1630, 0.007410525809973478], [1640, 0.0332031324505806], [1650, 0.16202028095722198], [1660, 0.001810090383514762], [1670, 0.34676826000213623], [1680, 0.006130926311016083], [1690, 0.07321096956729889], [1700, 0.32803672552108765], [1710, 0.31743329763412476], [1720, 0.14246216416358948], [1730, 0.1641858071088791], [1740, 0.11107518523931503], [1750, 0.030405525118112564], [1760, 0.08905410021543503], [1770, 0.1038767546415329], [1780, 0.0866456851363182], [1790, 0.0015208020340651274], [1800, 0.3083960711956024], [1810, 0.049681760370731354], [1820, 0.023730618879199028], [1830, 0.09237571805715561], [1840, 0.05393163114786148], [1850, 0.020914798602461815], [1860, 0.03078288957476616], [1870, 0.0741310641169548], [1880, 0.009035217575728893], [1890, 0.04124438017606735], [1900, 0.06293538212776184], [1910, 0.039814747869968414], [1920, 0.13146913051605225], [1930, 0.008947165682911873], [1940, 0.008100763894617558], [1950, 0.03266824781894684], [1960, 0.15395678579807281], [1970, 0.06476470828056335], [1980, 0.0039846221916377544], [1990, 0.011741932481527328], [2000, 0.04871851205825806], [2010, 0.09172798693180084], [2020, 0.038239993155002594], [2030, 0.03215562552213669], [2040, 0.015816740691661835], [2050, 0.013797186315059662], [2060, 0.06339496374130249], [2070, 0.04611584544181824], [2080, 0.2345181703567505], [2090, 0.016763674095273018], [2100, 0.06462131440639496], [2110, 0.014411683194339275], [2120, 0.006436653435230255], [2130, 0.16043730080127716], [2140, 0.11357223242521286], [2150, 0.1307578980922699], [2160, 0.0560280904173851], [2170, 0.0038599323015660048], [2180, 0.010322303511202335], [2190, 0.0023028000723570585], [2200, 0.07067032158374786], [2210, 0.005692631006240845], [2220, 0.008374198339879513], [2230, 0.13242630660533905], [2240, 0.1001717671751976], [2250, 0.0225495845079422], [2260, 0.07842196524143219], [2270, 0.015574492514133453], [2280, 0.15115424990653992], [2290, 0.05948527902364731], [2300, 0.03483988344669342], [2310, 0.07340577244758606], [2320, 0.0019707593601197004], [2330, 0.06476716697216034], [2340, 0.031338468194007874], [2350, 0.01575094647705555], [2360, 0.2327478528022766], [2370, 0.10142066329717636], [2380, 0.16507792472839355], [2390, 0.010951623320579529], [2400, 0.001461464329622686], [2410, 0.19637177884578705], [2420, 0.012009560130536556], [2430, 0.09264640510082245], [2440, 0.03910849243402481], [2450, 0.16463443636894226], [2460, 0.020437514409422874], [2470, 0.007604607846587896], [2480, 0.028909891843795776], [2490, 0.03652113676071167], [2500, 0.01042086910456419], [2510, 0.035110265016555786]],