{"jigsaw": {"precision": 0.9133, "recall": 0.6605, "f_beta": 0.6993, "specificity": 1.0, "fpr": 0.007, "tpr": 0.6605, "confusion_matrix": {"tp": 1475, "fp": 140, "tn": 19982, "fn": 758}, "auc": 0.9800809379579477, "class_auc": {"toxicity": 0.9822058184400945, "severe_toxicity": 0.9854076275884659, "obscene": 0.9897626670723377, "threat": 0.9616155009368045, "insult": 0.9860245788772269, "identity_attack": 0.9754694348327567}}, "secondary_neutral": {"precision": 0.7266, "recall": 0.5906, "f_beta": 0.6136, "specificity": 0.9857, "fpr": 0.0197, "tpr": 0.5906, "confusion_matrix": {"tp": 3333, "fp": 1254, "tn": 62293, "fn": 2310}, "auc": 0.9733344241490608, "class_auc": {"toxicity": 0.9821199885907094, "severe_toxicity": 0.9807729925297826, "obscene": 0.9947409600772404, "threat": 0.9235984316870504, "insult": 0.9863364129723828, "identity_attack": 0.9724377590371991}}, "secondary_positive": {"topic_4": {"precision": 1.0, "recall": 0.819, "f_beta": 0.8498, "specificity": 0, "fpr": 0, "tpr": 0.819, "confusion_matrix": {"tp": 86, "fp": 0, "tn": 0, "fn": 19}}, "topic_6": {"precision": 1.0, "recall": 0.7897, "f_beta": 0.8244, "specificity": 0, "fpr": 0, "tpr": 0.7897, "confusion_matrix": {"tp": 199, "fp": 0, "tn": 0, "fn": 53}}, "topic_7": {"precision": 1.0, "recall": 0.2195, "f_beta": 0.2601, "specificity": 0, "fpr": 0, "tpr": 0.2195, "confusion_matrix": {"tp": 9, "fp": 0, "tn": 0, "fn": 32}}, "topic_10": {"precision": 1.0, "recall": 0.48, "f_beta": 0.5357, "specificity": 0, "fpr": 0, "tpr": 0.48, "confusion_matrix": {"tp": 12, "fp": 0, "tn": 0, "fn": 13}}, "mean": {"precision": 1.0, "recall": 0.57705, "f_beta": 0.6174999999999999, "specificity": 0.0}}}