{"jigsaw": {"precision": 1.0, "recall": 0.004, "f1": 0.008, "auc": 0.9849464169463519, "class_auc": {"toxicity": 0.9829276920259765, "severe_toxicity": 0.9892861942299408, "obscene": 0.9898161066396518, "threat": 0.9788178425399002, "insult": 0.9854907673871711, "identity_attack": 0.9833398988554698}}, "secondary_neutral": {"precision": 0.9857, "recall": 0.0122, "f1": 0.0242, "auc": 0.9870160331438885, "class_auc": {"toxicity": 0.9853362092874212, "severe_toxicity": 0.9869342203915125, "obscene": 0.9972656235041738, "threat": 0.9718406513845264, "insult": 0.9909840068348175, "identity_attack": 0.9897354874608802}}, "secondary_positive": {"precision": 1.0, "recall": 0.0079, "f1": 0.0157, "fpr": 0, "tpr": 0.0079, "confusion_matrix": {"tp": 2, "fp": 0, "tn": 0, "fn": 250}}}