{"jigsaw": {"precision": 0.9737, "recall": 0.4639, "f1": 0.6285, "auc": 0.9834927768022189, "class_auc": {"toxicity": 0.9832604105906134, "severe_toxicity": 0.988514024155485, "obscene": 0.9903305581762806, "threat": 0.9830086871562767, "insult": 0.9849871560518425, "identity_attack": 0.9708558246828144}}, "secondary_neutral": {"precision": 0.7439, "recall": 0.3516, "f1": 0.4775, "auc": 0.972816260471513, "class_auc": {"toxicity": 0.9798786828219275, "severe_toxicity": 0.9629951182860355, "obscene": 0.9965646132970185, "threat": 0.9426910824478157, "insult": 0.9708392115530455, "identity_attack": 0.9839288544232347}}, "secondary_positive": {"precision": 1.0, "recall": 0.8373, "f1": 0.9114, "fpr": 0, "tpr": 0.8373, "confusion_matrix": {"tp": 211, "fp": 0, "tn": 0, "fn": 41}}}