{"jigsaw": {"precision": 0.9146, "recall": 0.6426, "f1": 0.7549, "fpr": 0.0067, "tpr": 0.6426, "confusion_matrix": {"tp": 1435, "fp": 134, "tn": 19988, "fn": 798}, "auc": 0.9834927768022189, "class_auc": {"toxicity": 0.9832604105906134, "severe_toxicity": 0.988514024155485, "obscene": 0.9903305581762806, "threat": 0.9830086871562767, "insult": 0.9849871560518425, "identity_attack": 0.9708558246828144}}, "secondary_neutral": {"precision": 0.7242, "recall": 0.5804, "f1": 0.6444, "fpr": 0.0196, "tpr": 0.5804, "confusion_matrix": {"tp": 3275, "fp": 1247, "tn": 62300, "fn": 2368}, "auc": 0.972816260471513, "class_auc": {"toxicity": 0.9798786828219275, "severe_toxicity": 0.9629951182860355, "obscene": 0.9965646132970185, "threat": 0.9426910824478157, "insult": 0.9708392115530455, "identity_attack": 0.9839288544232347}}, "secondary_positive": {"precision": 1.0, "recall": 0.9087, "f1": 0.9522, "fpr": 0, "tpr": 0.9087, "confusion_matrix": {"tp": 229, "fp": 0, "tn": 0, "fn": 23}}, "secondary": {"precision": 0.1643, "recall": 0.9087, "f1": 0.2783, "fpr": 0.0168, "tpr": 0.9087, "confusion_matrix": {"tp": 229, "fp": 1165, "tn": 68025, "fn": 23}}}