{"jigsaw": {"precision": 0.8992, "recall": 0.6391, "f1": 0.7471, "auc": 0.9851627216648446, "class_auc": {"toxicity": 0.9825665686662368, "severe_toxicity": 0.9882722618965828, "obscene": 0.989299186011267, "threat": 0.9819468394071141, "insult": 0.9845857336121608, "identity_attack": 0.9843057403957058}}, "secondary_neutral": {"precision": 0.741, "recall": 0.6233, "f1": 0.6771, "auc": 0.9774278693945014, "class_auc": {"toxicity": 0.9790986339593865, "severe_toxicity": 0.9709807141304244, "obscene": 0.9965547081796804, "threat": 0.9499022032123683, "insult": 0.9785939729717893, "identity_attack": 0.9894369839133601}}, "secondary_positive": {"precision": 1.0, "recall": 0.9716, "f1": 0.9856, "fpr": 0, "tpr": 0.9716, "confusion_matrix": {"tp": 1334, "fp": 0, "tn": 0, "fn": 39}}}