{"jigsaw": {"precision": 0.899, "recall": 0.6458, "f_beta": 0.6843, "specificity": 1.0, "fpr": 0.0081, "tpr": 0.6458, "confusion_matrix": {"tp": 1442, "fp": 162, "tn": 19960, "fn": 791}, "auc": 0.9836347243359397, "class_auc": {"toxicity": 0.9825003607735471, "severe_toxicity": 0.9899358627844703, "obscene": 0.9902262821151319, "threat": 0.9718958660515353, "insult": 0.9855761210392455, "identity_attack": 0.981673853251708}}, "secondary_neutral": {"precision": 0.7326, "recall": 0.616, "f_beta": 0.6362, "specificity": 0.9856, "fpr": 0.02, "tpr": 0.616, "confusion_matrix": {"tp": 3476, "fp": 1269, "tn": 62278, "fn": 2167}, "auc": 0.9774477920719229, "class_auc": {"toxicity": 0.9812740695678355, "severe_toxicity": 0.9712315256503905, "obscene": 0.995577857875722, "threat": 0.9468339682327518, "insult": 0.9862127481519088, "identity_attack": 0.9835565829529297}}, "secondary_positive": {"topic_4": {"precision": 1.0, "recall": 0.6476, "f_beta": 0.6967, "specificity": 0, "fpr": 0, "tpr": 0.6476, "confusion_matrix": {"tp": 68, "fp": 0, "tn": 0, "fn": 37}}, "topic_6": {"precision": 1.0, "recall": 0.8016, "f_beta": 0.8347, "specificity": 0, "fpr": 0, "tpr": 0.8016, "confusion_matrix": {"tp": 202, "fp": 0, "tn": 0, "fn": 50}}, "topic_7": {"precision": 1.0, "recall": 0.4634, "f_beta": 0.5191, "specificity": 0, "fpr": 0, "tpr": 0.4634, "confusion_matrix": {"tp": 19, "fp": 0, "tn": 0, "fn": 22}}, "topic_10": {"precision": 1.0, "recall": 0.56, "f_beta": 0.614, "specificity": 0, "fpr": 0, "tpr": 0.56, "confusion_matrix": {"tp": 14, "fp": 0, "tn": 0, "fn": 11}}, "mean": {"precision": 1.0, "recall": 0.61815, "f_beta": 0.666125, "specificity": 0.0}}}