{"num_epochs": 1, "loss": [[0, 0.7900165915489197], [50, 0.4187093675136566], [100, 0.09280397742986679], [150, 0.20711687207221985], [200, 0.07617457956075668], [250, 0.20780353248119354], [300, 0.023470766842365265], [350, 0.09791331738233566], [400, 0.05182349681854248], [450, 0.10853134095668793], [500, 0.05155472457408905], [550, 0.17255747318267822], [600, 0.07565297186374664], [650, 0.05152236670255661], [700, 0.11591494083404541], [750, 0.18775855004787445], [800, 0.026252951472997665], [850, 0.25019413232803345], [900, 0.11453883349895477], [950, 0.04188838228583336], [1000, 0.15859933197498322], [1050, 0.010490971617400646], [1100, 0.13228845596313477], [1150, 0.0272723026573658], [1200, 0.3133738040924072], [1250, 0.01622365415096283], [1300, 0.0743185505270958], [1350, 0.07357876002788544], [1400, 0.09081356972455978], [1450, 0.13618698716163635], [1500, 0.044254399836063385], [1550, 0.0676015093922615], [1600, 0.024549290537834167], [1650, 0.011687776073813438], [1700, 0.11744070053100586], [1750, 0.12137122452259064], [1800, 0.024170029908418655], [1850, 0.07481218874454498], [1900, 0.08870740979909897], [1950, 0.13228446245193481], [2000, 0.0968559980392456], [2050, 0.131203293800354], [2100, 0.10332132875919342], [2150, 0.021306131035089493], [2200, 0.05279625207185745], [2250, 0.0387762114405632], [2300, 0.3375278115272522], [2350, 0.09849660098552704], [2400, 0.09331680834293365], [2450, 0.012856094166636467], [2500, 0.010841804556548595], [2550, 0.28262802958488464], [2600, 0.06525270640850067], [2650, 0.060946546494960785], [2700, 0.05598583072423935], [2750, 0.015912186354398727], [2800, 0.009275456890463829], [2850, 0.04453360289335251], [2900, 0.026457905769348145], [2950, 0.009378539398312569], [3000, 0.006091007497161627], [3050, 0.024624977260828018], [3100, 0.05840138718485832], [3150, 0.0027052736841142178], [3200, 0.12375445663928986], [3250, 0.004739449359476566], [3300, 0.06676672399044037], [3350, 0.004254518076777458], [3400, 0.006210491061210632], [3450, 0.12198593467473984], [3500, 0.3382827043533325], [3550, 0.14109867811203003], [3600, 0.065652996301651], [3650, 0.1430506706237793], [3700, 0.060131072998046875], [3750, 0.043313346803188324], [3800, 0.005695815198123455], [3850, 0.06978112459182739], [3900, 0.03242872282862663], [3950, 0.036202073097229004], [4000, 0.36269471049308777], [4050, 0.010082974098622799], [4100, 0.0033280635252594948], [4150, 0.08434846252202988], [4200, 0.040508776903152466], [4250, 0.03618054836988449], [4300, 0.007892968133091927], [4350, 0.007452452089637518], [4400, 0.06307166814804077], [4450, 0.051501043140888214], [4500, 0.004739333875477314], [4550, 0.01050974428653717], [4600, 0.07498107850551605], [4650, 0.07916402816772461], [4700, 0.07519504427909851], [4750, 0.008143700659275055], [4800, 0.06485287100076675], [4850, 0.0026831957511603832], [4900, 0.018072431907057762], [4950, 0.0029842115473002195], [5000, 0.001914891297928989], [5050, 0.017156753689050674], [5100, 0.05818391963839531], [5150, 0.03338739275932312], [5200, 0.003291335655376315], [5250, 0.09527488052845001], [5300, 0.009108178317546844], [5350, 0.017892679199576378], [5400, 0.0018563168123364449], [5450, 0.00210295501165092], [5500, 0.021625569090247154], [5550, 0.08159516006708145], [5600, 0.07698320597410202], [5650, 0.001850948086939752], [5700, 0.031932469457387924], [5750, 0.02390044741332531], [5800, 0.13172052800655365], [5850, 0.2654489278793335], [5900, 0.005132351536303759], [5950, 0.04532409459352493], [6000, 0.016498636454343796], [6050, 0.08998163789510727], [6100, 0.027663646265864372], [6150, 0.024772031232714653], [6200, 0.027790209278464317], [6250, 0.02788497880101204], [6300, 0.004664996638894081], [6350, 0.09182578325271606], [6400, 0.018844638019800186], [6450, 0.07861875742673874], [6500, 0.0048452215269207954], [6550, 0.029104551300406456], [6600, 0.015726793557405472], [6650, 0.009750738739967346], [6700, 0.04359222203493118], [6750, 0.12205427885055542], [6800, 0.03170224279165268], [6850, 0.03437378630042076], [6900, 0.04122902825474739], [6950, 0.005485966801643372], [7000, 0.009982525371015072], [7050, 0.021543312817811966], [7100, 0.0779302716255188], [7150, 0.004869244061410427], [7200, 0.02938305400311947], [7250, 0.031756650656461716], [7300, 0.04824916273355484], [7350, 0.10661385953426361], [7400, 0.0016861269250512123], [7450, 0.055775709450244904], [7500, 0.045336198061704636], [7550, 0.004838466178625822], [7600, 0.032776542007923126], [7650, 0.17099091410636902], [7700, 0.03935819864273071], [7750, 0.1422526091337204], [7800, 0.0186807569116354], [7850, 0.007930656895041466], [7900, 0.0010580691741779447], [7950, 0.08890321850776672], [8000, 0.007281634025275707], [8050, 0.01177011989057064], [8100, 0.09920929372310638], [8150, 0.16697607934474945], [8200, 0.06875994801521301], [8250, 0.0056056734174489975], [8300, 0.051291268318891525], [8350, 0.0018114019185304642], [8400, 0.26567894220352173], [8450, 0.0024609942920506], [8500, 0.008680639788508415], [8550, 0.16315436363220215], [8600, 0.001241769059561193], [8650, 0.015152583830058575], [8700, 0.00165405566804111], [8750, 0.031886909157037735], [8800, 0.1148090809583664], [8850, 0.027165252715349197], [8900, 0.036183666437864304], [8950, 0.03000238537788391], [9000, 0.002446686616167426], [9050, 0.11784529685974121], [9100, 0.060320064425468445], [9150, 0.004298865795135498], [9200, 0.09213334321975708], [9250, 0.03516518324613571], [9300, 0.04305161163210869], [9350, 0.006253903266042471], [9400, 0.04037139564752579], [9450, 0.049415986984968185], [9500, 0.025024306029081345], [9550, 0.02231534942984581], [9600, 0.031990353018045425], [9650, 0.052870478481054306], [9700, 0.050245918333530426], [9750, 0.04052925109863281], [9800, 0.003324128221720457], [9850, 0.013007569126784801], [9900, 0.0015338289085775614], [9950, 0.0450555682182312], [10000, 0.05949719250202179], [10050, 0.03503706306219101], [10100, 0.0025056274607777596], [10150, 0.018788928166031837], [10200, 0.11429115384817123], [10250, 0.08031925559043884], [10300, 0.0051138633862137794], [10350, 0.01498364843428135], [10400, 0.04996559023857117], [10450, 0.0010202524717897177], [10500, 0.010355772450566292], [10550, 0.0010019107721745968], [10600, 0.07514875382184982], [10650, 0.07940053194761276], [10700, 0.012395044788718224], [10750, 0.029352538287639618], [10800, 0.016052450984716415], [10850, 0.0018660032656043768], [10900, 0.034820400178432465], [10950, 0.002273353049531579], [11000, 0.03472413867712021], [11050, 0.09457145631313324], [11100, 0.002143090358003974], [11150, 0.22088192403316498], [11200, 0.004164114128798246], [11250, 0.009481566958129406], [11300, 0.008335202932357788], [11350, 0.03173143416643143], [11400, 0.009457258507609367], [11450, 0.005968613084405661], [11500, 0.2492384910583496], [11550, 0.05200672149658203], [11600, 0.001824505627155304], [11650, 0.053821347653865814], [11700, 0.005139561370015144], [11750, 0.07379283756017685], [11800, 0.02923419326543808], [11850, 0.0215432271361351], [11900, 0.049612030386924744], [11950, 0.1540869176387787], [12000, 0.0029061404056847095], [12050, 0.6651420593261719], [12100, 0.002063486259430647], [12150, 0.02868279442191124], [12200, 0.05392535775899887], [12250, 0.06707335263490677], [12300, 0.0025370146613568068], [12350, 0.03834895044565201], [12400, 0.09818066656589508], [12450, 0.004597253631800413], [12500, 0.013680140487849712], [12550, 0.15176695585250854], [12600, 0.1294538378715515], [12650, 0.029723387211561203], [12700, 0.020949717611074448], [12750, 0.04653444141149521], [12800, 0.04200258478522301], [12850, 0.05125674232840538], [12900, 0.030945807695388794], [12950, 0.04819181188941002], [13000, 0.006829740479588509], [13050, 0.026942236348986626], [13100, 0.2653432786464691], [13150, 0.036090292036533356], [13200, 0.007568453438580036], [13250, 0.0033371644094586372], [13300, 0.040950559079647064], [13350, 0.0006406659376807511], [13400, 0.1390582025051117], [13450, 