{"num_epochs": 1, "loss": [[0, 0.7931529879570007], [10, 0.15586431324481964], [20, 0.07649064809083939], [30, 0.26704347133636475], [40, 0.05098268389701843], [50, 0.038744207471609116], [60, 0.10170953720808029], [70, 0.11109807342290878], [80, 0.08383061736822128], [90, 0.020056717097759247], [100, 0.01641853153705597], [110, 0.09270618855953217], [120, 0.04546923562884331], [130, 0.013174615800380707], [140, 0.06944479048252106], [150, 0.011594247072935104], [160, 0.07811518758535385], [170, 0.03859521076083183], [180, 0.07734896242618561], [190, 0.04726829379796982], [200, 0.1062813550233841], [210, 0.010955939069390297], [220, 0.008992241695523262], [230, 0.008718384429812431], [240, 0.03500157594680786], [250, 0.009788742288947105], [260, 0.011407563462853432], [270, 0.010332236997783184], [280, 0.009214945137500763], [290, 0.06301099807024002], [300, 0.019188210368156433], [310, 0.006901755928993225], [320, 0.0061377305537462234], [330, 0.09630817174911499], [340, 0.36207330226898193], [350, 0.02718917652964592], [360, 0.036091502755880356], [370, 0.10844822227954865], [380, 0.006946330424398184], [390, 0.28002655506134033], [400, 0.10882562398910522], [410, 0.005671491846442223], [420, 0.07413270324468613], [430, 0.02574060671031475], [440, 0.005118263885378838], [450, 0.15860843658447266], [460, 0.05081019550561905], [470, 0.00506978202611208], [480, 0.004709804430603981], [490, 0.008200430311262608], [500, 0.02328225038945675], [510, 0.03688247129321098], [520, 0.05884876847267151], [530, 0.13824856281280518], [540, 0.027148133143782616], [550, 0.026525035500526428], [560, 0.005883609410375357], [570, 0.038056839257478714], [580, 0.004054591991007328], [590, 0.033506207168102264], [600, 0.0057366094551980495], [610, 0.061096321791410446], [620, 0.08394074440002441], [630, 0.025199830532073975], [640, 0.025695232674479485], [650, 0.020508354529738426], [660, 0.00401246128603816], [670, 0.003968707285821438], [680, 0.05695691704750061], [690, 0.013186441734433174], [700, 0.02420443296432495], [710, 0.014635501429438591], [720, 0.031774234026670456], [730, 0.010333061218261719], [740, 0.008568722754716873], [750, 0.003044291865080595], [760, 0.005282207392156124], [770, 0.1156138926744461], [780, 0.1448971927165985], [790, 0.01752656325697899], [800, 0.02114517241716385], [810, 0.0031253411434590816], [820, 0.004730836022645235], [830, 0.09859182685613632], [840, 0.12807288765907288], [850, 0.0031347237527370453], [860, 0.014174088835716248], [870, 0.1525440216064453], [880, 0.036117859184741974], [890, 0.02491147629916668], [900, 0.006367819383740425], [910, 0.015648482367396355], [920, 0.007443341426551342], [930, 0.0026654675602912903], [940, 0.03770449012517929], [950, 0.05386102944612503], [960, 0.016893740743398666], [970, 0.014194893650710583], [980, 0.09380099177360535], [990, 0.007878139615058899], [1000, 0.018058355897665024], [1010, 0.0677635595202446], [1020, 0.05236942693591118], [1030, 0.04201991483569145], [1040, 0.10506588220596313], [1050, 0.004671568050980568], [1060, 0.3710169196128845], [1070, 0.034746184945106506], [1080, 0.3365493714809418], [1090, 0.04762737452983856], [1100, 0.0026306132785975933], [1110, 0.02608218416571617], [1120, 0.0756932869553566], [1130, 0.004244828596711159], [1140, 0.0584818497300148], [1150, 0.03646974265575409], [1160, 0.053127020597457886], [1170, 0.05668168514966965], [1180, 0.19448968768119812], [1190, 0.08252299576997757], [1200, 0.12881751358509064], [1210, 0.21601097285747528], [1220, 0.0031506549566984177], [1230, 0.0039089275524020195], [1240, 0.023138729855418205], [1250, 0.020356331020593643], [1260, 0.015399381518363953], [1270, 0.012438079342246056], [1280, 0.002212515799328685], [1290, 0.007558311801403761], [1300, 0.03092656284570694], [1310, 0.11165258288383484], [1320, 0.005482581909745932], [1330, 0.06943677365779877], [1340, 0.001820447389036417], [1350, 0.005786250811070204], [1360, 0.002018192782998085], [1370, 0.29511207342147827], [1380, 0.0720805749297142], [1390, 0.02107701264321804], [1400, 0.0030502830632030964], [1410, 0.0185192059725523], [1420, 0.028479233384132385], [1430, 0.01541658490896225], [1440, 0.1330866813659668], [1450, 0.03797774016857147], [1460, 0.06780621409416199], [1470, 0.11013048887252808], [1480, 0.003698893589898944], [1490, 0.012909771874547005], [1500, 0.006355777382850647], [1510, 0.09231057018041611], [1520, 0.02722937986254692], [1530, 0.013979539275169373], [1540, 0.05695910006761551], [1550, 0.020218025892972946], [1560, 0.10714628547430038], [1570, 0.04226500913500786], [1580, 0.004945333115756512], [1590, 0.001594846835359931], [1600, 0.0465950146317482], [1610, 0.02490566298365593], [1620, 0.06803108751773834], [1630, 0.0037745600566267967], [1640, 0.029652070254087448], [1650, 0.0029563973657786846], [1660, 0.01721583679318428], [1670, 0.002653254196047783], [1680, 0.031091725453734398], [1690, 0.06579137593507767], [1700, 0.010921066626906395], [1710, 0.05319821834564209], [1720, 0.013574732467532158], [1730, 0.02287571132183075], [1740, 0.03576873987913132], [1750, 0.0020718970336019993], [1760, 0.017115909606218338], [1770, 0.013459435664117336], [1780, 0.019760068506002426], [1790, 0.015227663330733776], [1800, 0.012475123628973961], [1810, 0.02279333770275116], [1820, 0.0052468255162239075], [1830, 0.015648972243070602], [1840, 0.09226011484861374], [1850, 0.0014758988982066512], [1860, 0.004779504612088203], [1870, 0.03531051427125931], [1880, 0.0063558304682374], [1890, 0.15024593472480774], [1900, 0.012620667926967144], [1910, 0.08827536553144455], [1920, 0.08950605988502502], [1930, 0.06446079909801483], [1940, 0.0015215984312817454], [1950, 0.008679462596774101], [1960, 0.06813431531190872], [1970, 0.0011879096273332834], [1980, 0.10800959169864655], [1990, 0.09726549685001373], [2000, 0.0910971388220787], [2010, 0.07473935186862946], [2020, 0.011589059606194496], [2030, 0.024932563304901123], [2040, 0.0936880111694336], [2050, 0.017495308071374893], [2060, 0.0012183672515675426], [2070, 0.0026386254467070103], [2080, 0.0174495168030262], [2090, 0.03188512846827507], [2100, 0.05408105254173279], [2110, 0.07246260344982147], [2120, 0.02560293674468994], [2130, 0.236625537276268], [2140, 0.0589761845767498], [2150, 0.01863904483616352], [2160, 0.09081342816352844], [2170, 0.022663887590169907], [2180, 0.04663654416799545], [2190, 0.011831327341496944], [2200, 0.0012315178755670786], [2210, 0.017307329922914505], [2220, 0.003836279269307852], [2230, 0.12394716590642929], [2240, 0.060976117849349976]],