{"jigsaw": {"precision": 0.9173, "recall": 0.695, "f1": 0.7908, "auc": 0.9876315016983784, "class_auc": {"toxicity": 0.985758819875446, "severe_toxicity": 0.9907246688678051, "obscene": 0.9918658547425281, "threat": 0.9811875439400352, "insult": 0.9873399588038492, "identity_attack": 0.9889121639606069}}, "secondary_neutral": {"precision": 0.9363, "recall": 0.706, "f1": 0.805, "auc": 0.9942453052626065, "class_auc": {"toxicity": 0.9910651301336167, "severe_toxicity": 0.9982371737328882, "obscene": 0.9986756941076511, "threat": 0.9860298736884316, "insult": 0.9971796997247865, "identity_attack": 0.9942842601882642}}, "secondary_positive": {"precision": 1.0, "recall": 0.64, "f1": 0.7805, "fpr": 0, "tpr": 0.64, "confusion_matrix": {"tp": 16, "fp": 0, "tn": 0, "fn": 9}}}