{"jigsaw": {"precision": 0.9066, "recall": 0.661, "f1": 0.7646, "auc": 0.9849855287499804, "class_auc": {"toxicity": 0.9826612279957285, "severe_toxicity": 0.9897206749293617, "obscene": 0.9902531741610046, "threat": 0.976802576183131, "insult": 0.9856562485359535, "identity_attack": 0.9848192706947033}}, "secondary_neutral": {"precision": 0.9199, "recall": 0.613, "f1": 0.7357, "auc": 0.9892300862721536, "class_auc": {"toxicity": 0.986304122955802, "severe_toxicity": 0.993176461803317, "obscene": 0.9981509120316807, "threat": 0.9755937980351534, "insult": 0.9926593876535049, "identity_attack": 0.9894958351534632}}, "secondary_positive": {"precision": 1.0, "recall": 0.9302, "f1": 0.9639, "fpr": 0, "tpr": 0.9302, "confusion_matrix": {"tp": 120, "fp": 0, "tn": 0, "fn": 9}}}