{"jigsaw": {"precision": 0.9921, "recall": 0.3359, "f1": 0.5018, "auc": 0.9807293971361846, "class_auc": {"toxicity": 0.983780115729251, "severe_toxicity": 0.9888028857641998, "obscene": 0.9896880966732491, "threat": 0.9644364074743822, "insult": 0.9861557904933879, "identity_attack": 0.9715130866826369}}, "secondary_neutral": {"precision": 0.9629, "recall": 0.1565, "f1": 0.2692, "auc": 0.9717063294199683, "class_auc": {"toxicity": 0.9810871507273152, "severe_toxicity": 0.9661225807362105, "obscene": 0.9953703979306727, "threat": 0.9359930049678095, "insult": 0.986218997802886, "identity_attack": 0.9654458443549156}}, "secondary_positive": {"topic_4": {"precision": 1.0, "recall": 0.1619, "f1": 0.2787, "fpr": 0, "tpr": 0.1619, "confusion_matrix": {"tp": 17, "fp": 0, "tn": 0, "fn": 88}}, "topic_6": {"precision": 1.0, "recall": 0.0952, "f1": 0.1739, "fpr": 0, "tpr": 0.0952, "confusion_matrix": {"tp": 24, "fp": 0, "tn": 0, "fn": 228}}, "topic_7": {"precision": 0, "recall": 0.0, "f1": 0, "fpr": 0, "tpr": 0.0, "confusion_matrix": {"tp": 0, "fp": 0, "tn": 0, "fn": 41}}, "topic_10": {"precision": 1.0, "recall": 0.08, "f1": 0.1481, "fpr": 0, "tpr": 0.08, "confusion_matrix": {"tp": 2, "fp": 0, "tn": 0, "fn": 23}}, "mean": {"precision": 0.75, "recall": 0.084275, "f1": 0.150175}}}