{"num_epochs": 1, "loss": [[0, 0.7725176811218262], [10, 0.3176862597465515], [20, 0.2157064527273178], [30, 0.20185497403144836], [40, 0.3198969066143036], [50, 0.14272858202457428], [60, 0.6133646368980408], [70, 0.08735732734203339], [80, 0.20589391887187958], [90, 0.27078014612197876], [100, 0.1575954705476761], [110, 0.05398602783679962], [120, 0.11081288754940033], [130, 0.26971325278282166], [140, 0.15294791758060455], [150, 0.11916260421276093], [160, 0.14813977479934692], [170, 0.2552100718021393], [180, 0.17564372718334198], [190, 0.20686018466949463], [200, 0.11616837978363037], [210, 0.14062365889549255], [220, 0.10277321189641953], [230, 0.16006101667881012], [240, 0.24902985990047455], [250, 0.050122641026973724], [260, 0.06795617192983627], [270, 0.05326279625296593], [280, 0.2027217447757721], [290, 0.04389097914099693], [300, 0.10171887278556824], [310, 0.012477897107601166], [320, 0.008649307303130627], [330, 0.032835595309734344], [340, 0.14778633415699005], [350, 0.07467003166675568], [360, 0.019314927980303764], [370, 0.10360805690288544], [380, 0.16593782603740692], [390, 0.021128371357917786], [400, 0.02069529891014099], [410, 0.0420045331120491], [420, 0.05087236687541008], [430, 0.36416107416152954], [440, 0.2816336154937744], [450, 0.016047030687332153], [460, 0.02057473361492157], [470, 0.04807240888476372], [480, 0.14128869771957397], [490, 0.0665128082036972], [500, 0.14811453223228455], [510, 0.017240682616829872], [520, 0.021500369533896446], [530, 0.0376548133790493], [540, 0.12150458991527557], [550, 0.02103419415652752], [560, 0.00580119714140892], [570, 0.05332055315375328], [580, 0.058711156249046326], [590, 0.022998517379164696], [600, 0.07593712955713272], [610, 0.0071872808039188385], [620, 0.007489954587072134], [630, 0.052308954298496246], [640, 0.17222420871257782], [650, 0.02398555539548397], [660, 0.06558935344219208], [670, 0.04985172301530838], [680, 0.2566691040992737], [690, 0.17842355370521545], [700, 0.32247698307037354], [710, 0.07260619103908539], [720, 0.015799984335899353], [730, 0.0328042097389698], [740, 0.07107498496770859], [750, 0.32022181153297424], [760, 0.06593434512615204], [770, 0.015762310475111008], [780, 0.09194173663854599], [790, 0.034112609922885895], [800, 0.00417447742074728], [810, 0.35661983489990234], [820, 0.08281995356082916], [830, 0.0037216786295175552], [840, 0.11037009209394455], [850, 0.02039664052426815], [860, 0.018595388159155846], [870, 0.09802543371915817], [880, 0.08489876240491867], [890, 0.18882165849208832], [900, 0.19067788124084473], [910, 0.0748550146818161], [920, 0.0894494280219078], [930, 0.1077999696135521], [940, 0.1403695046901703], [950, 0.03533574566245079], [960, 0.13289952278137207], [970, 0.12708014249801636], [980, 0.06639345735311508], [990, 0.1053115576505661], [1000, 0.10144796967506409], [1010, 0.04097893461585045], [1020, 0.07165120542049408], [1030, 0.002799997106194496], [1040, 0.04287026450037956], [1050, 0.08233238756656647], [1060, 0.027612809091806412], [1070, 0.010372359305620193], [1080, 0.08915510028600693], [1090, 0.044787220656871796], [1100, 0.029997093603014946], [1110, 0.08322983980178833], [1120, 0.032074540853500366], [1130, 0.02829134836792946], [1140, 0.008858979679644108], [1150, 0.02260398678481579], [1160, 0.24927584826946259], [1170, 0.1548861712217331], [1180, 0.06641171872615814], [1190, 0.02045118436217308], [1200, 0.06490881741046906], [1210, 0.04200229048728943], [1220, 0.14610320329666138], [1230, 0.01601298898458481], [1240, 0.09974287450313568], [1250, 0.13529032468795776], [1260, 0.006537649314850569], [1270, 0.14799213409423828], [1280, 0.05404131859540939], [1290, 0.10347527265548706], [1300, 0.030156893655657768], [1310, 0.011267215013504028], [1320, 0.011415429413318634], [1330, 0.06986181437969208], [1340, 0.06701913475990295], [1350, 0.30084216594696045], [1360, 0.0764852911233902], [1370, 0.11689794063568115], [1380, 0.09901043772697449], [1390, 0.04221518337726593], [1400, 0.29121512174606323], [1410, 0.013415878638625145], [1420, 0.005943869706243277], [1430, 0.05504956468939781], [1440, 0.11620230972766876], [1450, 0.06652837246656418], [1460, 0.180950328707695], [1470, 0.03457300364971161], [1480, 0.09644287824630737], [1490, 0.0022183600813150406], [1500, 0.3080850839614868], [1510, 0.007940794341266155], [1520, 0.17700859904289246], [1530, 0.00892886333167553], [1540, 0.08203374594449997], [1550, 0.08153151720762253], [1560, 0.02988697960972786], [1570, 0.07198654115200043], [1580, 0.024431850761175156], [1590, 0.06931446492671967], [1600, 0.004914937540888786], [1610, 0.096763014793396], [1620, 0.08414588868618011], [1630, 0.04209178686141968], [1640, 0.008086920715868473], [1650, 0.007927837781608105], [1660, 0.019759025424718857], [1670, 0.06178183853626251], [1680, 0.05285491794347763], [1690, 0.11781743168830872], [1700, 0.04022500663995743], [1710, 0.18492572009563446], [1720, 0.010387502610683441], [1730, 0.1206521987915039], [1740, 0.07525749504566193], [1750, 0.09983354806900024], [1760, 0.026392487809062004], [1770, 0.003042838303372264], [1780, 0.004060736857354641], [1790, 0.037374310195446014], [1800, 0.16765853762626648], [1810, 0.06238783523440361], [1820, 0.008564340882003307], [1830, 0.11379708349704742], [1840, 0.12165884673595428], [1850, 0.07671476900577545], [1860, 0.02941633015871048], [1870, 0.031773459166288376], [1880, 0.052595354616642], [1890, 0.018574491143226624], [1900, 0.03579492121934891], [1910, 0.04880283400416374], [1920, 0.01819157414138317], [1930, 0.008539590053260326], [1940, 0.04211336374282837], [1950, 0.004739049356430769], [1960, 0.002386001870036125], [1970, 0.19186846911907196], [1980, 0.14205119013786316], [1990, 0.009411279112100601], [2000, 0.0031959922052919865], [2010, 0.03226543962955475], [2020, 0.03032611310482025], [2030, 0.04052332416176796], [2040, 0.09958823770284653], [2050, 0.0033773602917790413], [2060, 0.030423998832702637], [2070, 0.008816283196210861], [2080, 0.029828576371073723], [2090, 0.030993876978754997], [2100, 0.0014897068031132221], [2110, 0.0535198450088501], [2120, 0.0014997579855844378], [2130, 0.0196386631578207], [2140, 0.0017858989303931594], [2150, 0.057213664054870605], [2160, 0.09040030092000961], [2170, 0.055038195103406906], [2180, 0.0664302408695221], [2190, 0.021165668964385986], [2200, 0.03923361748456955], [2210, 0.04150957614183426], [2220, 0.029725246131420135], [2230, 0.0014291413826867938], [2240, 0.06915412098169327], [2250, 0.06784750521183014], [2260, 0.08134844899177551], [2270, 0.06471489369869232], [2280, 0.0130531694740057], [2290, 0.016740866005420685], [2300, 0.23834601044654846], [2310, 0.08015360683202744], [2320, 0.005930391140282154], [2330, 0.019056109711527824], [2340, 0.008553020656108856], [2350, 0.11173080652952194], [2360, 0.06081997975707054], [2370, 0.0940287634730339], [2380, 0.08623272180557251], [2390, 0.06078190356492996], [2400, 0.016286808997392654], [2410, 0.03186216577887535], [2420, 0.023277144879102707], [2430, 0.13132691383361816], [2440, 0.000989396357908845], [2450, 0.054086536169052124], [2460, 0.04750671982765198], [2470, 0.026121651753783226], [2480, 0.015023021958768368], [2490, 0.024039244279265404], [2500, 0.0024309633299708366], [2510, 0.031380534172058105], [2520, 0.12023215740919113], [2530, 0.023566797375679016], [2540, 0.0686810240149498], [2550, 0.04233403503894806], [2560, 0.06845036149024963], [2570, 0.0484406054019928]],