{"num_epochs": 1, "loss": [[0, 0.8022159934043884], [10, 0.49236899614334106], [20, 0.19750744104385376], [30, 0.131545752286911], [40, 0.08342723548412323], [50, 0.19402316212654114], [60, 0.2735118269920349], [70, 0.11302495002746582], [80, 0.2689976692199707], [90, 0.26184841990470886], [100, 0.262506902217865], [110, 0.03793926537036896], [120, 0.06100156903266907], [130, 0.11081953346729279], [140, 0.24588267505168915], [150, 0.032044947147369385], [160, 0.03615595027804375], [170, 0.053471874445676804], [180, 0.07298807799816132], [190, 0.12155529111623764], [200, 0.10066144168376923], [210, 0.05061990022659302], [220, 0.09795673191547394], [230, 0.029613681137561798], [240, 0.30183181166648865], [250, 0.22761017084121704], [260, 0.10397758334875107], [270, 0.030094563961029053], [280, 0.14041966199874878], [290, 0.050036005675792694], [300, 0.057746291160583496], [310, 0.043908022344112396], [320, 0.2743559777736664], [330, 0.04710298031568527], [340, 0.07332238554954529], [350, 0.13830143213272095], [360, 0.14279499650001526], [370, 0.24598929286003113], [380, 0.09366043657064438], [390, 0.019970808178186417], [400, 0.08215062320232391], [410, 0.010202974081039429], [420, 0.016021475195884705], [430, 0.01172926276922226], [440, 0.21503078937530518], [450, 0.02599206380546093], [460, 0.2936243414878845], [470, 0.15725377202033997], [480, 0.15505485236644745], [490, 0.007795888464897871], [500, 0.012269418686628342], [510, 0.0865781307220459], [520, 0.10916664451360703], [530, 0.14111924171447754], [540, 0.05507151409983635], [550, 0.021160732954740524], [560, 0.14559245109558105], [570, 0.05641094967722893], [580, 0.1269398033618927], [590, 0.019720841199159622], [600, 0.041616179049015045], [610, 0.2697676420211792], [620, 0.009243840351700783], [630, 0.095829539000988], [640, 0.006508251186460257], [650, 0.01799357682466507], [660, 0.007494993042200804], [670, 0.11928533762693405], [680, 0.1170218214392662], [690, 0.014461728744208813], [700, 0.030488675460219383], [710, 0.09197938442230225], [720, 0.01016045268625021], [730, 0.012158297002315521], [740, 0.022344324737787247], [750, 0.02332470379769802], [760, 0.04045820236206055], [770, 0.0696399062871933], [780, 0.11875829100608826], [790, 0.033543672412633896], [800, 0.03564894199371338], [810, 0.019268792122602463], [820, 0.08325177431106567], [830, 0.07375889271497726], [840, 0.35677313804626465], [850, 0.43130263686180115], [860, 0.006686526350677013], [870, 0.047571759670972824], [880, 0.04966041073203087], [890, 0.008400855585932732], [900, 0.041145436465740204], [910, 0.0493907555937767], [920, 0.0386769138276577], [930, 0.018476251512765884], [940, 0.03755168616771698], [950, 0.28779375553131104], [960, 0.10543759912252426], [970, 0.35667702555656433], [980, 0.02334042266011238], [990, 0.1515246480703354], [1000, 0.027677198871970177], [1010, 0.004480731673538685], [1020, 0.06942231953144073], [1030, 0.03745303303003311], [1040, 0.12078441679477692], [1050, 0.004009781405329704], [1060, 0.13717548549175262], [1070, 0.003644497599452734], [1080, 0.008318601176142693], [1090, 0.014990726485848427], [1100, 0.10454332083463669], [1110, 0.04851289093494415], [1120, 0.04644433781504631], [1130, 0.005955427885055542], [1140, 0.01732967607676983], [1150, 0.05733795091509819], [1160, 0.06327541172504425], [1170, 0.031086904928088188], [1180, 0.04227443039417267], [1190, 0.009213166311383247], [1200, 0.07202068716287613], [1210, 0.3278016448020935], [1220, 0.0336880087852478], [1230, 0.008372344076633453], [1240, 0.011626210063695908], [1250, 0.07360527664422989], [1260, 0.009047004394233227], [1270, 0.016882138326764107], [1280, 0.1958131045103073], [1290, 0.05511879175901413], [1300, 0.09430083632469177], [1310, 0.023523662239313126], [1320, 0.004266906064003706], [1330, 0.0240017082542181], [1340, 0.014198251068592072], [1350, 0.03362739086151123], [1360, 0.02977447770535946], [1370, 0.1282481849193573], [1380, 0.003890468506142497], [1390, 0.005952028091996908], [1400, 0.02425321936607361], [1410, 0.04482261463999748], [1420, 0.008770408108830452], [1430, 0.028701722621917725], [1440, 0.05553586408495903], [1450, 0.004438987001776695], [1460, 0.07776667177677155], [1470, 0.004477758891880512], [1480, 0.004836847074329853], [1490, 0.24944989383220673], [1500, 0.12516435980796814], [1510, 0.026675982400774956], [1520, 0.07168039679527283], [1530, 0.013383438810706139], [1540, 0.12882083654403687], [1550, 0.03574126213788986], [1560, 0.0053295958787202835], [1570, 0.18996968865394592], [1580, 0.01739388331770897], [1590, 0.0954168289899826], [1600, 0.013951947912573814], [1610, 0.007239366881549358], [1620, 0.15966534614562988], [1630, 0.020719368010759354], [1640, 0.003076802007853985], [1650, 0.022609591484069824], [1660, 0.11815808713436127], [1670, 0.10880163311958313], [1680, 0.03082895837724209], [1690, 0.0031743147410452366], [1700, 0.1384640783071518], [1710, 0.03664543479681015], [1720, 0.18229147791862488], [1730, 0.003949494566768408], [1740, 0.026120129972696304], [1750, 0.01581907644867897], [1760, 0.17103973031044006], [1770, 0.033179089426994324], [1780, 0.009061144664883614], [1790, 0.03253292664885521], [1800, 0.01793654076755047], [1810, 0.002935354597866535], [1820, 0.010196920484304428], [1830, 0.04243747144937515], [1840, 0.002710651606321335], [1850, 0.03648819774389267], [1860, 0.12250053137540817], [1870, 0.13456153869628906], [1880, 0.02904742769896984], [1890, 0.029302481561899185], [1900, 0.003115646308287978], [1910, 0.01573650725185871], [1920, 0.08897455781698227], [1930, 0.01208475511521101], [1940, 0.002966483123600483], [1950, 0.021611221134662628], [1960, 0.03539804369211197], [1970, 0.0048438021913170815], [1980, 0.060210488736629486], [1990, 0.011132819578051567], [2000, 0.007947958074510098], [2010, 0.014552436769008636], [2020, 0.048743586987257004], [2030, 0.011339642107486725], [2040, 0.02523769438266754], [2050, 0.22422556579113007], [2060, 0.003267250955104828], [2070, 0.01164375152438879], [2080, 0.008517245762050152], [2090, 0.022298162803053856], [2100, 0.023144427686929703], [2110, 0.007786056026816368], [2120, 0.16709303855895996], [2130, 0.12530477344989777], [2140, 0.0016665280563756824], [2150, 0.006131521426141262], [2160, 0.03842053562402725], [2170, 0.026191217824816704], [2180, 0.05371549725532532], [2190, 0.07169905304908752], [2200, 0.005891264881938696], [2210, 0.02957776188850403], [2220, 0.009113616310060024], [2230, 0.1061144471168518], [2240, 0.004085194319486618], [2250, 0.007344435900449753], [2260, 0.010863279923796654], [2270, 0.04573751240968704], [2280, 0.004471037536859512], [2290, 0.05900195240974426], [2300, 0.03652555122971535], [2310, 0.060627616941928864], [2320, 0.003752172691747546], [2330, 0.2211310863494873], [2340, 0.09025096148252487], [2350, 0.23902955651283264], [2360, 0.011643542908132076], [2370, 0.002618014346808195], [2380, 0.03838495910167694], [2390, 0.02816392481327057], [2400, 0.0052777547389268875], [2410, 0.08239784836769104], [2420, 0.007894566282629967], [2430, 0.0094714080914855], [2440, 0.0035411349963396788], [2450, 0.07452985644340515], [2460, 0.19492456316947937], [2470, 0.009444113820791245], [2480, 0.004166841506958008], [2490, 0.003158868756145239], [2500, 0.10801758617162704], [2510, 0.010355609469115734], [2520, 0.03674282133579254], [2530, 0.30042213201522827], [2540, 0.009416284039616585], [2550, 0.07439784705638885], [2560, 0.05739741772413254], [2570, 0.008956643752753735], [2580, 0.016245413571596146], [2590, 0.03358517587184906], [2600, 0.1248256266117096], [2610, 0.030349133536219597], [2620, 0.038368258625268936], [2630, 0.009082173928618431], [2640, 0.02930353581905365], [2650, 0.029437800869345665], [2660, 0.0017169616185128689], [2670, 0.013581017963588238], [2680, 0.12099058926105499], [2690, 0.0033750846050679684], [2700, 0.08360116928815842], [2710, 0.0020286105573177338], [2720, 0.0391949899494648], [2730, 0.004077736288309097], [2740, 0.0038173366338014603], [2750, 