{"num_epochs": 1, "loss": [[0, 0.8014272451400757], [100, 0.16851280629634857], [200, 0.1267009824514389], [300, 0.1971946656703949], [400, 0.03746120631694794], [500, 0.16284136474132538], [600, 0.07584135979413986], [700, 0.11517282575368881], [800, 0.08007010072469711], [900, 0.06068720668554306], [1000, 0.016734272241592407], [1100, 0.04458431899547577], [1200, 0.05087845027446747], [1300, 0.034072212874889374], [1400, 0.12627455592155457], [1500, 0.07055559754371643], [1600, 0.019208040088415146], [1700, 0.017358792945742607], [1800, 0.015711070969700813], [1900, 0.0814126580953598], [2000, 0.07209189236164093], [2100, 0.04498612508177757], [2200, 0.10448196530342102], [2300, 0.10523417592048645], [2400, 0.1142585501074791], [2500, 0.0783195048570633], [2600, 0.0828092098236084], [2700, 0.10242368280887604], [2800, 0.07294201850891113], [2900, 0.0749363899230957], [3000, 0.11565326899290085], [3100, 0.011418557725846767], [3200, 0.09119274467229843], [3300, 0.04332935810089111], [3400, 0.008623357862234116], [3500, 0.002593506593257189], [3600, 0.021679893136024475], [3700, 0.007727089338004589], [3800, 0.054966092109680176], [3900, 0.04822001978754997], [4000, 0.05700233206152916], [4100, 0.039235107600688934], [4200, 0.06770765781402588], [4300, 0.004400326870381832], [4400, 0.05346003919839859], [4500, 0.07372180372476578], [4600, 0.015529461205005646], [4700, 0.04233122989535332], [4800, 0.07731486856937408], [4900, 0.0770854502916336], [5000, 0.07196831703186035], [5100, 0.04288531839847565], [5200, 0.06534140557050705], [5300, 0.06654130667448044], [5400, 0.04364081472158432], [5500, 0.04500693082809448], [5600, 0.015405937097966671], [5700, 0.09454429149627686], [5800, 0.07052375376224518], [5900, 0.018402989953756332]], "acc": [[0, 0.3125], [100, 0.75], [200, 0.8125], [300, 0.875], [400, 0.9375], [500, 0.9375], [600, 0.875], [700, 0.9375], [800, 0.9375], [900, 0.9375], [1000, 1.0], [1100, 0.875], [1200, 0.9375], [1300, 1.0], [1400, 0.75], [1500, 0.875], [1600, 1.0], [1700, 1.0], [1800, 1.0], [1900, 0.875], [2000, 0.875], [2100, 0.875], [2200, 0.9375], [2300, 0.8125], [2400, 0.8125], [2500, 0.8125], [2600, 0.75], [2700, 0.875], [2800, 0.875], [2900, 0.9375], [3000, 0.875], [3100, 1.0], [3200, 0.9375], [3300, 0.9375], [3400, 1.0], [3500, 1.0], [3600, 0.9375], [3700, 1.0], [3800, 0.9375], [3900, 0.875], [4000, 0.875], [4100, 0.875], [4200, 0.8125], [4300, 1.0], [4400, 0.9375], [4500, 0.875], [4600, 1.0], [4700, 0.9375], [4800, 0.875], [4900, 0.9375], [5000, 0.8125], [5100, 0.9375], [5200, 0.875], [5300, 0.9375], [5400, 0.875], [5500, 0.875], [5600, 1.0], [5700, 0.875], [5800, 0.875], [5900, 0.9375]], "acc_flag": [[0, 0.4375], [100, 0.8125], [200, 0.9375], [300, 0.875], [400, 0.9375], [500, 0.9375], [600, 0.875], [700, 0.9375], [800, 0.9375], [900, 1.0], [1000, 1.0], [1100, 0.875], [1200, 0.9375], [1300, 1.0], [1400, 0.8125], [1500, 0.9375], [1600, 1.0], [1700, 1.0], [1800, 1.0], [1900, 0.9375], [2000, 0.875], [2100, 0.875], [2200, 0.9375], [2300, 0.875], [2400, 0.9375], [2500, 0.9375], [2600, 0.9375], [2700, 0.875], [2800, 1.0], [2900, 0.9375], [3000, 0.9375], [3100, 1.0], [3200, 0.9375], [3300, 0.9375], [3400, 1.0], [3500, 1.0], [3600, 0.9375], [3700, 1.0], [3800, 0.9375], [3900, 1.0], [4000, 0.875], [4100, 0.9375], [4200, 0.8125], [4300, 1.0], [4400, 0.9375], [4500, 0.875], [4600, 1.0], [4700, 1.0], [4800, 0.875], [4900, 0.9375], [5000, 0.875], [5100, 0.9375], [5200, 0.875], [5300, 0.9375], [5400, 0.875], [5500, 0.9375], [5600, 1.0], [5700, 0.875], [5800, 1.0], [5900, 1.0]], "auc": [], "f1": [], "precision": [], "recall": [], "epoch_batch_count": [5931]}