{"jigsaw": {"precision": 0.9086, "recall": 0.7076, "f1": 0.7956, "auc": 0.988046376152656, "class_auc": {"toxicity": 0.9856595896593859, "severe_toxicity": 0.9913164354693536, "obscene": 0.9921605571128485, "threat": 0.9798700715748925, "insult": 0.987495008298639, "identity_attack": 0.9917765948008163}}, "secondary_neutral": {"precision": 0.8937, "recall": 0.7702, "f1": 0.8273, "auc": 0.9961442369376242, "class_auc": {"toxicity": 0.9916172460014542, "severe_toxicity": 0.998220381508617, "obscene": 0.9989427705813754, "threat": 0.9952908284880483, "insult": 0.9970294116283284, "identity_attack": 0.9957647834179223}}, "secondary_positive": {"precision": 1.0, "recall": 0.4762, "f1": 0.6452, "fpr": 0, "tpr": 0.4762, "confusion_matrix": {"tp": 50, "fp": 0, "tn": 0, "fn": 55}}}