{"jigsaw": {"precision": 0.9142, "recall": 0.6059, "f1": 0.7288, "auc": 0.9774405657253636, "class_auc": {"toxicity": 0.9785831226450022, "severe_toxicity": 0.9893566272025968, "obscene": 0.9892747821973968, "threat": 0.9594437118676279, "insult": 0.9827487916426463, "identity_attack": 0.9652363587969124}}, "secondary_neutral": {"precision": 0.9561, "recall": 0.4896, "f1": 0.6476, "auc": 0.9807287703928376, "class_auc": {"toxicity": 0.9811857334287755, "severe_toxicity": 0.9869910281289407, "obscene": 0.9974709464657843, "threat": 0.944588874780013, "insult": 0.9897362053155736, "identity_attack": 0.984399834237939}}, "secondary_positive": {"precision": 1.0, "recall": 0.1941, "f1": 0.3252, "fpr": 0, "tpr": 0.1941, "confusion_matrix": {"tp": 106, "fp": 0, "tn": 0, "fn": 440}}}