{"jigsaw": {"precision": 0.9781, "recall": 0.4796, "f1": 0.6436, "auc": 0.988046376152656, "class_auc": {"toxicity": 0.9856595896593859, "severe_toxicity": 0.9913164354693536, "obscene": 0.9921605571128485, "threat": 0.9798700715748925, "insult": 0.987495008298639, "identity_attack": 0.9917765948008163}}, "secondary_neutral": {"precision": 0.9773, "recall": 0.5795, "f1": 0.7276, "auc": 0.9961442369376242, "class_auc": {"toxicity": 0.9916172460014542, "severe_toxicity": 0.998220381508617, "obscene": 0.9989427705813754, "threat": 0.9952908284880483, "insult": 0.9970294116283284, "identity_attack": 0.9957647834179223}}, "secondary_positive": {"precision": 1.0, "recall": 0.3143, "f1": 0.4783, "fpr": 0, "tpr": 0.3143, "confusion_matrix": {"tp": 33, "fp": 0, "tn": 0, "fn": 72}}}