{"num_epochs": 1, "loss": [[0, 0.782852053642273], [100, 0.13157257437705994], [200, 0.1284060776233673], [300, 0.15920528769493103], [400, 0.1226835697889328], [500, 0.19986844062805176], [600, 0.04689575359225273], [700, 0.025742635130882263], [800, 0.04313109815120697], [900, 0.025099463760852814], [1000, 0.15038877725601196], [1100, 0.08839859813451767], [1200, 0.17065593600273132], [1300, 0.10096938908100128], [1400, 0.033934496343135834], [1500, 0.02875027433037758], [1600, 0.11362804472446442], [1700, 0.059537749737501144], [1800, 0.030860302969813347], [1900, 0.052048228681087494], [2000, 0.09870520234107971], [2100, 0.15349605679512024], [2200, 0.06965512037277222], [2300, 0.04066409915685654], [2400, 0.03652885928750038], [2500, 0.2242134064435959], [2600, 0.048730235546827316], [2700, 0.09077873080968857], [2800, 0.3086259067058563], [2900, 0.11737850308418274], [3000, 0.09586955606937408], [3100, 0.031053993850946426], [3200, 0.025830227881669998], [3300, 0.11814060062170029], [3400, 0.03340952470898628], [3500, 0.08334025740623474], [3600, 0.04339100047945976], [3700, 0.0460701659321785], [3800, 0.0287092886865139], [3900, 0.05862399935722351], [4000, 0.017964569851756096], [4100, 0.14613455533981323], [4200, 0.06590363383293152], [4300, 0.010109158232808113], [4400, 0.005042841657996178], [4500, 0.06069840490818024], [4600, 0.02909546159207821], [4700, 0.08255459368228912], [4800, 0.0617237389087677], [4900, 0.05878458917140961], [5000, 0.07809458673000336], [5100, 0.06839399039745331], [5200, 0.002395286923274398], [5300, 0.1592051386833191], [5400, 0.0709494799375534], [5500, 0.031894929707050323], [5600, 0.022912699729204178], [5700, 0.03218289837241173], [5800, 0.021906016394495964], [5900, 0.014269864186644554], [6000, 0.04677623137831688], [6100, 0.056395187973976135], [6200, 0.009334213100373745], [6300, 0.059534914791584015], [6400, 0.0108499675989151], [6500, 0.01449489127844572], [6600, 0.13599392771720886], [6700, 0.0105867525562644], [6800, 0.1682787984609604], [6900, 0.00961526483297348], [7000, 0.04221777245402336], [7100, 0.01639346033334732], [7200, 0.13286106288433075], [7300, 0.06069987639784813], [7400, 0.06587209552526474], [7500, 0.030554985627532005], [7600, 0.010897871106863022], [7700, 0.13544750213623047], [7800, 0.031575098633766174], [7900, 0.022767199203372], [8000, 0.029160965234041214], [8100, 0.009886220097541809], [8200, 0.04550253599882126], [8300, 0.04505458474159241], [8400, 0.11235656589269638], [8500, 0.0512048564851284], [8600, 0.01494856458157301], [8700, 0.012595901265740395], [8800, 0.05893588066101074], [8900, 0.022137518972158432], [9000, 0.0036522550508379936], [9100, 0.18063819408416748], [9200, 0.051858462393283844], [9300, 0.020991040393710136], [9400, 0.025336090475320816], [9500, 0.022270752117037773], [9600, 0.0010149352019652724], [9700, 0.025564581155776978], [9800, 0.0056828903034329414], [9900, 0.010451480746269226], [10000, 0.005712056532502174], [10100, 0.0024225504603236914], [10200, 0.0037914570420980453], [10300, 0.07423217594623566], [10400, 0.01814912259578705], [10500, 0.03731463849544525], [10600, 0.07799874246120453], [10700, 0.08401045203208923], [10800, 0.048818256705999374], [10900, 0.0319538414478302], [11000, 0.003225439926609397], [11100, 0.13270145654678345], [11200, 0.04320855066180229], [11300, 0.01182916946709156], [11400, 0.06608384102582932], [11500, 0.023046663030982018], [11600, 0.008420473895967007], [11700, 0.0074087632820010185], [11800, 0.030933579429984093], [11900, 0.029017005115747452], [12000, 0.015894383192062378], [12100, 0.052095841616392136], [12200, 0.02293846383690834], [12300, 0.07674112170934677], [12400, 0.013702042400836945], [12500, 0.08564921468496323], [12600, 0.02078457921743393], [12700, 0.06492336839437485], [12800, 0.025408681482076645], [12900, 0.02698541060090065], [13000, 0.033771973103284836], [13100, 0.045699045062065125], [13200, 0.027089685201644897], [13300, 0.0032146242447197437], [13400, 0.026224417611956596], [13500, 0.013569897040724754], [13600, 0.1425817906856537], [13700, 0.01087945606559515], [13800, 0.11043998599052429], [13900, 0.0713619738817215], [14000, 0.02410227805376053], [14100, 0.030046990141272545], [14200, 0.05626004561781883], [14300, 0.007349960505962372], [14400, 0.07656028866767883], [14500, 0.021829811856150627], [14600, 0.03247545287013054], [14700, 0.06718762218952179], [14800, 0.011803696863353252], [14900, 0.028311138972640038], [15000, 0.0250767283141613], [15100, 0.002568610943853855], [15200, 0.058922719210386276], [15300, 0.016250163316726685], [15400, 0.09211228787899017], [15500, 0.010838820599019527], [15600, 0.02457129769027233], [15700, 0.0328214205801487], [15800, 0.02051219344139099], [15900, 0.03377833217382431], [16000, 0.04076896235346794], [16100, 0.10749977827072144], [16200, 0.016488071531057358], [16300, 0.07085590064525604], [16400, 0.030538616701960564], [16500, 0.193656325340271], [16600, 0.006003634538501501], [16700, 0.08137208223342896], [16800, 0.026836559176445007], [16900, 0.03827361762523651], [17000, 0.015822142362594604], [17100, 0.031606681644916534], [17200, 0.0632568821310997], [17300, 0.01569126918911934], [17400, 0.036490000784397125], [17500, 0.08353032171726227], [17600, 0.07425831258296967], [17700, 0.01579972356557846], [17800, 0.030857136473059654], [17900, 0.031688954681158066], [18000, 0.06421052664518356], [18100, 0.0026405551470816135], [18200, 0.028322717174887657], [18300, 0.014017920009791851], [18400, 0.05494498461484909], [18500, 0.0237895380705595], [18600, 0.0022207004949450493], [18700, 0.1427455097436905], [18800, 0.02755117043852806], [18900, 0.03904060274362564], [19000, 0.014126076363027096], [19100, 0.04226943105459213], [19200, 0.040914155542850494], [19300, 0.06920750439167023], [19400, 0.007561917416751385], [19500, 0.018683724105358124]],