{"jigsaw": {"precision": 0.9099, "recall": 0.6332, "f1": 0.7468, "auc": 0.9868320435754482, "class_auc": {"toxicity": 0.9834022946410272, "severe_toxicity": 0.9903275651753456, "obscene": 0.9908124712944157, "threat": 0.9833753641994956, "insult": 0.985015476443177, "identity_attack": 0.9880590896992282}}, "secondary_neutral": {"precision": 0.9901, "recall": 0.3904, "f1": 0.56, "auc": 0.9858241167168744, "class_auc": {"toxicity": 0.9714789070285442, "severe_toxicity": 0.9976624866533079, "obscene": 0.9971891632985784, "threat": 0.9782036801889105, "insult": 0.9935245255337911, "identity_attack": 0.9768859375981137}}, "secondary_positive": {"precision": 0, "recall": 0.0, "f1": 0, "fpr": 0, "tpr": 0.0, "confusion_matrix": {"tp": 0, "fp": 0, "tn": 0, "fn": 5405}}}