{"jigsaw": {"precision": 0.9069, "recall": 0.6368, "f1": 0.7482, "fpr": 0.0073, "tpr": 0.6368, "confusion_matrix": {"tp": 1422, "fp": 146, "tn": 19976, "fn": 811}, "auc": 0.985268406080658, "class_auc": {"toxicity": 0.9837390710335364, "severe_toxicity": 0.9901860510738436, "obscene": 0.9907733869117312, "threat": 0.9783765475928148, "insult": 0.9856701505223635, "identity_attack": 0.9828652293496585}}, "secondary_neutral": {"precision": 0.8308, "recall": 0.5906, "f1": 0.6904, "fpr": 0.0107, "tpr": 0.5906, "confusion_matrix": {"tp": 3333, "fp": 679, "tn": 62868, "fn": 2310}, "auc": 0.983838958465685, "class_auc": {"toxicity": 0.9823645931777499, "severe_toxicity": 0.985137988316542, "obscene": 0.9972008536598453, "threat": 0.9628851166209985, "insult": 0.9865882667914099, "identity_attack": 0.9888569322275643}}, "secondary_positive": {"precision": 1.0, "recall": 0.8294, "f1": 0.9067, "fpr": 0, "tpr": 0.8294, "confusion_matrix": {"tp": 209, "fp": 0, "tn": 0, "fn": 43}}, "secondary": {"precision": 0.2746, "recall": 0.8294, "f1": 0.4126, "fpr": 0.008, "tpr": 0.8294, "confusion_matrix": {"tp": 209, "fp": 552, "tn": 68638, "fn": 43}}}