{"jigsaw": {"precision": 0.9651, "recall": 0.4948, "f1": 0.6542, "auc": 0.985268406080658, "class_auc": {"toxicity": 0.9837390710335364, "severe_toxicity": 0.9901860510738436, "obscene": 0.9907733869117312, "threat": 0.9783765475928148, "insult": 0.9856701505223635, "identity_attack": 0.9828652293496585}}, "secondary_neutral": {"precision": 0.8534, "recall": 0.3725, "f1": 0.5186, "auc": 0.983838958465685, "class_auc": {"toxicity": 0.9823645931777499, "severe_toxicity": 0.985137988316542, "obscene": 0.9972008536598453, "threat": 0.9628851166209985, "insult": 0.9865882667914099, "identity_attack": 0.9888569322275643}}, "secondary_positive": {"precision": 1.0, "recall": 0.7778, "f1": 0.875, "fpr": 0, "tpr": 0.7778, "confusion_matrix": {"tp": 196, "fp": 0, "tn": 0, "fn": 56}}}