{"jigsaw": {"precision": 0.9062, "recall": 0.6319, "f1": 0.7446, "auc": 0.9852387081597019, "class_auc": {"toxicity": 0.9818423629953711, "severe_toxicity": 0.9902420085582544, "obscene": 0.9900935827884169, "threat": 0.9767471957076052, "insult": 0.985763952781335, "identity_attack": 0.9867431461272291}}, "secondary_neutral": {"precision": 0.9243, "recall": 0.6445, "f1": 0.7594, "auc": 0.9932970999980112, "class_auc": {"toxicity": 0.98638387704076, "severe_toxicity": 0.9968898656961476, "obscene": 0.9984404666510827, "threat": 0.9890517721490788, "insult": 0.9952068378913705, "identity_attack": 0.9938097805596278}}, "secondary_positive": {"precision": 1.0, "recall": 0.844, "f1": 0.9154, "fpr": 0, "tpr": 0.844, "confusion_matrix": {"tp": 184, "fp": 0, "tn": 0, "fn": 34}}}