{"jigsaw": {"precision": 0.9012, "recall": 0.6413, "f_beta": 0.6805, "fpr": 0.0078, "tpr": 0.6413, "confusion_matrix": {"tp": 1432, "fp": 157, "tn": 19965, "fn": 801}, "specificity": 1.0, "auc": 0.9840120826173901, "class_auc": {"toxicity": 0.9822817044854669, "severe_toxicity": 0.989884226341327, "obscene": 0.9901385432266765, "threat": 0.9801405614764086, "insult": 0.9844618138254243, "identity_attack": 0.9771656463490374}}, "secondary_neutral": {"precision": 0.8662, "recall": 0.547, "f_beta": 0.5906, "fpr": 0.0075, "tpr": 0.547, "confusion_matrix": {"tp": 3087, "fp": 477, "tn": 63070, "fn": 2556}, "specificity": 0.9942, "auc": 0.9834405307846912, "class_auc": {"toxicity": 0.9772452702424658, "severe_toxicity": 0.985386120226252, "obscene": 0.9958786548862602, "threat": 0.9666264563701575, "insult": 0.988140059872605, "identity_attack": 0.9873666231104063}}, "secondary_positive": {"precision": 1.0, "recall": 0.7738, "f_beta": 0.8105, "fpr": 0, "tpr": 0.7738, "confusion_matrix": {"tp": 195, "fp": 0, "tn": 0, "fn": 57}, "specificity": 0}}