{"jigsaw": {"precision": 0.9802, "recall": 0.3981, "f1": 0.5662, "auc": 0.9840120826173901, "class_auc": {"toxicity": 0.9822817044854669, "severe_toxicity": 0.989884226341327, "obscene": 0.9901385432266765, "threat": 0.9801405614764086, "insult": 0.9844618138254243, "identity_attack": 0.9771656463490374}}, "secondary_neutral": {"precision": 0.8877, "recall": 0.2802, "f1": 0.4259, "auc": 0.9834405307846912, "class_auc": {"toxicity": 0.9772452702424658, "severe_toxicity": 0.985386120226252, "obscene": 0.9958786548862602, "threat": 0.9666264563701575, "insult": 0.988140059872605, "identity_attack": 0.9873666231104063}}, "secondary_positive": {"precision": 1.0, "recall": 0.6786, "f1": 0.8085, "fpr": 0, "tpr": 0.6786, "confusion_matrix": {"tp": 171, "fp": 0, "tn": 0, "fn": 81}}}