{"num_epochs": 1, "loss": [[0, 0.8103560209274292], [100, 0.04200851544737816], [200, 0.10636861622333527], [300, 0.07772916555404663], [400, 0.0862259790301323], [500, 0.030299153178930283], [600, 0.052887946367263794], [700, 0.05300583690404892], [800, 0.008264749310910702], [900, 0.048916518688201904], [1000, 0.18578189611434937], [1100, 0.0463692843914032], [1200, 0.04551031440496445], [1300, 0.043709561228752136], [1400, 0.006938622798770666], [1500, 0.019789963960647583], [1600, 0.003439581487327814], [1700, 0.2016831487417221], [1800, 0.06547803431749344], [1900, 0.003360370174050331], [2000, 0.08874434232711792], [2100, 0.08425941318273544], [2200, 0.00999393779784441], [2300, 0.020964782685041428], [2400, 0.0100011071190238], [2500, 0.013582563027739525], [2600, 0.03542545437812805], [2700, 0.023488786071538925], [2800, 0.06694616377353668], [2900, 0.015550464391708374], [3000, 0.019138392060995102], [3100, 0.02388516627252102], [3200, 0.02226012945175171], [3300, 0.04046350717544556], [3400, 0.024250764399766922], [3500, 0.1595160961151123], [3600, 0.08450031280517578], [3700, 0.0015186648815870285], [3800, 0.017247119918465614], [3900, 0.1465841829776764], [4000, 0.03926244005560875], [4100, 0.032174404710531235], [4200, 0.0918881744146347], [4300, 0.03205609321594238], [4400, 0.033768415451049805], [4500, 0.04207267612218857], [4600, 0.06937062740325928], [4700, 0.0416979119181633], [4800, 0.04816044494509697], [4900, 0.11860933899879456], [5000, 0.12395178526639938], [5100, 0.031953439116477966], [5200, 0.10649837553501129], [5300, 0.22578439116477966], [5400, 0.11909379810094833], [5500, 0.016727527603507042], [5600, 0.047616343945264816], [5700, 0.018110353499650955], [5800, 0.044817984104156494], [5900, 0.10350321233272552], [6000, 0.11810334026813507], [6100, 0.023347092792391777], [6200, 0.04314318299293518], [6300, 0.038926806300878525], [6400, 0.005186570342630148], [6500, 0.15503761172294617], [6600, 0.0022291787900030613], [6700, 0.028903406113386154], [6800, 0.08233273029327393], [6900, 0.19085881114006042], [7000, 0.07177432626485825], [7100, 0.04416334256529808], [7200, 0.053042393177747726], [7300, 0.04916854947805405], [7400, 0.0015691075241193175], [7500, 0.047476425766944885], [7600, 0.030232198536396027], [7700, 0.09459468722343445], [7800, 0.17387163639068604], [7900, 0.015052583068609238], [8000, 0.03560827299952507], [8100, 0.17689983546733856], [8200, 0.08692483603954315], [8300, 0.012018661014735699], [8400, 0.2639610767364502], [8500, 0.006945597007870674], [8600, 0.007620183285325766], [8700, 0.03859908506274223], [8800, 0.0018991156248375773], [8900, 0.01545964926481247], [9000, 0.0423179529607296], [9100, 0.018188461661338806], [9200, 0.07803942263126373], [9300, 0.036981917917728424], [9400, 0.044215500354766846], [9500, 0.023034561425447464], [9600, 0.10060452669858932], [9700, 0.02320782095193863], [9800, 0.039333343505859375], [9900, 0.06874215602874756], [10000, 0.1402745097875595], [10100, 0.016512572765350342], [10200, 0.0767824798822403], [10300, 0.04540190100669861], [10400, 0.04777185246348381], [10500, 0.11447974294424057], [10600, 0.04306630790233612], [10700, 0.0887584388256073], [10800, 0.04430517181754112], [10900, 0.08296553790569305], [11000, 0.006518652196973562], [11100, 0.03892911970615387], [11200, 0.04480677843093872]], "acc": [[0, 0.125], [100, 0.9375], [200, 0.875], [300, 0.875], [400, 0.8125], [500, 0.9375], [600, 0.9375], [700, 0.875], [800, 1.0], [900, 0.875], [1000, 0.9375], [1100, 0.9375], [1200, 0.9375], [1300, 0.9375], [1400, 1.0], [1500, 1.0], [1600, 1.0], [1700, 0.9375], [1800, 0.875], [1900, 1.0], [2000, 0.875], [2100, 0.9375], [2200, 1.0], [2300, 1.0], [2400, 1.0], [2500, 1.0], [2600, 0.9375], [2700, 1.0], [2800, 0.9375], [2900, 0.9375], [3000, 0.9375], [3100, 0.9375], [3200, 1.0], [3300, 0.9375], [3400, 1.0], [3500, 0.8125], [3600, 0.875], [3700, 1.0], [3800, 1.0], [3900, 0.8125], [4000, 0.875], [4100, 0.9375], [4200, 0.875], [4300, 0.9375], [4400, 0.9375], [4500, 0.9375], [4600, 0.875], [4700, 0.9375], [4800, 0.9375], [4900, 0.75], [5000, 0.6875], [5100, 0.9375], [5200, 0.75], [5300, 0.875], [5400, 0.875], [5500, 0.9375], [5600, 0.9375], [5700, 1.0], [5800, 0.875], [5900, 0.8125], [6000, 0.875], [6100, 0.9375], [6200, 0.875], [6300, 0.9375], [6400, 1.0], [6500, 0.875], [6600, 1.0], [6700, 0.9375], [6800, 0.9375], [6900, 0.625], [7000, 0.8125], [7100, 0.9375], [7200, 0.875], [7300, 0.875], [7400, 1.0], [7500, 0.9375], [7600, 0.875], [7700, 0.75], [7800, 0.75], [7900, 1.0], [8000, 0.9375], [8100, 0.6875], [8200, 0.875], [8300, 1.0], [8400, 0.8125], [8500, 1.0], [8600, 1.0], [8700, 0.875], [8800, 1.0], [8900, 1.0], [9000, 1.0], [9100, 0.9375], [9200, 0.8125], [9300, 0.9375], [9400, 0.875], [9500, 0.9375], [9600, 0.9375], [9700, 1.0], [9800, 0.9375], [9900, 0.8125], [10000, 0.6875], [10100, 1.0], [10200, 0.75], [10300, 0.9375], [10400, 0.875], [10500, 0.8125], [10600, 0.875], [10700, 0.9375], [10800, 0.9375], [10900, 0.875], [11000, 1.0], [11100, 0.875], [11200, 0.9375]], "acc_flag": [[0, 0.125], [100, 0.9375], [200, 0.9375], [300, 0.875], [400, 0.8125], [500, 0.9375], [600, 0.9375], [700, 0.875], [800, 1.0], [900, 0.9375], [1000, 0.9375], [1100, 1.0], [1200, 0.9375], [1300, 0.9375], [1400, 1.0], [1500, 1.0], [1600, 1.0], [1700, 0.9375], [1800, 0.9375], [1900, 1.0], [2000, 0.9375], [2100, 0.9375], [2200, 1.0], [2300, 1.0], [2400, 1.0], [2500, 1.0], [2600, 1.0], [2700, 1.0], [2800, 1.0], [2900, 0.9375], [3000, 0.9375], [3100, 0.9375], [3200, 1.0], [3300, 0.9375], [3400, 1.0], [3500, 0.9375], [3600, 0.9375], [3700, 1.0], [3800, 1.0], [3900, 0.875], [4000, 0.9375], [4100, 1.0], [4200, 0.9375], [4300, 1.0], [4400, 1.0], [4500, 0.9375], [4600, 0.875], [4700, 0.9375], [4800, 1.0], [4900, 0.9375], [5000, 0.875], [5100, 1.0], [5200, 0.8125], [5300, 0.9375], [5400, 0.875], [5500, 0.9375], [5600, 0.9375], [5700, 1.0], [5800, 1.0], [5900, 0.875], [6000, 0.875], [6100, 1.0], [6200, 0.875], [6300, 1.0], [6400, 1.0], [6500, 0.9375], [6600, 1.0], [6700, 0.9375], [6800, 0.9375], [6900, 0.625], [7000, 1.0], [7100, 0.9375], [7200, 0.9375], [7300, 0.875], [7400, 1.0], [7500, 0.9375], [7600, 1.0], [7700, 0.8125], [7800, 0.9375], [7900, 1.0], [8000, 1.0], [8100, 0.6875], [8200, 0.9375], [8300, 1.0], [8400, 0.875], [8500, 1.0], [8600, 1.0], [8700, 0.875], [8800, 1.0], [8900, 1.0], [9000, 1.0], [9100, 1.0], [9200, 0.875], [9300, 1.0], [9400, 0.875], [9500, 1.0], [9600, 0.9375], [9700, 1.0], [9800, 0.9375], [9900, 0.9375], [10000, 0.8125], [10100, 1.0], [10200, 0.75], [10300, 1.0], [10400, 0.9375], [10500, 0.875], [10600, 0.9375], [10700, 1.0], [10800, 1.0], [10900, 0.875], [11000, 1.0], [11100, 0.9375], [11200, 1.0]], "auc": [], "f1": [], "precision": [], "recall": [], "epoch_batch_count": [11233]}