{"num_epochs": 1, "loss": [[0, 0.795672595500946], [33, 0.2690832316875458], [66, 0.19920343160629272], [100, 0.11935611069202423], [133, 0.0179824810475111], [166, 0.15058186650276184], [200, 0.1585049331188202], [233, 0.3484652638435364], [266, 0.007981675677001476], [300, 0.10927840322256088], [333, 0.13831883668899536], [366, 0.2615515887737274], [400, 0.007034879177808762], [433, 0.30915454030036926], [466, 0.07051508128643036], [500, 0.04333321005105972], [533, 0.25770139694213867], [566, 0.32576221227645874], [600, 0.04228752851486206], [633, 0.30163294076919556], [666, 0.004369513131678104], [700, 0.14755050837993622], [733, 0.00751182995736599], [766, 0.0399211086332798], [800, 0.03261338546872139], [833, 0.1566508263349533], [866, 0.024744443595409393], [900, 0.043857380747795105], [933, 0.07122302055358887], [966, 0.08858374506235123], [1000, 0.1819954216480255], [1033, 0.033836353570222855], [1066, 0.06836074590682983], [1100, 0.14434285461902618], [1133, 0.1770201325416565], [1166, 0.03509970009326935], [1200, 0.102408766746521], [1233, 0.029378527775406837], [1266, 0.058166977018117905], [1300, 0.018602529540657997], [1333, 0.017833484336733818], [1366, 0.011856632307171822], [1400, 0.003994611091911793], [1433, 0.06390390545129776], [1466, 0.015792619436979294], [1500, 0.0054197246208786964], [1533, 0.10621897876262665], [1566, 0.003230681177228689], [1600, 0.026643678545951843], [1633, 0.06657299399375916], [1666, 0.02614804171025753], [1700, 0.14139699935913086], [1733, 0.019328806549310684], [1766, 0.011488317511975765], [1800, 0.030991414561867714], [1833, 0.021850500255823135], [1866, 0.013241167180240154], [1900, 0.035334426909685135], [1933, 0.05655092000961304], [1966, 0.011264895088970661], [2000, 0.0030261026695370674], [2033, 0.031247127801179886], [2066, 0.017808418720960617], [2100, 0.057143956422805786], [2133, 0.024253154173493385], [2166, 0.01803172193467617], [2200, 0.024950271472334862], [2233, 0.017866989597678185], [2266, 0.0026766504161059856], [2300, 0.1363193243741989], [2333, 0.07860026508569717], [2366, 0.024137424305081367], [2400, 0.01810060255229473], [2433, 0.004548332188278437], [2466, 0.0035099305678159], [2500, 0.003890585619956255], [2533, 0.06827995926141739], [2566, 0.0033482054714113474], [2600, 0.005454570520669222], [2633, 0.04821515455842018], [2666, 0.045104335993528366], [2700, 0.026789408177137375], [2733, 0.08250144869089127], [2766, 0.0816427692770958], [2800, 0.033756323158741], [2833, 0.002496323548257351], [2866, 0.03586180880665779], [2900, 0.013622313737869263], [2933, 0.003266887040808797], [2966, 0.0353812538087368], [3000, 0.013755818828940392], [3033, 0.04109520837664604], [3066, 0.031526174396276474], [3100, 0.0022451283875852823], [3133, 0.025636540725827217], [3166, 0.05457155406475067], [3200, 0.08184204995632172], [3233, 0.11451007425785065], [3266, 0.020650876685976982], [3300, 0.007565315812826157], [3333, 0.05633193626999855], [3366, 0.14230814576148987], [3400, 0.052526313811540604], [3433, 0.012538404203951359], [3466, 0.1883302628993988], [3500, 0.22059419751167297], [3533, 0.11541682481765747], [3566, 0.07747168093919754], [3600, 0.023401135578751564], [3633, 0.015850858762860298], [3666, 0.036597833037376404], [3700, 0.037688542157411575], [3733, 0.0754113420844078], [3766, 0.08628609031438828], [3800, 0.0266659427434206], [3833, 0.03340722247958183], [3866, 0.038113679736852646], [3900, 0.005517867393791676], [3933, 0.045790303498506546], [3966, 0.07895489037036896], [4000, 0.08001086860895157], [4033, 0.03814506158232689], [4066, 0.04902156442403793], [4100, 0.06281173974275589], [4133, 0.019834503531455994], [4166, 0.04141721501946449], [4200, 0.005496430676430464], [4233, 0.004835839383304119], [4266, 0.04400980845093727], [4300, 0.030571777373552322], [4333, 0.059320978820323944], [4366, 0.01885390467941761], [4400, 0.005638641770929098], [4433, 0.1333296000957489], [4466, 0.019274497404694557], [4500, 0.019621826708316803], [4533, 0.09051215648651123], [4566, 0.04251891374588013], [4600, 0.004727096762508154], [4633, 0.07647233456373215], [4666, 0.0018847481114789844], [4700, 0.07033251971006393], [4733, 0.05125608667731285], [4766, 0.23748037219047546], [4800, 0.01581176370382309], [4833, 0.0069202943705022335], [4866, 0.2759677469730377], [4900, 0.27126196026802063], [4933, 0.004709197673946619], [4966, 0.0551612563431263], [5000, 0.021755976602435112], [5033, 0.0056055388413369656], [5066, 0.0863582193851471], [5100, 0.004220602568238974], [5133, 0.03953641280531883], [5166, 0.007330250460654497], [5200, 0.052284568548202515], [5233, 0.20070837438106537], [5266, 0.045536965131759644], [5300, 0.0034047476947307587], [5333, 0.15907008945941925], [5366, 0.033651530742645264], [5400, 0.06404226273298264], [5433, 0.04464632645249367], [5466, 0.014038227498531342], [5500, 0.037751827389001846], [5533, 0.05098814144730568], [5566, 0.00284391432069242], [5600, 0.04704146087169647], [5633, 0.05457163229584694], [5666, 0.031209265813231468], [5700, 0.15521201491355896], [5733, 0.022986888885498047], [5766, 0.07627438008785248], [5800, 0.07793042063713074], [5833, 0.08910765498876572], [5866, 0.0023483934346586466], [5900, 0.006280513480305672], [5933, 0.026770073920488358], [5966, 0.012180667370557785]],