{"jigsaw": {"precision": 0.9252, "recall": 0.665, "f_beta": 0.7047, "specificity": 1.0, "fpr": 0.006, "tpr": 0.665, "confusion_matrix": {"tp": 1485, "fp": 120, "tn": 20002, "fn": 748}, "auc": 0.9858617464988942, "class_auc": {"toxicity": 0.9852467173338559, "severe_toxicity": 0.9905395122495038, "obscene": 0.9914733839947576, "threat": 0.9735875938407583, "insult": 0.9860542626134395, "identity_attack": 0.9882690089610505}}, "secondary_neutral": {"precision": 0.7608, "recall": 0.6901, "f_beta": 0.7031, "specificity": 0.9886, "fpr": 0.0193, "tpr": 0.6901, "confusion_matrix": {"tp": 3894, "fp": 1224, "tn": 62323, "fn": 1749}, "auc": 0.982916113031363, "class_auc": {"toxicity": 0.9850960931523471, "severe_toxicity": 0.9691657247836617, "obscene": 0.9967652043667279, "threat": 0.971594934170955, "insult": 0.9877252229829812, "identity_attack": 0.9871494987315043}}, "secondary_positive": {"topic_4": {"precision": 1.0, "recall": 0.6286, "f_beta": 0.679, "specificity": 0, "fpr": 0, "tpr": 0.6286, "confusion_matrix": {"tp": 66, "fp": 0, "tn": 0, "fn": 39}}, "topic_6": {"precision": 1.0, "recall": 0.8214, "f_beta": 0.8519, "specificity": 0, "fpr": 0, "tpr": 0.8214, "confusion_matrix": {"tp": 207, "fp": 0, "tn": 0, "fn": 45}}, "topic_7": {"precision": 1.0, "recall": 0.5122, "f_beta": 0.5676, "specificity": 0, "fpr": 0, "tpr": 0.5122, "confusion_matrix": {"tp": 21, "fp": 0, "tn": 0, "fn": 20}}, "topic_10": {"precision": 1.0, "recall": 0.64, "f_beta": 0.6897, "specificity": 0, "fpr": 0, "tpr": 0.64, "confusion_matrix": {"tp": 16, "fp": 0, "tn": 0, "fn": 9}}, "mean": {"precision": 1.0, "recall": 0.6505500000000001, "f_beta": 0.69705, "specificity": 0.0}}}