{"num_epochs": 1, "loss": [[0, 0.805752158164978], [10, 0.35382887721061707], [20, 0.22638210654258728], [30, 0.19754579663276672], [40, 0.06861501187086105], [50, 0.3605836033821106], [60, 0.2239144742488861], [70, 0.17723426222801208], [80, 0.037386488169431686], [90, 0.20230624079704285], [100, 0.11757823079824448], [110, 0.2880938649177551], [120, 0.058648861944675446], [130, 0.08302178978919983], [140, 0.09289248287677765], [150, 0.07800950109958649], [160, 0.018782958388328552], [170, 0.1259676218032837], [180, 0.08899451792240143], [190, 0.12465843558311462], [200, 0.06530530750751495], [210, 0.08942636847496033], [220, 0.026600895449519157], [230, 0.23263010382652283], [240, 0.23450498282909393], [250, 0.13255463540554047], [260, 0.010752907954156399], [270, 0.15351489186286926], [280, 0.04972761869430542], [290, 0.05325791984796524], [300, 0.045416541397571564], [310, 0.14789730310440063], [320, 0.12514199316501617], [330, 0.027688488364219666], [340, 0.054080456495285034], [350, 0.3016377389431], [360, 0.15413936972618103], [370, 0.0570543073117733], [380, 0.1317189633846283], [390, 0.0902712270617485], [400, 0.09403540939092636], [410, 0.01345728151500225], [420, 0.16047754883766174], [430, 0.09956421703100204], [440, 0.28565096855163574], [450, 0.021347535774111748], [460, 0.13994742929935455], [470, 0.19958506524562836], [480, 0.2611234188079834], [490, 0.025061076506972313], [500, 0.007607550825923681], [510, 0.13313084840774536], [520, 0.019293062388896942], [530, 0.12757804989814758], [540, 0.006879858672618866], [550, 0.0050261057913303375], [560, 0.13093361258506775], [570, 0.07052302360534668], [580, 0.09844642132520676], [590, 0.05027627944946289], [600, 0.09647940844297409], [610, 0.09861741960048676], [620, 0.0780077800154686], [630, 0.03334509953856468], [640, 0.38117921352386475], [650, 0.062029942870140076], [660, 0.02589554898440838], [670, 0.01839422434568405], [680, 0.03150623291730881], [690, 0.1168622225522995], [700, 0.09758502244949341], [710, 0.04034167528152466], [720, 0.02739199623465538], [730, 0.1489187330007553], [740, 0.1398293673992157], [750, 0.07509003579616547], [760, 0.004616009071469307], [770, 0.01923782378435135], [780, 0.003067469922825694], [790, 0.047879304736852646], [800, 0.0031721971463412046], [810, 0.03177150338888168], [820, 0.06937050819396973], [830, 0.017234575003385544], [840, 0.066631019115448], [850, 0.14563974738121033], [860, 0.2008344978094101], [870, 0.04979045316576958], [880, 0.22833369672298431], [890, 0.0035306699573993683], [900, 0.05336795374751091], [910, 0.08838941901922226], [920, 0.003909384366124868], [930, 0.012228971347212791], [940, 0.029240183532238007], [950, 0.020581474527716637], [960, 0.13630227744579315], [970, 0.06167963892221451], [980, 0.002604409819468856], [990, 0.028323307633399963], [1000, 0.011730148456990719], [1010, 0.12441207468509674], [1020, 0.0429738387465477], [1030, 0.02248498424887657], [1040, 0.06674493104219437], [1050, 0.025253651663661003], [1060, 0.011098109185695648], [1070, 0.010249603539705276], [1080, 0.05064832419157028], [1090, 0.03504088893532753], [1100, 0.1203121766448021], [1110, 0.10255356132984161], [1120, 0.12849535048007965], [1130, 0.15052738785743713], [1140, 0.027649786323308945], [1150, 0.002688249573111534], [1160, 0.17757076025009155], [1170, 0.004729600623250008], [1180, 0.19094669818878174], [1190, 0.017553500831127167], [1200, 0.01457190327346325], [1210, 0.07986409962177277], [1220, 0.07319468259811401], [1230, 0.1252259463071823], [1240, 0.20003971457481384], [1250, 0.02541331946849823], [1260, 0.08353301137685776], [1270, 0.0017829842399805784], [1280, 0.0051420703530311584], [1290, 0.07467661798000336], [1300, 0.006549718789756298], [1310, 0.09725368022918701], [1320, 0.21520017087459564], [1330, 0.06781665235757828], [1340, 0.049981843680143356], [1350, 0.029685985296964645], [1360, 0.02677755430340767], [1370, 0.23254096508026123], [1380, 0.025418495759367943], [1390, 0.09213326871395111], [1400, 0.01604563370347023], [1410, 0.2618381679058075], [1420, 0.07011657953262329], [1430, 0.01968097873032093], [1440, 0.06970101594924927], [1450, 0.02355736307799816], [1460, 0.01889467053115368], [1470, 0.05445358157157898], [1480, 0.047972917556762695], [1490, 0.049041032791137695], [1500, 0.17404279112815857], [1510, 0.019213715568184853], [1520, 0.03931034728884697], [1530, 0.004988532979041338], [1540, 0.012584993615746498], [1550, 0.031961359083652496], [1560, 0.037090592086315155], [1570, 0.033881645649671555], [1580, 0.10662790387868881], [1590, 0.004577291198074818], [1600, 0.11219220608472824], [1610, 0.08856305480003357], [1620, 0.04124676063656807], [1630, 0.09519226849079132], [1640, 0.012523645535111427], [1650, 0.0014182832092046738], [1660, 0.04429144412279129], [1670, 0.058759160339832306], [1680, 0.0019703505095094442], [1690, 0.0019481461495161057], [1700, 0.01761159673333168], [1710, 0.06350424885749817], [1720, 0.15750449895858765], [1730, 0.05987153202295303], [1740, 0.0997660756111145], [1750, 0.039359673857688904], [1760, 0.08401235938072205], [1770, 0.06897495687007904], [1780, 0.07279083132743835], [1790, 0.054573215544223785], [1800, 0.006649673916399479], [1810, 0.004961194470524788], [1820, 0.0016344059258699417], [1830, 0.01462662871927023], [1840, 0.021746035665273666], [1850, 0.002467324025928974], [1860, 0.018154233694076538], [1870, 0.043117132037878036], [1880, 0.084559366106987], [1890, 0.013088448904454708], [1900, 0.10006830096244812], [1910, 0.0362929031252861], [1920, 0.0069537777453660965], [1930, 0.08027349412441254], [1940, 0.023613885045051575], [1950, 0.09113194793462753], [1960, 0.10084377229213715], [1970, 0.005268541630357504], [1980, 0.01974523812532425], [1990, 0.06841662526130676], [2000, 0.05239482969045639], [2010, 0.06154663860797882], [2020, 0.018543126061558723], [2030, 0.008551118895411491], [2040, 0.10040608048439026], [2050, 0.0896727666258812], [2060, 0.049130167812108994], [2070, 0.01658548414707184], [2080, 0.09375863522291183], [2090, 0.058697789907455444], [2100, 0.0429425984621048], [2110, 0.015031329356133938], [2120, 0.09351466596126556], [2130, 0.12278851121664047], [2140, 0.0016396496212109923], [2150, 0.1564006805419922], [2160, 0.013259927742183208], [2170, 0.2322661578655243], [2180, 0.06367066502571106], [2190, 0.06913702934980392], [2200, 0.005009523592889309], [2210, 0.23271284997463226], [2220, 0.02131207287311554], [2230, 0.0070120650343596935], [2240, 0.048183973878622055], [2250, 0.012702470645308495], [2260, 0.005940428003668785], [2270, 0.0231096800416708], [2280, 0.236454576253891], [2290, 0.049686580896377563], [2300, 0.06474298238754272], [2310, 0.011502130888402462], [2320, 0.004220979753881693], [2330, 0.05470501631498337], [2340, 0.0013809155207127333], [2350, 0.0157664455473423], [2360, 0.10798799246549606], [2370, 0.0373491607606411], [2380, 0.03548821061849594], [2390, 0.016961174085736275], [2400, 0.13350819051265717], [2410, 0.05418631434440613], [2420, 0.023542357608675957], [2430, 0.03448547050356865], [2440, 0.054162755608558655], [2450, 0.0026916726492345333]],