{"jigsaw": {"precision": 0.9181, "recall": 0.6525, "f1": 0.7628, "auc": 0.9871397751962965, "class_auc": {"toxicity": 0.9831311897616618, "severe_toxicity": 0.9904759929428755, "obscene": 0.9912297860817183, "threat": 0.9839810517160369, "insult": 0.985923567415793, "identity_attack": 0.988097063259693}}, "secondary_neutral": {"precision": 0.9791, "recall": 0.3977, "f1": 0.5656, "auc": 0.9876430718373364, "class_auc": {"toxicity": 0.9729040861011048, "severe_toxicity": 0.9983143465082625, "obscene": 0.9977173499475434, "threat": 0.9784356969413442, "insult": 0.9935421656776782, "identity_attack": 0.9849447858480844}}, "secondary_positive": {"precision": 0, "recall": 0.0, "f1": 0, "fpr": 0, "tpr": 0.0, "confusion_matrix": {"tp": 0, "fp": 0, "tn": 0, "fn": 5405}}}