{"jigsaw": {"precision": 0.9161, "recall": 0.6355, "f_beta": 0.6769, "specificity": 1.0, "fpr": 0.0065, "tpr": 0.6355, "confusion_matrix": {"tp": 1419, "fp": 130, "tn": 19992, "fn": 814}, "auc": 0.9854479794539049, "class_auc": {"toxicity": 0.9821818912481607, "severe_toxicity": 0.9900695990116914, "obscene": 0.9908109017942297, "threat": 0.980283384808028, "insult": 0.98595269342001, "identity_attack": 0.9833894064413096}}, "secondary_neutral": {"precision": 0.753, "recall": 0.5649, "f_beta": 0.5946, "specificity": 0.9883, "fpr": 0.0165, "tpr": 0.5649, "confusion_matrix": {"tp": 3188, "fp": 1046, "tn": 62501, "fn": 2455}, "auc": 0.9769088815349551, "class_auc": {"toxicity": 0.9834303737950708, "severe_toxicity": 0.9665840096223017, "obscene": 0.9966828575017832, "threat": 0.9488206464835482, "insult": 0.9867116054915767, "identity_attack": 0.9792237963154503}}, "secondary_positive": {"topic_4": {"precision": 1.0, "recall": 0.6476, "f_beta": 0.6967, "specificity": 0, "fpr": 0, "tpr": 0.6476, "confusion_matrix": {"tp": 68, "fp": 0, "tn": 0, "fn": 37}}, "topic_6": {"precision": 1.0, "recall": 0.7817, "f_beta": 0.8174, "specificity": 0, "fpr": 0, "tpr": 0.7817, "confusion_matrix": {"tp": 197, "fp": 0, "tn": 0, "fn": 55}}, "topic_7": {"precision": 1.0, "recall": 0.3902, "f_beta": 0.4444, "specificity": 0, "fpr": 0, "tpr": 0.3902, "confusion_matrix": {"tp": 16, "fp": 0, "tn": 0, "fn": 25}}, "topic_10": {"precision": 1.0, "recall": 0.76, "f_beta": 0.7983, "specificity": 0, "fpr": 0, "tpr": 0.76, "confusion_matrix": {"tp": 19, "fp": 0, "tn": 0, "fn": 6}}, "mean": {"precision": 1.0, "recall": 0.6448750000000001, "f_beta": 0.6892, "specificity": 0.0}}}