{"jigsaw": {"precision": 0.9047, "recall": 0.6592, "f1": 0.7627, "auc": 0.9857559346659831, "class_auc": {"toxicity": 0.983919621052981, "severe_toxicity": 0.9899935486853879, "obscene": 0.9913820275997757, "threat": 0.9778361507421567, "insult": 0.9868845189875519, "identity_attack": 0.9845197409280454}}, "secondary_neutral": {"precision": 0.9487, "recall": 0.597, "f1": 0.7329, "auc": 0.9903369315584695, "class_auc": {"toxicity": 0.9880279522092404, "severe_toxicity": 0.9923659690212046, "obscene": 0.9987389541267236, "threat": 0.9750150927844238, "insult": 0.9944274815107871, "identity_attack": 0.993446139698437}}, "secondary_positive": {"precision": 1.0, "recall": 0.2236, "f1": 0.3655, "fpr": 0, "tpr": 0.2236, "confusion_matrix": {"tp": 307, "fp": 0, "tn": 0, "fn": 1066}}}