{"jigsaw": {"precision": 0.9167, "recall": 0.6014, "f1": 0.7263, "auc": 0.9767822647660541, "class_auc": {"toxicity": 0.979057888506002, "severe_toxicity": 0.9837053533812363, "obscene": 0.9890122928613849, "threat": 0.9458373119832856, "insult": 0.9840602467885584, "identity_attack": 0.9790204950758583}}, "secondary_neutral": {"precision": 0.2233, "recall": 0.5981, "f1": 0.3252, "auc": 0.8386857204813049, "class_auc": {"toxicity": 0.8185494417661922, "severe_toxicity": 0.8271654064459631, "obscene": 0.8738889818122733, "threat": 0.7319489741362025, "insult": 0.8614832990410913, "identity_attack": 0.9190782196861068}}, "secondary_positive": {"precision": 1.0, "recall": 0.9921, "f1": 0.996, "fpr": 0, "tpr": 0.9921, "confusion_matrix": {"tp": 250, "fp": 0, "tn": 0, "fn": 2}}}