{"num_epochs": 1, "loss": [[0, 0.7900165915489197], [10, 0.48342961072921753], [20, 0.3057255148887634], [30, 0.1311635822057724], [40, 0.260494202375412], [50, 0.14864462614059448], [60, 0.08950859308242798], [70, 0.0947999358177185], [80, 0.09445279836654663], [90, 0.17636153101921082], [100, 0.04270132631063461], [110, 0.29132699966430664], [120, 0.10704728215932846], [130, 0.09392516314983368], [140, 0.16056695580482483], [150, 0.31054770946502686], [160, 0.04506645351648331], [170, 0.06721082329750061], [180, 0.10415074229240417], [190, 0.025789489969611168], [200, 0.3715948462486267], [210, 0.020511172711849213], [220, 0.027333294972777367], [230, 0.05814891681075096], [240, 0.24745647609233856], [250, 0.11674600839614868], [260, 0.0790630504488945], [270, 0.04013747721910477], [280, 0.07631491869688034], [290, 0.11224479973316193], [300, 0.2705508768558502], [310, 0.1019236370921135], [320, 0.02795884571969509], [330, 0.010421073995530605], [340, 0.4418506622314453], [350, 0.09989601373672485], [360, 0.18188261985778809], [370, 0.08002056181430817], [380, 0.018016329035162926], [390, 0.1315731257200241], [400, 0.14088289439678192], [410, 0.14682722091674805], [420, 0.20194420218467712], [430, 0.07693550735712051], [440, 0.02257624827325344], [450, 0.06324049830436707], [460, 0.2664530873298645], [470, 0.0318545438349247], [480, 0.10841229557991028], [490, 0.013276159763336182], [500, 0.00809885747730732], [510, 0.07250241935253143], [520, 0.018050793558359146], [530, 0.019545454531908035], [540, 0.07404831051826477], [550, 0.019212841987609863], [560, 0.010289616882801056], [570, 0.062036748975515366], [580, 0.060566749423742294], [590, 0.021811801940202713], [600, 0.024112481623888016], [610, 0.1567126363515854], [620, 0.05442405864596367], [630, 0.004125539213418961], [640, 0.11531030386686325], [650, 0.006987176835536957], [660, 0.05503248795866966], [670, 0.012793635949492455], [680, 0.0083400784060359], [690, 0.04919989034533501], [700, 0.19668464362621307], [710, 0.1016332358121872], [720, 0.06500373780727386], [730, 0.05379278212785721], [740, 0.0491664819419384], [750, 0.0037391148507595062], [760, 0.022499551996588707], [770, 0.16518612205982208], [780, 0.11779797077178955], [790, 0.057212915271520615], [800, 0.21858727931976318], [810, 0.005472141783684492], [820, 0.011325379833579063], [830, 0.09314671158790588], [840, 0.03552287071943283], [850, 0.02755042538046837], [860, 0.12469055503606796], [870, 0.0064218128100037575], [880, 0.038814425468444824], [890, 0.061636053025722504], [900, 0.01744387485086918], [910, 0.03739981725811958], [920, 0.08761917054653168], [930, 0.07266639918088913], [940, 0.02204962633550167], [950, 0.009784248657524586], [960, 0.07471899688243866], [970, 0.2082391381263733], [980, 0.03243168443441391], [990, 0.03794072940945625], [1000, 0.0042641605250537395], [1010, 0.02236872725188732], [1020, 0.018248092383146286], [1030, 0.026697909459471703], [1040, 0.0022108606062829494], [1050, 0.09958791732788086], [1060, 0.042019568383693695], [1070, 0.005490997806191444], [1080, 0.0029579177498817444], [1090, 0.0057587455958127975], [1100, 0.018221314996480942], [1110, 0.07035895437002182], [1120, 0.07886148989200592], [1130, 0.13888944685459137], [1140, 0.01439550518989563], [1150, 0.017454354092478752], [1160, 0.17459341883659363], [1170, 0.05724490433931351], [1180, 0.006253515835851431], [1190, 0.10619282722473145], [1200, 0.028379231691360474], [1210, 0.11672945320606232], [1220, 0.06510036438703537], [1230, 0.005523260682821274], [1240, 0.03191622719168663], [1250, 0.03475402295589447], [1260, 0.007656106259673834], [1270, 0.04139963537454605], [1280, 0.02559247426688671], [1290, 0.07433223724365234], [1300, 0.020635008811950684], [1310, 0.08247290551662445], [1320, 0.03511957824230194], [1330, 0.0049450816586613655], [1340, 0.00991623755544424], [1350, 0.14100080728530884], [1360, 0.032922275364398956], [1370, 0.024425476789474487], [1380, 0.03306889533996582], [1390, 0.010985496453940868], [1400, 0.08228728175163269], [1410, 0.01889871060848236], [1420, 0.12417048215866089], [1430, 0.004629302769899368], [1440, 0.04202660918235779], [1450, 0.03236031159758568], [1460, 0.10635964572429657], [1470, 0.12857301533222198], [1480, 0.004022822715342045], [1490, 0.02282627671957016], [1500, 0.05857759341597557], [1510, 0.007054117973893881], [1520, 0.04530910775065422], [1530, 0.08165055513381958], [1540, 0.04481152817606926], [1550, 0.10618128627538681], [1560, 0.013676456175744534], [1570, 0.007311690133064985], [1580, 0.0030236176680773497], [1590, 0.07383190095424652], [1600, 0.14902707934379578], [1610, 0.04104958847165108], [1620, 0.1627279818058014], [1630, 0.15530717372894287], [1640, 0.05368129909038544], [1650, 0.027333587408065796], [1660, 0.08010860532522202], [1670, 0.0033278167247772217], [1680, 0.19687184691429138], [1690, 0.0021611545234918594], [1700, 0.002784591866657138], [1710, 0.19379733502864838], [1720, 0.003606156213209033], [1730, 0.08324131369590759], [1740, 0.0025770245119929314], [1750, 0.06407618522644043], [1760, 0.13660892844200134], [1770, 0.027464300394058228], [1780, 0.04646340012550354], [1790, 0.06912939250469208], [1800, 0.006424089893698692], [1810, 0.09130081534385681], [1820, 0.12362660467624664], [1830, 0.008057047612965107], [1840, 0.10084619373083115], [1850, 0.028027569875121117], [1860, 0.05323927849531174], [1870, 0.020821470767259598], [1880, 0.031768377870321274], [1890, 0.03557410463690758], [1900, 0.03517577424645424], [1910, 0.02239702269434929], [1920, 0.039021942764520645], [1930, 0.03530922159552574], [1940, 0.09933550655841827], [1950, 0.0071375323459506035], [1960, 0.003526153042912483], [1970, 0.04866421967744827], [1980, 0.01541544683277607], [1990, 0.05741100758314133], [2000, 0.09073475003242493], [2010, 0.04583358019590378], [2020, 0.006038944702595472], [2030, 0.023441996425390244], [2040, 0.10240622609853745], [2050, 0.04264381527900696], [2060, 0.003434460610151291], [2070, 0.026360400021076202], [2080, 0.0527561753988266], [2090, 0.0016610966995358467], [2100, 0.01656203530728817], [2110, 0.0023730082903057337], [2120, 0.035702697932720184], [2130, 0.15466049313545227], [2140, 0.008746464736759663], [2150, 0.060708340257406235], [2160, 0.03735260292887688], [2170, 0.002420587930828333], [2180, 0.08495505899190903], [2190, 0.01159694604575634], [2200, 0.0138710280880332], [2210, 0.10010713338851929], [2220, 0.0034599308855831623], [2230, 0.06000424176454544], [2240, 0.0072321463376283646], [2250, 0.003274202113971114], [2260, 0.06269219517707825], [2270, 0.0270546805113554], [2280, 0.004894464276731014], [2290, 0.003318820847198367], [2300, 0.12010057270526886], [2310, 0.0025505381636321545], [2320, 0.0031235225033015013], [2330, 0.06839869916439056], [2340, 0.002665119944140315], [2350, 0.027009043842554092], [2360, 0.0278281569480896], [2370, 0.029776904731988907], [2380, 0.04153218865394592], [2390, 0.12981481850147247], [2400, 0.004202204290777445], [2410, 0.13933470845222473], [2420, 0.0031008522491902113], [2430, 0.006153784226626158], [2440, 0.027282368391752243], [2450, 0.05402205139398575], [2460, 0.018846843391656876], [2470, 0.023190222680568695], [2480, 0.07650904357433319], [2490, 0.006922764237970114], [2500, 0.07969558238983154], [2510, 0.1434779018163681], [2520, 0.0891653299331665], [2530, 0.02710951678454876], [2540, 0.027476033195853233], [2550, 0.21694032847881317], [2560, 0.12050022929906845], [2570, 0.0468122623860836], [2580, 0.022733088582754135], [2590, 0.06885211914777756], [2600, 0.013510400429368019], [2610, 0.03030320070683956], [2620, 0.09487330913543701], [2630, 0.03587827831506729], [2640, 0.006464164704084396], [2650, 0.006784982979297638], [2660, 0.04331399127840996], [2670, 0.0012958787847310305], [2680, 0.11220228672027588], [2690, 0.04621342569589615], [2700, 0.006654743105173111], [2710, 0.021986370906233788], [2720, 0.0160659309476614], [2730, 0.014796378090977669], [2740, 0.11400751769542694], [2750, 