{"num_epochs": 3, "loss": [[0, 0.8083717226982117], [20, 0.08305273950099945], [40, 0.1626741737127304], [60, 0.26793453097343445], [80, 0.06587820500135422], [100, 0.14469793438911438], [120, 0.014025041833519936], [140, 0.0762617290019989], [160, 0.014634239487349987], [180, 0.009153362363576889], [200, 0.06813523173332214], [220, 0.05325862020254135], [240, 0.008194192312657833], [260, 0.051913291215896606], [280, 0.06713221967220306], [300, 0.036718711256980896], [320, 0.026313867419958115], [340, 0.02642556093633175], [360, 0.12171061336994171], [380, 0.10830549895763397], [400, 0.03086548112332821], [420, 0.30730533599853516], [440, 0.03997592628002167], [460, 0.005264367908239365], [480, 0.012992370873689651], [500, 0.0038196644745767117], [520, 0.010781509801745415], [540, 0.004866390489041805], [560, 0.004261346999555826], [580, 0.03791261464357376], [600, 0.014843451790511608], [620, 0.021884053945541382], [640, 0.051105957478284836], [660, 0.004935957491397858], [680, 0.06880795210599899], [700, 0.15180020034313202], [720, 0.2199009507894516], [740, 0.1465798020362854], [760, 0.01257426105439663], [780, 0.0028788286726921797], [800, 0.01584579236805439], [820, 0.010249437764286995], [840, 0.04016165807843208], [860, 0.002991832559928298], [880, 0.005279626697301865], [900, 0.03972978517413139], [920, 0.0020891244057565928], [940, 0.08352488279342651], [960, 0.18874961137771606], [980, 0.094247005879879], [1000, 0.04972404986619949], [1020, 0.00353010231629014], [1040, 0.0018827591557055712], [1060, 0.10214292258024216], [1080, 0.00934191606938839], [1100, 0.017525171861052513], [1120, 0.06966224312782288], [1140, 0.046806495636701584], [1160, 0.0027419596444815397], [1180, 0.03792138025164604], [1200, 0.007230458781123161], [1220, 0.1319272220134735], [1240, 0.039274588227272034], [1260, 0.02128058299422264], [1280, 0.0885346382856369], [1300, 0.06594416499137878], [1320, 0.03899715468287468], [1340, 0.002498154528439045], [1360, 0.0017497127410024405], [1380, 0.11731238663196564], [1400, 0.14068150520324707], [1420, 0.11886349320411682], [1440, 0.001620008610188961], [1460, 0.0016316501423716545], [1480, 0.0021852259524166584], [1500, 0.09677215665578842], [1520, 0.309872567653656], [1540, 0.03211754560470581], [1560, 0.035217031836509705], [1580, 0.03449500352144241], [1600, 0.1427057385444641], [1620, 0.004092335235327482], [1640, 0.053407445549964905], [1660, 0.04305446147918701], [1680, 0.08436610549688339], [1700, 0.009108099155128002], [1720, 0.057882171124219894], [1740, 0.0026733805425465107], [1760, 0.06573210656642914], [1780, 0.08625340461730957], [1800, 0.006585610099136829], [1820, 0.01463261153548956], [1840, 0.032675109803676605], [1860, 0.04888511821627617], [1880, 0.14480862021446228], [1900, 0.005833446513861418], [1920, 0.07427333295345306], [1940, 0.004255765117704868], [1960, 0.003042253665626049], [1980, 0.11678492277860641], [2000, 0.011513462290167809], [2020, 0.14922794699668884], [2040, 0.0015272864839062095], [2060, 0.007929891347885132], [2080, 0.00593562563881278], [2100, 0.09401991963386536], [2120, 0.024294152855873108], [2140, 0.014216660521924496], [2160, 0.19765037298202515], [2180, 0.03432691469788551], [2200, 0.04819262772798538], [2220, 0.12201415747404099], [2236, 0.033513143658638], [2256, 0.06382732093334198], [2276, 0.05111085996031761], [2296, 0.14099377393722534], [2316, 0.0012721631210297346], [2336, 0.025137878954410553], [2356, 0.0316556841135025], [2376, 0.054346513003110886], [2396, 0.07996844500303268], [2416, 0.04480961710214615], [2436, 0.0057580373249948025], [2456, 0.002023207489401102], [2476, 0.06243111938238144], [2496, 0.013574397191405296], [2516, 0.0011178425047546625], [2536, 0.06475984305143356], [2556, 0.009237037040293217], [2576, 0.025105144828557968], [2596, 0.03032151237130165], [2616, 0.003973095677793026], [2636, 0.001631715684197843], [2656, 0.11959516257047653], [2676, 0.004282102920114994], [2696, 0.04797131568193436], [2716, 0.11182569712400436], [2736, 0.009815437719225883], [2756, 0.13824167847633362], [2776, 0.18475131690502167], [2796, 0.04117196053266525], [2816, 0.117182157933712], [2836, 0.053894586861133575], [2856, 0.14920347929000854], [2876, 0.00075110187754035], [2896, 0.10614277422428131], [2916, 0.0008104303851723671], [2936, 0.058439701795578], [2956, 0.03758542612195015], [2976, 0.008997918106615543], [2996, 0.026646580547094345], [3016, 0.01159735769033432], [3036, 0.0008337990147992969], [3056, 0.028002670034766197], [3076, 0.21144168078899384], [3096, 0.09427427500486374], [3116, 0.05685446783900261], [3136, 0.020872950553894043], [3156, 0.00731672253459692], [3176, 0.05260404199361801], [3196, 0.036631785333156586], [3216, 0.06771368533372879], [3236, 0.04667986184358597], [3256, 0.13205860555171967], [3276, 0.003451761556789279], [3296, 0.2112625539302826], [3316, 0.0011272146366536617], [3336, 0.06013529747724533], [3356, 0.050790753215551376], [3376, 0.03169083595275879], [3396, 0.03729816526174545], [3416, 0.0716211125254631], [3436, 0.030872775241732597], [3456, 0.025978337973356247], [3476, 0.001677677733823657], [3496, 0.10992372035980225], [3516, 0.11414804309606552], [3536, 0.08365216106176376], [3556, 0.12385545670986176], [3576, 0.005461769178509712], [3596, 0.028885049745440483], [3616, 0.036141108721494675], [3636, 0.0009336835937574506], [3656, 0.12162836641073227], [3676, 0.01946091279387474], [3696, 0.0760679692029953], [3716, 0.0005578426644206047], [3736, 0.0972183495759964], [3756, 0.2010730803012848], [3776, 0.010824857279658318], [3796, 0.0013433131389319897], [3816, 0.10788702964782715], [3836, 0.04756220430135727], [3856, 0.0049814763478934765], [3876, 0.0017601869767531753], [3896, 0.1375962197780609], [3916, 0.015140214934945107], [3936, 0.031099263578653336], [3956, 0.008962757885456085], [3976, 0.14577221870422363], [3996, 0.009258117526769638], [4016, 0.0008560554124414921], [4036, 0.26466134190559387], [4056, 0.0971035361289978], [4076, 0.18380498886108398], [4096, 0.03652459755539894], [4116, 0.11248444020748138], [4136, 0.17878590524196625], [4156, 0.040995340794324875], [4176, 0.03482724726200104], [4196, 0.0028337545227259398], [4216, 0.020586082711815834], [4236, 0.05104876682162285], [4256, 0.041711486876010895], [4276, 0.09549310803413391], [4296, 0.0399051308631897], [4316, 0.0005840650992468], [4336, 0.16114625334739685], [4356, 0.05725739896297455], [4376, 0.03231996297836304], [4396, 0.04315583035349846], [4416, 0.08230508863925934], [4436, 0.004231603350490332], [4456, 0.0562082938849926], [4472, 0.010499170050024986], [4492, 0.0031522270292043686], [4512, 0.0008893798803910613], [4532, 0.02215670794248581], [4552, 0.007051508873701096], [4572, 0.014704438857734203], [4592, 0.08339926600456238], [4612, 0.09520101547241211], [4632, 0.004221680574119091], [4652, 0.0061897458508610725], [4672, 0.12668350338935852], [4692, 0.04244942590594292], [4712, 0.03628377616405487], [4732, 0.02474028989672661], [4752, 0.02637583762407303], [4772, 0.04296176880598068], [4792, 0.0011077335802838206], [4812, 0.05743536353111267], [4832, 0.02199857495725155], [4852, 0.040601521730422974], [4872, 0.016332577913999557], [4892, 0.009087416343390942], [4912, 0.04574543237686157], [4932, 0.0005587775958701968], [4952, 0.04517948627471924], [4972, 0.00047122102114371955], [4992, 0.053814783692359924], [5012, 0.0005546601023525], [5032, 0.0018132980912923813], [5052, 0.04308358579874039], [5072, 0.052404798567295074], [5092, 0.0007502626976929605], [5112, 0.04979516193270683], [5132, 0.000598317536059767], [5152, 0.0005922183627262712], [5172, 0.001860672840848565], [5192, 0.038337238132953644], [5212, 0.10443341732025146], [5232, 0.06691145896911621], [5252, 0.003314369823783636], [5272, 0.06387677043676376], [5292, 0.03280269354581833], [5312, 0.04989359527826309], [5332, 0.20520150661468506], [5352, 0.04976451396942139], [5372, 0.2054027020931244], [5392, 0.021411791443824768], [5412, 0.0968361347913742], [5432, 