{"jigsaw": {"precision": 0.9068, "recall": 0.6579, "f_beta": 0.6961, "specificity": 1.0, "fpr": 0.0075, "tpr": 0.6579, "confusion_matrix": {"tp": 1469, "fp": 151, "tn": 19971, "fn": 764}, "auc": 0.98522620033882, "class_auc": {"toxicity": 0.9823492649874472, "severe_toxicity": 0.9889744311025093, "obscene": 0.9897477759608154, "threat": 0.9852687935101078, "insult": 0.9852731692819064, "identity_attack": 0.9797437671901339}}, "secondary_neutral": {"precision": 0.7034, "recall": 0.6043, "f_beta": 0.6218, "specificity": 0.9825, "fpr": 0.0226, "tpr": 0.6043, "confusion_matrix": {"tp": 3410, "fp": 1438, "tn": 62109, "fn": 2233}, "auc": 0.9713088468922951, "class_auc": {"toxicity": 0.980307919469018, "severe_toxicity": 0.953878369632227, "obscene": 0.9946547905338456, "threat": 0.9431841876629018, "insult": 0.9780788155462238, "identity_attack": 0.977748998509555}}, "secondary_positive": {"topic_4": {"precision": 1.0, "recall": 0.7524, "f_beta": 0.7916, "specificity": 0, "fpr": 0, "tpr": 0.7524, "confusion_matrix": {"tp": 79, "fp": 0, "tn": 0, "fn": 26}}, "topic_6": {"precision": 1.0, "recall": 0.8651, "f_beta": 0.8891, "specificity": 0, "fpr": 0, "tpr": 0.8651, "confusion_matrix": {"tp": 218, "fp": 0, "tn": 0, "fn": 34}}, "topic_7": {"precision": 1.0, "recall": 0.3171, "f_beta": 0.3672, "specificity": 0, "fpr": 0, "tpr": 0.3171, "confusion_matrix": {"tp": 13, "fp": 0, "tn": 0, "fn": 28}}, "topic_10": {"precision": 1.0, "recall": 0.44, "f_beta": 0.4955, "specificity": 0, "fpr": 0, "tpr": 0.44, "confusion_matrix": {"tp": 11, "fp": 0, "tn": 0, "fn": 14}}, "mean": {"precision": 1.0, "recall": 0.59365, "f_beta": 0.6358499999999999, "specificity": 0.0}}}