{
    "jigsaw": {
        "precision": 1.0,
        "recall": 0.013,
        "f1": 0.0256,
        "auc": 0.98522620033882,
        "class_auc": {
            "toxicity": 0.9823492649874472,
            "severe_toxicity": 0.9889744311025093,
            "obscene": 0.9897477759608154,
            "threat": 0.9852687935101078,
            "insult": 0.9852731692819064,
            "identity_attack": 0.9797437671901339
        }
    },
    "secondary_neutral": {
        "precision": 0.8718,
        "recall": 0.006,
        "f1": 0.012,
        "auc": 0.9713088468922951,
        "class_auc": {
            "toxicity": 0.980307919469018,
            "severe_toxicity": 0.953878369632227,
            "obscene": 0.9946547905338456,
            "threat": 0.9431841876629018,
            "insult": 0.9780788155462238,
            "identity_attack": 0.977748998509555
        }
    },
    "secondary_positive": {
        "topic_4": {
            "precision": 0,
            "recall": 0.0,
            "f1": 0,
            "fpr": 0,
            "tpr": 0.0,
            "confusion_matrix": {
                "tp": 0,
                "fp": 0,
                "tn": 0,
                "fn": 105
            }
        },
        "topic_6": {
            "precision": 1.0,
            "recall": 0.0317,
            "f1": 0.0615,
            "fpr": 0,
            "tpr": 0.0317,
            "confusion_matrix": {
                "tp": 8,
                "fp": 0,
                "tn": 0,
                "fn": 244
            }
        },
        "topic_7": {
            "precision": 0,
            "recall": 0.0,
            "f1": 0,
            "fpr": 0,
            "tpr": 0.0,
            "confusion_matrix": {
                "tp": 0,
                "fp": 0,
                "tn": 0,
                "fn": 41
            }
        },
        "topic_10": {
            "precision": 0,
            "recall": 0.0,
            "f1": 0,
            "fpr": 0,
            "tpr": 0.0,
            "confusion_matrix": {
                "tp": 0,
                "fp": 0,
                "tn": 0,
                "fn": 25
            }
        },
        "mean": {
            "precision": 0.25,
            "recall": 0.007925,
            "f1": 0.015375
        }
    }
}