{"jigsaw": {"precision": 0.9051, "recall": 0.5849, "f1": 0.7106, "auc": 0.9738779522593516, "class_auc": {"toxicity": 0.9768783102197282, "severe_toxicity": 0.9857606566599993, "obscene": 0.9865260131640488, "threat": 0.9479656711006024, "insult": 0.9802731639111538, "identity_attack": 0.9658638985005766}}, "secondary_neutral": {"precision": 0.4562, "recall": 0.3925, "f1": 0.422, "auc": 0.9240432304170673, "class_auc": {"toxicity": 0.9069680179366408, "severe_toxicity": 0.9437237186059096, "obscene": 0.9468629378442637, "threat": 0.8462923544743701, "insult": 0.9416519184193094, "identity_attack": 0.9587604352219099}}, "secondary_positive": {"precision": 1.0, "recall": 0.8016, "f1": 0.8899, "fpr": 0, "tpr": 0.8016, "confusion_matrix": {"tp": 202, "fp": 0, "tn": 0, "fn": 50}}}