{"num_epochs": 1, "loss": [[0, 0.7930790781974792], [100, 0.19821041822433472], [200, 0.07792162895202637], [300, 0.18341080844402313], [400, 0.09077948331832886], [500, 0.09723567217588425], [600, 0.30722761154174805], [700, 0.03144943341612816], [800, 0.12770023941993713], [900, 0.015507593750953674], [1000, 0.1177668422460556], [1100, 0.10838842391967773], [1200, 0.06228848919272423], [1300, 0.19223332405090332], [1400, 0.045335553586483], [1500, 0.05912815034389496], [1600, 0.09550982713699341], [1700, 0.07311064004898071], [1800, 0.09829586744308472], [1900, 0.09282949566841125], [2000, 0.03275313973426819], [2100, 0.09000634402036667], [2200, 0.04841267317533493], [2300, 0.028468599542975426], [2400, 0.04828929901123047], [2500, 0.017312612384557724], [2600, 0.03763744980096817], [2700, 0.058894407004117966], [2800, 0.06615862250328064], [2900, 0.019299739971756935], [3000, 0.1445339322090149], [3100, 0.06442439556121826], [3200, 0.0077570341527462006], [3300, 0.026600895449519157], [3400, 0.07794596254825592], [3500, 0.05534641444683075], [3600, 0.10927286744117737], [3700, 0.08681607246398926], [3800, 0.07839254289865494], [3900, 0.012972520664334297], [4000, 0.25655776262283325], [4100, 0.08809486031532288], [4200, 0.03467122092843056], [4300, 0.07139929383993149], [4400, 0.07039928436279297], [4500, 0.1941009759902954], [4600, 0.31672072410583496], [4700, 0.021779339760541916], [4800, 0.03576144576072693], [4900, 0.028463421389460564], [5000, 0.10677745938301086], [5100, 0.05969063565135002], [5200, 0.008352137170732021], [5300, 0.024046985432505608], [5400, 0.10174708068370819], [5500, 0.12924015522003174], [5600, 0.12751127779483795], [5700, 0.07634355127811432], [5800, 0.08734040707349777], [5900, 0.1102653294801712], [6000, 0.035613637417554855], [6100, 0.09350111335515976], [6200, 0.054922670125961304], [6300, 0.05735628306865692], [6400, 0.022250831127166748], [6500, 0.02074352651834488], [6600, 0.07381396740674973], [6700, 0.020309995859861374], [6800, 0.03703184425830841], [6900, 0.06267696619033813], [7000, 0.16253167390823364], [7100, 0.008734315633773804], [7200, 0.04355372488498688], [7300, 0.015829112380743027], [7400, 0.0010847724042832851], [7500, 0.038875333964824677], [7600, 0.1713292896747589], [7700, 0.12763170897960663], [7800, 0.08290239423513412], [7900, 0.02075122483074665], [8000, 0.052245449274778366], [8100, 0.045745640993118286], [8200, 0.10002407431602478], [8300, 0.07312732934951782], [8400, 0.03344440460205078], [8500, 0.01361862849444151], [8600, 0.06591424345970154], [8700, 0.1331430971622467], [8800, 0.06108216196298599], [8900, 0.1032256931066513], [9000, 0.03456463664770126], [9100, 0.029696330428123474], [9200, 0.027751639485359192], [9300, 0.04647213965654373], [9400, 0.14249208569526672], [9500, 0.07653077691793442], [9600, 0.08889331668615341], [9700, 0.0459974966943264], [9800, 0.031049614772200584], [9900, 0.051153115928173065], [10000, 0.007056965958327055], [10100, 0.02219853177666664], [10200, 0.12299203872680664], [10300, 0.03313695266842842], [10400, 0.03249742090702057], [10500, 0.009115517139434814], [10600, 0.07714741677045822], [10700, 0.0883144736289978], [10800, 0.12065836787223816], [10900, 0.03278457373380661], [11000, 0.06068386137485504], [11100, 0.05440869927406311], [11200, 0.028154894709587097], [11300, 0.10728774964809418], [11400, 0.13223877549171448], [11500, 0.12363260239362717], [11600, 0.0873832106590271], [11700, 0.09620331227779388]], "acc": [[0, 0.3125], [100, 0.875], [200, 0.875], [300, 0.6875], [400, 0.875], [500, 0.875], [600, 0.8125], [700, 0.9375], [800, 0.875], [900, 1.0], [1000, 0.75], [1100, 0.875], [1200, 0.875], [1300, 0.875], [1400, 0.9375], [1500, 0.875], [1600, 0.8125], [1700, 0.9375], [1800, 0.875], [1900, 0.8125], [2000, 0.9375], [2100, 0.875], [2200, 0.9375], [2300, 0.9375], [2400, 0.9375], [2500, 1.0], [2600, 0.9375], [2700, 1.0], [2800, 0.9375], [2900, 1.0], [3000, 0.75], [3100, 0.9375], [3200, 1.0], [3300, 1.0], [3400, 0.8125], [3500, 0.875], [3600, 0.8125], [3700, 0.8125], [3800, 0.8125], [3900, 1.0], [4000, 0.6875], [4100, 0.8125], [4200, 0.9375], [4300, 0.875], [4400, 0.875], [4500, 0.875], [4600, 0.8125], [4700, 1.0], [4800, 0.9375], [4900, 0.9375], [5000, 0.9375], [5100, 0.875], [5200, 1.0], [5300, 0.9375], [5400, 0.875], [5500, 0.8125], [5600, 0.875], [5700, 0.875], [5800, 0.8125], [5900, 0.9375], [6000, 1.0], [6100, 0.875], [6200, 0.9375], [6300, 0.9375], [6400, 1.0], [6500, 0.9375], [6600, 0.875], [6700, 0.9375], [6800, 0.9375], [6900, 0.9375], [7000, 0.875], [7100, 1.0], [7200, 0.875], [7300, 1.0], [7400, 1.0], [7500, 0.9375], [7600, 0.8125], [7700, 0.9375], [7800, 0.9375], [7900, 0.9375], [8000, 0.9375], [8100, 0.875], [8200, 0.875], [8300, 0.875], [8400, 0.9375], [8500, 1.0], [8600, 0.875], [8700, 0.9375], [8800, 0.9375], [8900, 0.875], [9000, 0.9375], [9100, 0.875], [9200, 0.9375], [9300, 0.875], [9400, 0.875], [9500, 0.875], [9600, 0.875], [9700, 0.9375], [9800, 0.875], [9900, 0.9375], [10000, 1.0], [10100, 0.875], [10200, 0.875], [10300, 0.9375], [10400, 0.875], [10500, 1.0], [10600, 0.875], [10700, 0.9375], [10800, 0.875], [10900, 0.9375], [11000, 0.875], [11100, 0.9375], [11200, 0.9375], [11300, 0.875], [11400, 0.8125], [11500, 0.8125], [11600, 0.8125], [11700, 0.875]], "acc_flag": [[0, 0.3125], [100, 0.875], [200, 0.875], [300, 0.75], [400, 1.0], [500, 0.875], [600, 0.875], [700, 0.9375], [800, 0.875], [900, 1.0], [1000, 0.8125], [1100, 0.875], [1200, 0.875], [1300, 0.9375], [1400, 0.9375], [1500, 0.9375], [1600, 0.9375], [1700, 0.9375], [1800, 0.875], [1900, 0.8125], [2000, 0.9375], [2100, 0.9375], [2200, 1.0], [2300, 1.0], [2400, 1.0], [2500, 1.0], [2600, 0.9375], [2700, 1.0], [2800, 0.9375], [2900, 1.0], [3000, 0.875], [3100, 0.9375], [3200, 1.0], [3300, 1.0], [3400, 0.875], [3500, 0.9375], [3600, 0.9375], [3700, 0.875], [3800, 0.9375], [3900, 1.0], [4000, 0.75], [4100, 0.9375], [4200, 1.0], [4300, 0.875], [4400, 0.9375], [4500, 0.875], [4600, 0.875], [4700, 1.0], [4800, 1.0], [4900, 1.0], [5000, 0.9375], [5100, 1.0], [5200, 1.0], [5300, 0.9375], [5400, 0.875], [5500, 0.8125], [5600, 0.9375], [5700, 0.9375], [5800, 0.875], [5900, 0.9375], [6000, 1.0], [6100, 0.875], [6200, 0.9375], [6300, 1.0], [6400, 1.0], [6500, 0.9375], [6600, 0.9375], [6700, 1.0], [6800, 1.0], [6900, 0.9375], [7000, 0.875], [7100, 1.0], [7200, 0.9375], [7300, 1.0], [7400, 1.0], [7500, 0.9375], [7600, 0.8125], [7700, 0.9375], [7800, 0.9375], [7900, 0.9375], [8000, 1.0], [8100, 0.875], [8200, 1.0], [8300, 0.9375], [8400, 0.9375], [8500, 1.0], [8600, 0.9375], [8700, 0.9375], [8800, 0.9375], [8900, 0.9375], [9000, 0.9375], [9100, 0.9375], [9200, 1.0], [9300, 0.875], [9400, 0.875], [9500, 0.875], [9600, 0.875], [9700, 0.9375], [9800, 0.875], [9900, 0.9375], [10000, 1.0], [10100, 0.875], [10200, 0.9375], [10300, 0.9375], [10400, 0.875], [10500, 1.0], [10600, 0.9375], [10700, 0.9375], [10800, 0.9375], [10900, 0.9375], [11000, 0.9375], [11100, 0.9375], [11200, 1.0], [11300, 0.9375], [11400, 0.9375], [11500, 0.875], [11600, 0.9375], [11700, 0.9375]], "auc": [], "f1": [], "precision": [], "recall": [], "epoch_batch_count": [11736]}