{"num_epochs": 1, "loss": [[0, 0.791284441947937], [10, 0.384624719619751], [20, 0.07998120784759521], [30, 0.21858249604701996], [40, 0.060884080827236176], [50, 0.21825072169303894], [60, 0.3358379006385803], [70, 0.08231600373983383], [80, 0.06802250444889069], [90, 0.22448188066482544], [100, 0.06810121238231659], [110, 0.072268545627594], [120, 0.02138097584247589], [130, 0.11828725039958954], [140, 0.019193440675735474], [150, 0.07571551203727722], [160, 0.0510287843644619], [170, 0.16588623821735382], [180, 0.0583459846675396], [190, 0.07302851229906082], [200, 0.10316555202007294], [210, 0.13643796741962433], [220, 0.08508491516113281], [230, 0.2872046232223511], [240, 0.062337107956409454], [250, 0.10781054943799973], [260, 0.03367007523775101], [270, 0.08109885454177856], [280, 0.02167521044611931], [290, 0.05807214602828026], [300, 0.07082735002040863], [310, 0.08166085928678513], [320, 0.027767334133386612], [330, 0.08870919793844223], [340, 0.05439096689224243], [350, 0.07519610226154327], [360, 0.016608847305178642], [370, 0.032916054129600525], [380, 0.005999457091093063], [390, 0.0625310093164444], [400, 0.050703536719083786], [410, 0.03841251879930496], [420, 0.013015104457736015], [430, 0.09544573724269867], [440, 0.03180992230772972], [450, 0.009758418425917625], [460, 0.005031407345086336], [470, 0.049321457743644714], [480, 0.016262300312519073], [490, 0.027688605710864067], [500, 0.014346711337566376], [510, 0.018622273579239845], [520, 0.05945117771625519], [530, 0.005769616924226284], [540, 0.005205522757023573], [550, 0.03396790474653244], [560, 0.06881387531757355], [570, 0.010402381420135498], [580, 0.01123720034956932], [590, 0.0696415975689888], [600, 0.016647879034280777], [610, 0.02438141219317913], [620, 0.07317355275154114], [630, 0.021636079996824265], [640, 0.0034119482152163982], [650, 0.024074960500001907], [660, 0.01028425246477127], [670, 0.17711028456687927], [680, 0.09882264584302902], [690, 0.005323044024407864], [700, 0.04773817956447601], [710, 0.04482411593198776], [720, 0.06434297561645508], [730, 0.12942054867744446], [740, 0.0871540755033493], [750, 0.005345535464584827], [760, 0.006901267915964127], [770, 0.004094540607184172], [780, 0.00357859767973423], [790, 0.060760241001844406], [800, 0.32211124897003174], [810, 0.08180519193410873], [820, 0.1567082405090332], [830, 0.15215632319450378], [840, 0.031824056059122086], [850, 0.05121905729174614], [860, 0.0816347673535347], [870, 0.14066550135612488], [880, 0.07682707905769348], [890, 0.027632877230644226], [900, 0.1005040630698204], [910, 0.02213388681411743], [920, 0.018078764900565147], [930, 0.024777304381132126], [940, 0.05192097648978233], [950, 0.16142721474170685], [960, 0.042564015835523605], [970, 0.05878239497542381], [980, 0.02525199018418789], [990, 0.021378301084041595], [1000, 0.1399298906326294], [1010, 0.0025802094023674726], [1020, 0.0999198779463768], [1030, 0.010109000839293003], [1040, 0.01680866628885269], [1050, 0.12241557240486145], [1060, 0.03783334046602249], [1070, 0.02176646888256073], [1080, 0.11170651763677597], [1090, 0.04159269481897354], [1100, 0.0661514550447464], [1110, 0.009570354595780373], [1120, 0.15847435593605042], [1130, 0.04081275314092636], [1140, 0.10853224247694016], [1150, 0.03879404813051224], [1160, 0.0630456954240799], [1170, 0.02832917869091034], [1180, 0.08414878696203232], [1190, 0.02542770281434059], [1200, 0.00643926952034235], [1210, 0.10499335825443268], [1220, 0.04532657191157341], [1230, 0.015912480652332306], [1240, 0.03722323477268219], [1250, 0.021999334916472435], [1260, 0.13183343410491943], [1270, 0.1522628664970398], [1280, 0.032790131866931915], [1290, 0.019964203238487244], [1300, 0.021595489233732224], [1310, 0.001649120356887579], [1320, 0.07786214351654053], [1330, 0.0021327731665223837], [1340, 0.02701043151319027], [1350, 0.03992605209350586], [1360, 0.009822826832532883], [1370, 0.00679459422826767], [1380, 0.005393960978835821], [1390, 0.08135709911584854], [1400, 0.09171538054943085], [1410, 0.0034174020402133465], [1420, 0.004031322430819273], [1430, 0.26262736320495605], [1440, 0.07548719644546509], [1450, 0.09094905108213425], [1460, 0.02457323670387268], [1470, 0.021735532209277153], [1480, 0.0031603253446519375], [1490, 0.028769029304385185], [1500, 0.06155909225344658], [1510, 0.0137966712936759], [1520, 0.025241238996386528], [1530, 0.052200715988874435], [1540, 0.007511398755013943], [1550, 0.03371501713991165], [1560, 0.043527405709028244], [1570, 0.0050761280581355095], [1580, 0.026666998863220215], [1590, 0.002134069101884961], [1600, 0.060307592153549194], [1610, 0.01165009569376707], [1620, 0.028118839487433434], [1630, 0.00231355894356966], [1640, 0.22026267647743225], [1650, 0.04872140288352966], [1660, 0.019030023366212845], [1670, 0.10056495666503906], [1680, 0.010996269062161446], [1690, 0.0014977918472141027], [1700, 0.009641929529607296], [1710, 0.08174070715904236], [1720, 0.0013316285330802202], [1730, 0.026439165696501732], [1740, 0.0043349131010472775], [1750, 0.10765723884105682], [1760, 0.10453870892524719], [1770, 0.03499115630984306], [1780, 0.021434951573610306], [1790, 0.07228885591030121], [1800, 0.002051221439614892], [1810, 0.0023723735939711332], [1820, 0.044518228620290756], [1830, 0.028200894594192505], [1840, 0.0028625938575714827], [1850, 0.002308064606040716], [1860, 0.05246629938483238], [1870, 0.018238920718431473], [1880, 0.16324880719184875], [1890, 0.012961085885763168], [1900, 0.19247862696647644], [1910, 0.0015360675752162933], [1920, 0.021421043202280998], [1930, 0.05774715170264244], [1940, 0.028928501531481743], [1950, 0.02215070091187954], [1960, 0.023686308413743973], [1970, 0.003103032475337386], [1980, 0.010673092678189278], [1990, 0.07346232235431671], [2000, 0.01798904500901699], [2010, 0.09516548365354538], [2020, 0.02333506941795349], [2030, 0.14769943058490753], [2040, 0.08497315645217896], [2050, 0.03231620788574219], [2060, 0.05529502034187317], [2070, 0.001056175446137786], [2080, 0.06827494502067566], [2090, 0.07089920341968536], [2100, 0.012992477044463158], [2110, 0.016059499233961105], [2120, 0.011378726921975613], [2130, 0.01721930503845215], [2140, 0.005449842195957899], [2150, 0.05620139092206955], [2160, 0.04429703950881958], [2170, 0.05100753903388977], [2180, 0.03256029635667801], [2190, 0.0010583653347566724], [2200, 0.07452002912759781], [2210, 0.013116094283759594], [2220, 0.0249117910861969], [2230, 0.021143455058336258], [2240, 0.04252694174647331], [2250, 0.012272598221898079], [2260, 0.013802553527057171], [2270, 0.018577225506305695], [2280, 0.037596095353364944], [2290, 0.08715059608221054], [2300, 0.11567620933055878], [2310, 0.013468238525092602], [2320, 0.07167966663837433], [2330, 0.07146801054477692], [2340, 0.06397197395563126]],