{"jigsaw": {"precision": 0.8804, "recall": 0.6856, "f1": 0.7709, "auc": 0.9834011696054018, "class_auc": {"toxicity": 0.9814744416079034, "severe_toxicity": 0.9892702063772519, "obscene": 0.9888335421023784, "threat": 0.9731398864175596, "insult": 0.9847910616135211, "identity_attack": 0.9828978795137965}}, "secondary_neutral": {"precision": 0.5485, "recall": 0.5501, "f1": 0.5493, "auc": 0.9505863973086791, "class_auc": {"toxicity": 0.9599436468646835, "severe_toxicity": 0.9394050800765796, "obscene": 0.991939680071944, "threat": 0.8698156563968901, "insult": 0.9584423469519474, "identity_attack": 0.9839719734900307}}, "secondary_positive": {"precision": 1.0, "recall": 0.9325, "f1": 0.9651}}