{"num_epochs": 1, "loss": [[0, 0.8081797957420349], [10, 0.36923646926879883], [20, 0.35981959104537964], [30, 0.3134470582008362], [40, 0.25608763098716736], [50, 0.21312737464904785], [60, 0.10915124416351318], [70, 0.15974977612495422], [80, 0.1608356237411499], [90, 0.03883662447333336], [100, 0.10641428828239441], [110, 0.08032321184873581], [120, 0.04479290172457695], [130, 0.10541039705276489], [140, 0.02554730698466301], [150, 0.19615773856639862], [160, 0.13554587960243225], [170, 0.06681367754936218], [180, 0.0906607061624527], [190, 0.1862533539533615], [200, 0.028956403955817223], [210, 0.20824217796325684], [220, 0.19987265765666962], [230, 0.03277018666267395], [240, 0.11486293375492096], [250, 0.0747901126742363], [260, 0.10524527728557587], [270, 0.06084023043513298], [280, 0.12604264914989471], [290, 0.05949019640684128], [300, 0.030206872150301933], [310, 0.07771754264831543], [320, 0.19799360632896423], [330, 0.03876469284296036], [340, 0.14796043932437897], [350, 0.13352954387664795], [360, 0.16629081964492798], [370, 0.0627121850848198], [380, 0.06737777590751648], [390, 0.0238243006169796], [400, 0.14572614431381226], [410, 0.5040817260742188], [420, 0.1346338987350464], [430, 0.05913394317030907], [440, 0.2813259959220886], [450, 0.13748417794704437], [460, 0.1166032999753952], [470, 0.11114513874053955], [480, 0.26416829228401184], [490, 0.05827703699469566], [500, 0.044521577656269073], [510, 0.08821796625852585], [520, 0.07482486218214035], [530, 0.03145436570048332], [540, 0.013987204059958458], [550, 0.1385628879070282], [560, 0.10613833367824554], [570, 0.15147839486598969], [580, 0.11426117271184921], [590, 0.030649270862340927], [600, 0.08881141990423203], [610, 0.08341504633426666], [620, 0.017277397215366364], [630, 0.0423196479678154], [640, 0.041442498564720154], [650, 0.08332668989896774], [660, 0.07752114534378052], [670, 0.006781895644962788], [680, 0.10436184704303741], [690, 0.21999602019786835], [700, 0.017417382448911667], [710, 0.023322327062487602], [720, 0.007185415830463171], [730, 0.03757305443286896], [740, 0.010673072189092636], [750, 0.03520908206701279], [760, 0.024106210097670555], [770, 0.020872052758932114], [780, 0.06708075106143951], [790, 0.015386003069579601], [800, 0.003397461725398898], [810, 0.08080755174160004], [820, 0.07090254873037338], [830, 0.014206803403794765], [840, 0.24249881505966187], [850, 0.15521061420440674], [860, 0.050624556839466095], [870, 0.12001341581344604], [880, 0.1557704210281372], [890, 0.07482050359249115], [900, 0.01745506003499031], [910, 0.0646914392709732], [920, 0.005083838012069464], [930, 0.005644257180392742], [940, 0.07998548448085785], [950, 0.00383412535302341], [960, 0.006427265238016844], [970, 0.036459438502788544], [980, 0.14436626434326172], [990, 0.03405389189720154], [1000, 0.12985119223594666], [1010, 0.016169441863894463], [1020, 0.16155295073986053], [1030, 0.11221732944250107], [1040, 0.11231458187103271], [1050, 0.1267397403717041], [1060, 0.08472079038619995], [1070, 0.01085301861166954], [1080, 0.02167433872818947], [1090, 0.016540110111236572], [1100, 0.002751193707808852], [1110, 0.08311407268047333], [1120, 0.13993708789348602], [1130, 0.059741489589214325], [1140, 0.12324147671461105], [1150, 0.004412302281707525], [1160, 0.01481559406965971], [1170, 0.006034497171640396], [1180, 0.008118104189634323], [1190, 0.18720202147960663], [1200, 0.03946121782064438], [1210, 0.10506626218557358], [1220, 0.0849827229976654], [1230, 0.03677918761968613], [1240, 0.13353893160820007], [1250, 0.029464419931173325], [1260, 0.03692346811294556], [1270, 0.008259091526269913], [1280, 0.09452193975448608], [1290, 0.09680314362049103], [1300, 0.04974721372127533], [1310, 0.11217307299375534], [1320, 0.016081321984529495], [1330, 0.05994867533445358], [1340, 0.042613621801137924], [1350, 0.016212044283747673], [1360, 0.08976759761571884], [1370, 0.07672852277755737], [1380, 0.05035501718521118], [1390, 0.046450600028038025], [1400, 0.08871632069349289], [1410, 0.041788168251514435], [1420, 0.0016625527059659362], [1430, 0.0015861408319324255], [1440, 0.0195296797901392], [1450, 0.0023734101559966803], [1460, 0.019440412521362305], [1470, 0.10902905464172363], [1480, 0.003795232390984893], [1490, 0.0025547256227582693], [1500, 0.22841569781303406], [1510, 0.09852518141269684], [1520, 0.023496806621551514], [1530, 0.010429523885250092], [1540, 0.013896024785935879], [1550, 0.0014566616155207157], [1560, 0.016767552122473717], [1570, 0.003695584600791335], [1580, 0.07444511353969574], [1590, 0.04805746302008629], [1600, 0.007608567364513874], [1610, 0.0557122603058815], [1620, 0.0027529108338057995], [1630, 0.014905650168657303], [1640, 0.004871879238635302], [1650, 0.11806505918502808], [1660, 0.0014077008236199617], [1670, 0.008012082427740097], [1680, 0.0016463156789541245], [1690, 0.05894041061401367], [1700, 0.47666653990745544], [1710, 0.05709102004766464], [1720, 0.1102043017745018], [1730, 0.07800865173339844], [1740, 0.0498613566160202], [1750, 0.012125914916396141], [1760, 0.03446142375469208], [1770, 0.07283235341310501], [1780, 0.06380715221166611], [1790, 0.005083194933831692], [1800, 0.30408674478530884], [1810, 0.03195235878229141], [1820, 0.051675137132406235], [1830, 0.06169883906841278], [1840, 0.12795741856098175], [1850, 0.021113652735948563], [1860, 0.013532236218452454], [1870, 0.02230660989880562], [1880, 0.008431944996118546], [1890, 0.06958083063364029], [1900, 0.030826963484287262], [1910, 0.03772138059139252], [1920, 0.10474815219640732], [1930, 0.005570857785642147], [1940, 0.0038498861249536276], [1950, 0.035691652446985245], [1960, 0.1515560746192932], [1970, 0.07583175599575043], [1980, 0.002452826127409935], [1990, 0.017529750242829323], [2000, 0.03999631851911545], [2010, 0.05099308490753174], [2020, 0.00693502789363265], [2030, 0.003962752874940634], [2040, 0.0015192762948572636], [2050, 0.011241926811635494], [2060, 0.05737791582942009], [2070, 0.0359426848590374], [2080, 0.06463688611984253], [2090, 0.0027019530534744263], [2100, 0.017956264317035675], [2110, 0.007450420409440994], [2120, 0.0029134517535567284], [2130, 0.12303616851568222], [2140, 0.12382279336452484], [2150, 0.03028244338929653], [2160, 0.019533131271600723], [2170, 0.0026814290322363377], [2180, 0.012220799922943115], [2190, 0.0017822121735662222], [2200, 0.04914972186088562], [2210, 0.006154620088636875], [2220, 0.01283755712211132], [2230, 0.1447119563817978], [2240, 0.031310196965932846], [2250, 0.009696932509541512], [2260, 0.011649515479803085], [2270, 0.10320716351270676], [2280, 0.06951967626810074], [2290, 0.036881960928440094], [2300, 0.036427512764930725], [2310, 0.04038805887103081], [2320, 0.0024672525469213724], [2330, 0.0266097541898489], [2340, 0.01932556927204132], [2350, 0.002920508151873946], [2360, 0.0040736570954322815], [2370, 0.14316526055335999], [2380, 0.007508676499128342], [2390, 0.006189384963363409], [2400, 0.0020483264233917], [2410, 0.1888100951910019], [2420, 0.006172583904117346], [2430, 0.0412372350692749], [2440, 0.044445376843214035], [2450, 0.17555402219295502], [2460, 0.003979139495640993], [2470, 0.02479264698922634], [2480, 0.037423025816679], [2490, 0.14508458971977234], [2500, 0.004033172503113747], [2510, 0.01581791788339615]],