{"jigsaw": {"precision": 0.9957, "recall": 0.2051, "f1": 0.3401, "auc": 0.9876430497054414, "class_auc": {"toxicity": 0.9845859676953991, "severe_toxicity": 0.9910442098695176, "obscene": 0.9910363738941436, "threat": 0.9838382283844174, "insult": 0.9863312488478703, "identity_attack": 0.9890222695413007}}, "secondary_neutral": {"precision": 0.9791, "recall": 0.3488, "f1": 0.5143, "auc": 0.9941909377091894, "class_auc": {"toxicity": 0.9906045608269639, "severe_toxicity": 0.994564142634582, "obscene": 0.9988338740200081, "threat": 0.9909712847245428, "insult": 0.9951859780506328, "identity_attack": 0.9949857859984066}}, "secondary_positive": {"precision": 1.0, "recall": 0.4008, "f1": 0.5722, "fpr": 0, "tpr": 0.4008, "confusion_matrix": {"tp": 101, "fp": 0, "tn": 0, "fn": 151}}}