{"jigsaw": {"precision": 0.996, "recall": 0.1115, "f1": 0.2006, "auc": 0.9839127040522192, "class_auc": {"toxicity": 0.9823584767231331, "severe_toxicity": 0.9890666853335649, "obscene": 0.989795052368862, "threat": 0.9759182374318383, "insult": 0.9852970484740162, "identity_attack": 0.9810407239819005}}, "secondary_neutral": {"precision": 0.9866, "recall": 0.0914, "f1": 0.1674, "auc": 0.97176548769102, "class_auc": {"toxicity": 0.9805807007074306, "severe_toxicity": 0.9653254860053782, "obscene": 0.9959636563890174, "threat": 0.9275514045757313, "insult": 0.9808822227895265, "identity_attack": 0.9802894556790358}}, "secondary_positive": {"topic_4": {"precision": 0, "recall": 0.0, "f1": 0, "fpr": 0, "tpr": 0.0, "confusion_matrix": {"tp": 0, "fp": 0, "tn": 0, "fn": 105}}, "topic_6": {"precision": 1.0, "recall": 0.0357, "f1": 0.069, "fpr": 0, "tpr": 0.0357, "confusion_matrix": {"tp": 9, "fp": 0, "tn": 0, "fn": 243}}, "topic_7": {"precision": 0, "recall": 0.0, "f1": 0, "fpr": 0, "tpr": 0.0, "confusion_matrix": {"tp": 0, "fp": 0, "tn": 0, "fn": 41}}, "topic_10": {"precision": 0, "recall": 0.0, "f1": 0, "fpr": 0, "tpr": 0.0, "confusion_matrix": {"tp": 0, "fp": 0, "tn": 0, "fn": 25}}, "mean": {"precision": 0.25, "recall": 0.008925, "f1": 0.01725}}}